age,income,loan_amount,credit_history_length,utilization_rate,time_period,default
32,46281.22021678009,24217.23635362539,5,0.5498091164265434,Q4_OOT,0
38,201117.4302616396,8148.899632388911,9,0.0391847420587114,Q4_OOT,0
36,113496.94021952,7849.996538751828,11,0.23204490677850262,Q4_OOT,0
28,120018.19742524083,7722.472889249037,5,0.4584053206820031,Q4_OOT,0
53,26396.822623601736,10843.264623439492,9,0.46180861387482375,Q4_OOT,0
47,54329.05221430165,44629.43086008165,7,0.08170305559430988,Q4_OOT,0
55,45008.943452304324,21349.16424845103,13,0.19506017448785537,Q4_OOT,0
61,34517.99414349008,21546.976483320144,3,0.35519537670369933,Q4_OOT,0
61,171272.14450413134,9940.91111159394,10,0.31282881886299635,Q4_OOT,0
68,121439.0908245164,14085.015047049159,10,0.5382386587777026,Q4_OOT,0
21,24799.952312471403,38097.08477242049,0,0.20971055335426753,Q4_OOT,0
67,50049.60636283268,22117.87523629621,14,0.23825217173835994,Q4_OOT,0
19,125516.05551887801,24799.263403800305,13,0.01645396993015223,Q4_OOT,0
61,86953.37637575479,8383.030620294854,7,0.046664116054641984,Q4_OOT,0
31,86796.73631867125,30764.77908736042,8,0.10952760453246863,Q4_OOT,0
57,58057.778179469286,30478.438245260804,1,0.15598668322895048,Q4_OOT,0
61,26550.4375383786,22504.22691925385,8,0.09260339697443408,Q4_OOT,0
31,45603.69075894233,57339.237718817625,0,0.32128689351707307,Q4_OOT,0
41,38113.16053226065,6221.269058988408,8,0.18337831791054415,Q4_OOT,0
18,35409.71726008343,19817.312153050592,13,0.09251494871305392,Q4_OOT,0
61,26927.53734481505,42159.42818957416,6,0.5390712833194715,Q4_OOT,0
41,28342.55063135289,11739.08565846251,8,0.08532312310343611,Q4_OOT,0
59,51547.66078227436,11185.090163896777,3,0.5040041473029612,Q4_OOT,0
58,98319.9397385768,7750.647729666467,10,0.21045769935994457,Q4_OOT,0
51,195435.57242765927,7382.173146185491,13,0.23718293863475604,Q4_OOT,0
54,48289.062645227874,24745.24391852112,12,0.26293918707290564,Q4_OOT,0
18,22957.530127446742,62676.8340008382,14,0.17180978627630153,Q4_OOT,0
68,39535.7727010364,34373.40780155735,6,0.38307425683735546,Q4_OOT,0
66,24933.80064109408,8598.387364083312,14,0.2162357935366815,Q4_OOT,0
69,68520.72885500352,34881.46503600107,2,0.22278342533032952,Q4_OOT,0
39,45811.21920639774,14237.119862682684,3,0.12293443917441925,Q4_OOT,0
45,23703.92484177808,8037.153374605146,1,0.3413445892776562,Q4_OOT,0
61,122947.90887029534,8703.391074389836,14,0.2569687092288399,Q4_OOT,0
28,51229.48090607198,22064.931120781566,12,0.1072292571111614,Q4_OOT,0
44,39597.16607188982,12906.685687172718,11,0.49324231955028763,Q4_OOT,0
59,74751.87904838216,32806.67197740967,11,0.18316985876362893,Q4_OOT,0
66,86130.00098549655,34161.35123328949,3,0.27484775200046047,Q4_OOT,0
66,47038.661910840645,5223.709495072857,11,0.2208448809473003,Q4_OOT,0
36,73871.46000147937,6265.376029862217,0,0.3477674654422713,Q4_OOT,0
19,59662.81449326227,20688.35813674749,5,0.07665798110021942,Q4_OOT,0
34,25033.459424722096,39620.08331971118,4,0.2964563684781923,Q4_OOT,0
51,138702.1168744576,40398.76927226988,3,0.1320191993923995,Q4_OOT,0
23,23730.221554608037,12051.185709591118,12,0.1384568262253639,Q4_OOT,0
33,74978.36644913004,14793.070593579723,8,0.10664815052095021,Q4_OOT,0
50,33308.47124964564,7077.882896551124,6,0.03974895303364812,Q4_OOT,0
26,53632.35863029558,8037.705578914903,5,0.09925245606309374,Q4_OOT,0
23,44786.658584042176,14829.415219343931,0,0.13811193690574242,Q4_OOT,0
37,36091.18450239955,14886.422540990787,3,0.24639768484146188,Q4_OOT,0
43,100888.06348537879,23043.271466824383,14,0.21721869260529608,Q4_OOT,0
20,72423.4561180035,8028.477026214461,8,0.1605582562657279,Q4_OOT,0
69,44357.13110510276,12678.894487330941,6,0.2618087418089466,Q4_OOT,0
50,65669.00043840992,6812.49637506977,6,0.15018394596046764,Q4_OOT,0
57,157288.36358723987,21764.283124546688,3,0.22749750917423128,Q4_OOT,0
35,28243.293567371496,16150.858623244218,10,0.42407388112394845,Q4_OOT,0
18,24106.566856355348,16389.961023664284,6,0.049156454000683525,Q4_OOT,0
54,36319.92925574146,5827.608480392682,7,0.29493335096209394,Q4_OOT,0
52,112478.41642237605,19699.31711667569,13,0.46567423474586706,Q4_OOT,0
25,116657.52391408797,41170.000822231996,9,0.15688832345640513,Q4_OOT,0
19,48554.52464991107,10163.577760057604,11,0.20358389787416614,Q4_OOT,0
33,154253.06898841422,24326.376583641537,8,0.38109650805871914,Q4_OOT,0
53,119133.60934006349,37102.845731707326,7,0.05979736253938094,Q4_OOT,0
38,60887.1786676286,7806.735056133035,4,0.07694912345838202,Q4_OOT,0
29,26851.454464679588,10317.385143391239,7,0.21007293631143253,Q4_OOT,0
39,129333.18133908378,19371.63377326954,4,0.3099133617159907,Q4_OOT,0
44,61036.09247303195,17143.430369946673,1,0.2178205051460663,Q4_OOT,0
45,44728.811104219574,23684.12029209,3,0.06769988038295816,Q4_OOT,0
21,31283.451715823812,10334.481907850299,4,0.2455688952702556,Q4_OOT,0
66,87890.52353944012,27964.627948093872,13,0.15794884547193566,Q4_OOT,0
54,95365.07681364317,68557.322580376,12,0.33961556700478657,Q4_OOT,0
46,57228.74737739449,11076.089562533005,12,0.19160928272034852,Q4_OOT,0
50,21047.973291912862,22693.755326087266,12,0.21964478151776337,Q4_OOT,0
38,55399.38512508347,7406.624500669082,8,0.1813517384614184,Q4_OOT,0
20,39819.8136172542,29256.467948592206,13,0.11254574418994019,Q4_OOT,0
59,61005.297387508035,10723.210486298149,7,0.20948991153333085,Q4_OOT,0
20,185900.54103316113,30334.75688586947,2,0.599114418763268,Q4_OOT,0
41,86241.162569675,17199.87358840557,6,0.5244403193763748,Q4_OOT,0
43,24978.360442977515,36397.21229434649,14,0.3766477849913375,Q4_OOT,0
34,39400.0447728016,61794.734552936745,9,0.21906879215794683,Q4_OOT,0
26,103527.9733454657,9586.966618860402,1,0.40056078741588225,Q4_OOT,0
60,108425.6381699306,6372.184578548195,2,0.09802297326102231,Q4_OOT,0
31,64165.699618940474,13581.1199724576,8,0.23695240895486014,Q4_OOT,0
40,27836.514896503013,7301.817546437438,2,0.3472032149992657,Q4_OOT,0
32,56812.77470877869,11967.006820929037,3,0.2887235686074673,Q4_OOT,0
50,65898.0147040921,8521.30775506447,10,0.051124120358157055,Q4_OOT,0
21,43486.628866183746,13187.160060701703,7,0.21572320035308643,Q4_OOT,0
47,92423.08066406625,11154.63050885472,1,0.16148286313204444,Q4_OOT,0
30,89385.39246285526,13411.611567615533,10,0.16077499623496683,Q4_OOT,0
47,45259.25518512125,13811.752632526754,6,0.659951129914799,Q4_OOT,0
54,31177.211958557255,49583.133799673946,7,0.2049096542565279,Q4_OOT,0
40,67595.26387814686,13122.388562377037,2,0.32696455937017,Q4_OOT,0
26,32007.962148113525,33425.346385836456,13,0.23841613709606752,Q4_OOT,0
18,365863.0996901982,5824.584339171005,12,0.6614735042448443,Q4_OOT,0
65,65871.5299732156,47995.399165280665,14,0.16826332692951784,Q4_OOT,0
29,57007.566175425454,67260.71765431776,4,0.29138203041083016,Q4_OOT,0
54,97158.37703284141,40373.58536798301,2,0.37552562100516423,Q4_OOT,0
39,59128.81959800398,11461.22875228227,11,0.5678925552374391,Q4_OOT,0
31,28352.93477811981,7954.127225799332,13,0.3101580803585539,Q4_OOT,0
45,52551.42390638619,16863.457276387468,12,0.32451375055419723,Q4_OOT,0
22,58566.86516182436,46913.90522790907,4,0.260105804950838,Q4_OOT,0
66,101080.1522200992,5990.42918481905,7,0.04366722315191212,Q4_OOT,0
22,40705.8853343183,31912.059019438486,2,0.3241507764225515,Q4_OOT,0
29,61693.18108739654,25140.007426433425,14,0.25137410642335895,Q4_OOT,0
43,26236.895277067517,12235.17194666421,8,0.3945261574447828,Q4_OOT,0
43,73019.98864853551,20930.806201148123,3,0.2996339518152283,Q4_OOT,0
56,199821.2449490552,9167.727992829608,3,0.22670977297260858,Q4_OOT,0
50,27523.84679847108,11507.60400423714,9,0.17659191056760276,Q4_OOT,0
54,45537.95408087126,6922.6061464202685,0,0.2990741373626867,Q4_OOT,0
40,85450.2453240845,30582.80270107113,2,0.33094865137065566,Q4_OOT,0
22,68986.19256316092,14511.716651974823,3,0.17147590288866002,Q4_OOT,0
52,82781.08682751367,12941.472580744674,13,0.28567630928790494,Q4_OOT,0
60,122737.98514961108,7575.249247066304,7,0.18200342707339687,Q4_OOT,0
46,98228.16468050807,7655.700442970172,1,0.1625098936726336,Q4_OOT,0
63,62692.63650570177,6204.089272104456,6,0.48026969643136747,Q4_OOT,0
34,43570.8596860702,6420.069084054715,9,0.30785923465172677,Q4_OOT,0
67,39651.52905823924,24173.402354184254,2,0.07806992553561178,Q4_OOT,0
54,23356.353318852332,33479.89433934623,9,0.3381535288892686,Q4_OOT,0
26,57771.7243592251,14229.970078404227,9,0.320983540685463,Q4_OOT,0
35,108448.26399856189,15375.69054994296,10,0.23877320225137139,Q4_OOT,0
40,21591.140096733663,38798.67336208319,11,0.2284080201840408,Q4_OOT,0
36,127444.50601314148,22832.715642643005,13,0.46369372808107073,Q4_OOT,0
58,26910.869839380026,29536.63059418965,14,0.7388806705122315,Q4_OOT,0
36,70110.43241966257,11707.517770306718,13,0.6655517263622799,Q4_OOT,0
26,28768.498645919113,11160.599136439061,14,0.39260078907020796,Q4_OOT,0
69,29420.874740458195,23886.204659345847,8,0.14049806056450748,Q4_OOT,0
36,23374.877668608897,12005.317220973928,4,0.7589934272303429,Q4_OOT,0
52,41966.76652298654,8270.70165043333,4,0.1571247310640239,Q4_OOT,0
28,33501.06337301035,40545.323412786696,10,0.3335459277827169,Q4_OOT,0
64,105606.10196050619,15630.367005606407,13,0.5568335456728604,Q4_OOT,0
27,86435.99103110477,9187.072493621403,5,0.06502063741669556,Q4_OOT,0
34,113749.68412521845,13760.362409975423,10,0.5102345259172121,Q4_OOT,0
24,21841.117923473037,37715.8634145494,14,0.2836950716482715,Q4_OOT,0
63,39387.73912892319,19128.322310859243,11,0.1716058046531062,Q4_OOT,0
57,181202.2169156906,29898.252751845295,3,0.11379535570066333,Q4_OOT,0
25,127888.74132847867,15491.476588952943,14,0.24570985045809812,Q4_OOT,0
39,52272.872484018284,15840.105495078456,11,0.2927406789947604,Q4_OOT,0
34,39522.321538104385,15527.213982195466,4,0.14554986555923474,Q4_OOT,0
21,84796.55032871306,7101.058359135792,12,0.2026714472931184,Q4_OOT,0
30,61621.41443279741,5533.42315898706,8,0.3793289686417789,Q4_OOT,0
18,47048.9391653284,7411.4605739086055,1,0.3476336242417023,Q4_OOT,0
55,24584.206727755838,20614.293196277,10,0.4439110317118702,Q4_OOT,0
64,164512.75435461747,5374.886887849749,5,0.41351065736245163,Q4_OOT,0
38,213481.51429965982,17607.621387493367,14,0.04564139510950113,Q4_OOT,0
37,117001.44169126557,18679.221645148846,13,0.3108739799065974,Q4_OOT,0
58,106747.17254828429,14584.861327655031,1,0.6095492340386334,Q4_OOT,0
25,22674.7430640946,14545.232929421814,2,0.18350311782033327,Q4_OOT,0
55,41703.91573334169,26796.17816109051,12,0.08251950714939091,Q4_OOT,0
45,92669.34154801992,19030.13379063941,13,0.46477229126803943,Q4_OOT,0
25,101019.40728108078,7939.386242257627,0,0.12064625970927166,Q4_OOT,0
67,166775.17506099737,14596.09516097594,8,0.13339542873184068,Q4_OOT,0
37,77736.03879858022,6314.648442033643,10,0.5402761081385166,Q4_OOT,0
45,27937.882796854337,19420.221677481917,6,0.40169513708204013,Q4_OOT,0
46,141196.53395510314,9833.754219314325,10,0.1719122606366333,Q4_OOT,0
27,35273.39214355582,7406.093751009535,9,0.17993412115833646,Q4_OOT,0
66,104767.23845205188,26852.350550016832,4,0.42184590395114785,Q4_OOT,0
51,24327.893303669618,18513.420775685387,0,0.289516561124865,Q4_OOT,0
18,57774.475814446276,17399.71459916862,9,0.3077137861156026,Q4_OOT,0
23,80765.28659894264,15252.404504969141,8,0.2426319144187212,Q4_OOT,0
45,37770.65356546073,30124.975403632998,6,0.47317678581692685,Q4_OOT,0
54,61248.9098444144,11416.1325628459,3,0.24745600050676897,Q4_OOT,0
34,98099.75071692301,19666.403165934502,5,0.13662169128188023,Q4_OOT,0
30,62519.91029132368,7532.628657680961,0,0.2684314472719268,Q4_OOT,0
18,152499.81440651856,7073.777973694432,10,0.09963813936375766,Q4_OOT,0
57,23473.316759428973,11504.06981997157,9,0.43057809665890745,Q4_OOT,0
48,48199.12428031572,43248.52430099743,13,0.31879607721055925,Q4_OOT,0
56,42736.237367814916,27083.388749413265,12,0.4843647355319301,Q4_OOT,0
43,45285.79176861027,19708.935867307904,0,0.3541333802750546,Q4_OOT,1
20,24224.268111623816,19404.515830509365,1,0.19714988107030726,Q4_OOT,0
40,59030.108402306585,65719.18582225831,4,0.402108923864718,Q4_OOT,0
38,137355.2480250445,34927.467382743314,0,0.40547159710777886,Q4_OOT,0
31,24468.26931218966,11211.041871849076,0,0.033819524679211364,Q4_OOT,0
55,31100.734065768193,8001.748638201947,2,0.186861487901543,Q4_OOT,0
32,26310.67926275666,10342.929553068338,3,0.13389331415248273,Q4_OOT,0
68,20294.846103069227,5051.337782382069,8,0.26700772967975506,Q4_OOT,0
69,36259.679228071924,18487.951908163483,4,0.42172859415002417,Q4_OOT,0
50,34418.01084270869,24232.85250861583,6,0.18778795265425507,Q4_OOT,0
68,84817.48084067006,13914.761834907506,11,0.8110411243162121,Q4_OOT,0
34,31625.564688665178,10538.322652926552,4,0.3348949917694804,Q4_OOT,0
22,48370.23351879633,15466.44112746262,10,0.3294179584294981,Q4_OOT,0
34,86241.0762142293,6677.04590134388,13,0.3165542973027872,Q4_OOT,0
37,20501.050731169795,8028.662814722102,0,0.4632057400373373,Q4_OOT,0
22,45427.60507932408,10081.329630456163,9,0.3731256828126772,Q4_OOT,1
60,55428.07729266295,9034.572767721622,14,0.7214995620251755,Q4_OOT,0
33,110396.57666513248,17334.935585908202,4,0.09844242646956773,Q4_OOT,0
57,30822.92435893917,36967.09534970424,1,0.24959185103176473,Q4_OOT,0
21,30179.08991007108,42675.37730964758,14,0.5085797006810648,Q4_OOT,1
42,36971.20238292855,33072.15587827798,1,0.2979307172856024,Q4_OOT,0
44,59166.53975592212,20852.040781610347,11,0.12522966243248312,Q4_OOT,0
67,71343.39553383188,9883.192700086875,2,0.48443776201596717,Q4_OOT,0
36,27404.06501066194,10238.328297139748,5,0.22340514654342214,Q4_OOT,0
38,47116.41734088161,6774.6958186689635,8,0.31446811331647706,Q4_OOT,0
22,114920.17380884544,23946.372394355927,12,0.493017526564411,Q4_OOT,0
35,154637.65213443487,7962.623986364455,0,0.3155683737120491,Q4_OOT,0
39,135870.5142283822,19538.46199532231,9,0.22086421693242755,Q4_OOT,0
38,29585.064434654778,5786.086870371102,0,0.3508149828160632,Q4_OOT,0
58,98071.88299169355,18152.374750385694,10,0.44364761913861994,Q4_OOT,0
51,61602.661221010436,12500.37499648306,10,0.08981904001813966,Q4_OOT,0
26,23222.936012488048,11973.490702835868,6,0.20610306674769327,Q4_OOT,0
69,21011.889686305847,11199.318133073728,11,0.1780643926864704,Q4_OOT,0
31,26126.40942502518,6608.908536626505,9,0.27807507940814274,Q4_OOT,0
19,85856.74959093472,29297.913907886,11,0.20845337204352976,Q4_OOT,0
62,77504.01146423191,5830.588084279301,10,0.301074039945523,Q4_OOT,0
43,36457.19183265146,40778.00171234838,7,0.4344227727515421,Q4_OOT,0
24,41349.075766326394,6113.210519097828,1,0.23506438720747067,Q4_OOT,1
40,34085.12005393005,18778.74059606666,5,0.19693888268394033,Q4_OOT,0
64,50746.2453758067,16373.328272834593,14,0.25351872624526345,Q4_OOT,0
62,76894.79287866627,10471.212537394911,3,0.21827034101588108,Q4_OOT,0
54,147072.67441268562,8138.514141165573,12,0.2785263333148478,Q4_OOT,0
45,38274.876791269955,9840.636782368638,9,0.062308525189964166,Q4_OOT,0
27,34231.73414179073,10519.973012163347,6,0.26644524715792983,Q4_OOT,0
61,60481.27855271441,20956.16499089133,0,0.5909162367525486,Q4_OOT,0
37,74976.06451647925,54636.078258453,5,0.5152577594285521,Q4_OOT,0
35,33118.158572127446,52887.235620608626,3,0.2495803203428147,Q4_OOT,0
53,64745.80800787889,16309.109048057764,14,0.3498995000732822,Q4_OOT,0
25,21634.55259219783,40586.90508808536,14,0.27589626056833005,Q4_OOT,0
69,60582.0217627155,89064.1820102737,3,0.4226228863326048,Q4_OOT,0
23,29880.660389871417,11723.0938938738,14,0.6599705097621388,Q4_OOT,0
23,24140.37487637179,6929.662117812026,13,0.1864925908374831,Q4_OOT,0
65,54068.9072281106,43361.62010042091,14,0.3391319671853277,Q4_OOT,0
47,80328.73256768488,13491.56071084889,1,0.07906041149147995,Q4_OOT,0
20,45919.31055146025,29954.17150026825,9,0.11554172064661823,Q4_OOT,0
68,60338.72448606568,9678.049006662393,7,0.37282376930495,Q4_OOT,0
48,159053.73320219794,65033.15578529319,11,0.3339701616569883,Q4_OOT,0
23,46438.97914915372,9478.74068072252,11,0.28310283276774684,Q4_OOT,0
68,70706.17843711874,68517.0514423644,12,0.11703175555223698,Q4_OOT,0
19,97488.1889209228,5264.415103193057,2,0.057852799755076005,Q4_OOT,0
32,80160.16227252339,45644.77899555902,2,0.46433920883187807,Q4_OOT,0
23,36774.889225865685,10791.966216975961,2,0.5643206285907576,Q4_OOT,1
36,82706.64773685466,31542.983162745117,1,0.2808990841097064,Q4_OOT,0
37,44222.1793769629,5805.002495701421,4,0.6432216160042796,Q4_OOT,0
31,36144.33725571152,6230.4087850226015,3,0.05475062522301264,Q4_OOT,0
54,31300.378803056665,46663.342933414126,11,0.09635254815356843,Q4_OOT,0
28,44553.40627485602,9466.268258113712,5,0.14895033132648683,Q4_OOT,0
53,53828.93496338399,12145.59309670491,7,0.369121247673402,Q4_OOT,0
19,34630.99853068387,7292.484045591249,5,0.4051810908252355,Q4_OOT,0
41,21393.894604182082,19851.19224094142,3,0.31154106546352345,Q4_OOT,0
18,124496.58778768612,6162.953960225316,14,0.5933096755757042,Q4_OOT,0
39,30666.32230830801,13265.63744959744,12,0.20082270979791467,Q4_OOT,0
58,120179.36481539355,34468.88118443343,8,0.24416366351712065,Q4_OOT,0
54,63332.12483741059,19986.797281552186,4,0.15081274833963745,Q4_OOT,0
54,54409.97308198585,6219.442602566749,12,0.4527764399758938,Q4_OOT,0
42,21720.32296832593,13439.208240647124,7,0.6385037962930667,Q4_OOT,0
62,45903.42780835791,40356.33645360922,6,0.5722389224992382,Q4_OOT,0
57,21643.99788672737,44343.87134450931,13,0.5666795841372348,Q4_OOT,0
40,39316.2181061463,16455.349573622774,9,0.2836090657838739,Q4_OOT,0
19,26630.15935756733,25781.265793198072,9,0.05333226961295434,Q4_OOT,0
31,159126.56377829512,77474.66374271573,14,0.10496457677917127,Q4_OOT,0
68,317900.1852300699,24830.67566968256,6,0.09371603394210479,Q4_OOT,0
23,162736.91048022083,60557.24719886085,7,0.19359775272708712,Q4_OOT,0
23,75575.59243431929,16894.0119914933,0,0.09284972535532336,Q4_OOT,0
24,26519.840663405546,5304.3387783659355,0,0.15087812222725533,Q4_OOT,0
25,23074.602829864758,9431.690130175903,4,0.08403769172523798,Q4_OOT,0
46,194165.9382440314,15940.125347330319,9,0.30536616708602865,Q4_OOT,0
44,44012.27205929595,8965.206759906732,12,0.29825053985747396,Q4_OOT,0
21,83166.80261086623,23330.16568009445,5,0.23718249174583825,Q4_OOT,0
22,41391.37038804368,15540.670727408666,7,0.1866211557411221,Q4_OOT,0
50,80895.93840441643,5824.442434101195,9,0.41388358619044546,Q4_OOT,0
53,65596.11348561788,11736.25164337912,7,0.22331897691499164,Q4_OOT,0
62,68265.06206758991,35256.341015346814,8,0.07151444856864794,Q4_OOT,0
32,63872.94357100867,7382.046229780228,9,0.1543647503962061,Q4_OOT,0
29,34587.32979368852,9001.703959520977,6,0.27111233031893955,Q4_OOT,0
44,83354.20824300204,6866.244598702071,0,0.31257919684564983,Q4_OOT,0
68,73002.60246138643,35718.25049112821,11,0.35936569236472365,Q4_OOT,0
63,106183.99148344607,18886.372550976856,11,0.07993213242339504,Q4_OOT,0
60,199829.66036464303,5588.593376880993,8,0.23153443720649244,Q4_OOT,0
64,71035.63774249918,9410.637535387063,5,0.34842762730138943,Q4_OOT,0
60,25990.059159502107,10110.534135324542,3,0.2772835467168536,Q4_OOT,0
53,88033.11479403124,27299.620176665267,9,0.40619071464383005,Q4_OOT,0
65,128174.15212931065,9471.803169505023,14,0.17734918000062583,Q4_OOT,0
59,37709.41308461858,10163.112142533171,2,0.5026854402837655,Q4_OOT,0
66,88558.56138125528,26810.392800315825,1,0.36722364475673214,Q4_OOT,0
45,251091.47045057768,12902.983972042599,10,0.1394922825369305,Q4_OOT,0
31,43474.019495324435,15694.384238451623,8,0.48524440846785166,Q4_OOT,0
28,116055.73295832003,6260.616433012143,6,0.16233181430513027,Q4_OOT,0
40,64424.42725697443,25942.58972783554,5,0.27773664238491863,Q4_OOT,0
38,66992.32413490774,11590.932617089506,14,0.7560719704781759,Q4_OOT,0
57,136518.61074180872,13214.027401464535,12,0.065653628192091,Q4_OOT,0
55,76147.42763060748,20224.767170628314,7,0.39525304505566955,Q4_OOT,0
44,36716.18734127887,7491.820182495365,11,0.23829144658038662,Q4_OOT,0
41,115809.89862290506,16722.826584478622,7,0.05572759120464813,Q4_OOT,0
24,29937.55146239449,10697.180132786143,8,0.34240019710531683,Q4_OOT,0
23,31822.69853797656,26801.69773022143,4,0.21188898001779222,Q4_OOT,1
66,34679.67494075221,21493.21280285866,6,0.675522595625073,Q4_OOT,0
46,23750.951585111015,35249.91675474984,8,0.3042812314198136,Q4_OOT,0
39,90935.78462841702,45488.808194349505,8,0.3276445823813928,Q4_OOT,0
43,326799.00319777447,5891.092889324115,4,0.04382568434209305,Q4_OOT,0
67,150226.46236948,14241.670452548138,8,0.4019687027161234,Q4_OOT,0
38,100024.85646695868,24282.365497229777,12,0.2848523891673551,Q4_OOT,0
37,22879.117794720303,14293.831930433977,12,0.384374389643997,Q4_OOT,0
66,52871.759193171645,15896.490950137684,6,0.36311752687590443,Q4_OOT,0
30,53331.75595079424,19803.09060898624,8,0.6387975105392746,Q4_OOT,0
40,49757.99372585493,11341.239992623978,9,0.24263133138964996,Q4_OOT,0
68,42592.96538679973,27984.925879838203,10,0.4377093586719159,Q4_OOT,0
36,282448.2857398592,8153.5795558007485,3,0.2909839867188336,Q4_OOT,0
49,62339.7871937313,5558.503172266375,8,0.1477588199992259,Q4_OOT,0
47,51991.05250945642,22968.471617099924,1,0.2669319782788961,Q4_OOT,0
33,23789.20863502005,20239.27776197559,9,0.6130690920426773,Q4_OOT,0
31,35465.84959439624,25998.82687829775,7,0.30607269045201774,Q4_OOT,0
68,130506.77199382606,29144.46155733786,11,0.3436744321410506,Q4_OOT,0
67,54088.04864823404,16958.1757055621,13,0.24882089843873484,Q4_OOT,0
25,134643.48563221018,12566.837272554812,14,0.24775386527260246,Q4_OOT,0
40,25249.230069202593,18409.933720963723,9,0.3893663323580503,Q4_OOT,0
67,34397.737952272335,11015.914198409348,9,0.16595068488136341,Q4_OOT,0
25,47637.74196729481,18332.510191256966,13,0.4067120802602847,Q4_OOT,0
54,76980.6016453232,11435.698711482115,14,0.06237434005170111,Q4_OOT,0
50,42640.27429327978,24303.46795073281,13,0.6934858101504365,Q4_OOT,0
45,49844.61405490937,53876.06498791862,3,0.22272710160762849,Q4_OOT,0
60,23973.38874360603,7202.085657574526,14,0.3716513579229107,Q4_OOT,0
38,158789.10373360454,21578.048444106214,11,0.16149869032426045,Q4_OOT,0
35,118617.37095903629,20161.58457465421,11,0.488174764900546,Q4_OOT,0
36,34835.31843564421,5103.339153690744,9,0.4940414099531817,Q4_OOT,0
36,35271.43103064988,17027.227281787702,13,0.2907787562611246,Q4_OOT,0
19,31621.749027500922,74335.06216605527,8,0.4856174543481694,Q4_OOT,0
20,96821.85372896583,28631.089697508538,0,0.29853342361924123,Q4_OOT,0
55,273274.5823506643,8842.500852350777,8,0.48067847882187664,Q4_OOT,0
63,130253.78256389091,21779.768851104975,1,0.22026656465868757,Q4_OOT,0
40,37975.513203543254,21755.733901448944,10,0.08298445493363436,Q4_OOT,0
34,51230.855375472645,13084.269158751787,0,0.36824990416895675,Q4_OOT,0
57,38696.752429395296,15499.074326896924,14,0.45436518166453443,Q4_OOT,0
19,105040.76154481884,8476.310920498092,2,0.19756333725468617,Q4_OOT,0
62,26520.974992113916,46084.05014880039,14,0.5885136130861489,Q4_OOT,0
46,58551.98373476102,13263.342472685903,1,0.13102020096230557,Q4_OOT,0
62,27692.354217894288,5620.3326123198,10,0.05264076873574667,Q4_OOT,0
28,104864.30737382543,7810.8823048305,12,0.08183158013196276,Q4_OOT,0
35,60968.90860620343,13876.132031158364,11,0.12696101157343298,Q4_OOT,0
58,25424.950880600438,23282.415918231163,10,0.4708559888083932,Q4_OOT,0
40,84962.66997039877,10553.903680661246,3,0.4053501948490003,Q4_OOT,0
39,26677.351929677992,6479.340168258252,13,0.13436250932915322,Q4_OOT,0
38,27277.805164876674,22679.774498060066,11,0.2148208179989192,Q4_OOT,0
29,28735.141089308803,22249.51395461276,14,0.24464657349371446,Q4_OOT,1
62,31824.26366937991,9546.338460441704,4,0.21043749432650202,Q4_OOT,0
27,55617.85274810722,10977.087556004275,1,0.24628745626386792,Q4_OOT,0
43,89920.41207687136,12928.67927925116,9,0.6664101300302603,Q4_OOT,0
68,137119.34201328323,44893.97937874247,0,0.37407828371551155,Q4_OOT,0
68,39462.952242186235,11910.789119928251,8,0.16284414012186704,Q4_OOT,0
38,73132.32790356924,26558.679962868693,7,0.3130444798153958,Q4_OOT,0
56,36493.112908668874,34257.725377403585,7,0.3464526267749621,Q4_OOT,0
36,34581.860482441174,5146.713108302151,13,0.05493406779889497,Q4_OOT,0
62,22472.335447057987,12207.763522623452,13,0.1411607887821376,Q4_OOT,0
43,28722.173070108853,9361.69088025325,9,0.10049400274112548,Q4_OOT,0
57,22455.582529724034,10583.358530481177,3,0.25383195526676255,Q4_OOT,0
56,31039.111737864612,19278.970750092652,12,0.13109080000437762,Q4_OOT,0
52,22515.15522601484,27489.71272487494,1,0.013118104026113757,Q4_OOT,0
61,43831.18755525697,29161.686126736055,6,0.04732287167565063,Q4_OOT,0
47,31977.18279515788,9763.675216163361,4,0.25428209928443507,Q4_OOT,0
36,69185.30817513687,23964.70572957807,2,0.6207251932016378,Q4_OOT,0
61,187268.08028453498,21961.31656813476,11,0.12709215285321526,Q4_OOT,0
66,86400.60063441997,28298.489916350103,2,0.16405422278130774,Q4_OOT,0
27,88252.37295356816,48710.403970657564,1,0.42232047136904255,Q4_OOT,0
42,179669.35470374615,37888.96354824786,12,0.2792591923708158,Q4_OOT,0
49,23886.36255178939,6828.362426532098,4,0.5773187122304967,Q4_OOT,0
39,203920.60958052066,5021.050280986518,6,0.4173376075468739,Q4_OOT,0
48,45115.311119147635,46428.71499059919,5,0.4613765930324943,Q4_OOT,0
47,66873.70323939717,17916.041649554616,13,0.1817371300684219,Q4_OOT,0
35,45271.255458231244,5441.303615354965,9,0.5356667388768106,Q4_OOT,0
31,78713.43852301875,8094.6734682791885,2,0.31790409899759453,Q4_OOT,0
54,35569.48051356136,14645.093380047058,10,0.2978313458192364,Q4_OOT,0
21,35668.043860192956,32838.31188066417,1,0.17141128490034432,Q4_OOT,0
61,86763.56290266442,23863.672974174984,9,0.13254430144335927,Q4_OOT,0
19,79206.3961215037,21311.176960041816,11,0.18198953926842162,Q4_OOT,0
59,25491.70602140884,69322.3359806407,6,0.35270503215488097,Q4_OOT,0
30,49220.989558947185,10154.725167784884,14,0.017863203682857282,Q4_OOT,0
49,62779.85002190658,16933.285678588538,4,0.25878757897217924,Q4_OOT,0
52,64832.286702360594,10087.58725377014,0,0.3625521922318341,Q4_OOT,0
47,47180.09681096542,10651.35275605092,14,0.3696374400630569,Q4_OOT,0
18,49822.54634235773,25794.14304272452,12,0.19981558629469515,Q4_OOT,0
66,60137.07882210286,12034.95259400686,8,0.19984715208423928,Q4_OOT,0
31,25270.430531274713,68452.83955219858,6,0.08472728892397303,Q4_OOT,0
47,155901.51687755837,24387.139577271286,4,0.2767273789688558,Q4_OOT,0
65,40049.63808115518,6694.897014082251,0,0.13177112985015657,Q4_OOT,0
63,31131.4026977965,7495.014521601404,13,0.2923393732059948,Q4_OOT,0
66,73462.0741694262,44112.706417964044,3,0.18268078227951678,Q4_OOT,0
41,27932.23841356282,19519.25593690218,12,0.29138011713480505,Q4_OOT,0
21,111918.94136095798,43017.572694920134,4,0.3725993509146888,Q4_OOT,0
23,133448.49149734672,13004.755678603384,14,0.3170051648148086,Q4_OOT,1
24,66738.59714413644,9302.67267667575,3,0.36143425051863437,Q4_OOT,0
69,20012.034935425618,17869.345700998685,5,0.25014263719744656,Q4_OOT,0
20,25781.14955935097,23036.669833208678,2,0.11633233863832809,Q4_OOT,0
23,29812.69372556413,16607.212575129342,10,0.10017623176294026,Q4_OOT,0
22,102836.4538478582,17484.78995328322,10,0.1479098240400292,Q4_OOT,0
52,57249.541499088096,6282.925831188723,12,0.16217175381531512,Q4_OOT,0
67,43096.218097146455,32833.797455065345,4,0.15087647590901712,Q4_OOT,0
26,47411.109135739796,11403.464213671341,9,0.15267463859546432,Q4_OOT,0
54,22265.180294745507,54544.17197715124,5,0.3791561181592409,Q4_OOT,0
51,89263.29579211757,7332.270815761494,12,0.09688895091435,Q4_OOT,0
28,23705.086282800814,22086.80060685967,6,0.16844019827780377,Q4_OOT,0
22,28284.033331247498,30114.348347302333,3,0.5401144603348814,Q4_OOT,0
23,32707.54380605975,16498.591497984504,7,0.08845629372988852,Q4_OOT,0
54,55690.64538530107,12462.89283210459,9,0.2888027060738957,Q4_OOT,0
62,25490.496108635183,19297.26399577217,3,0.09717227327996845,Q4_OOT,0
44,76006.68631199142,18442.073907776838,5,0.12212755577193453,Q4_OOT,0
30,44462.04280758511,27279.02783055222,2,0.42066067078094077,Q4_OOT,0
62,77415.49724374144,8941.387257629873,13,0.3106379361442706,Q4_OOT,0
50,133849.26372019906,8271.350395601043,10,0.33086913344928903,Q4_OOT,0
36,20683.733067397334,9412.074770484302,8,0.3601183783379997,Q4_OOT,0
45,26769.217073435546,14276.040132785805,7,0.3177665331788296,Q4_OOT,0
58,95199.47723419087,30345.352190979782,13,0.4152764643468688,Q4_OOT,0
42,56771.82318021159,10641.507398484238,7,0.19445185443445465,Q4_OOT,0
60,54268.58504584447,8253.085865123263,6,0.31529550822962893,Q4_OOT,0
56,209654.87180353588,6595.069269201453,9,0.5810715978220778,Q4_OOT,0
58,21978.874088991142,28404.95246471659,2,0.1323663000392215,Q4_OOT,0
34,177472.3807075764,8936.283578462551,6,0.41242998998200037,Q4_OOT,0
24,111097.90270526473,30232.315633762344,3,0.6018136381124559,Q4_OOT,0
49,123727.49120428044,37689.54851702199,11,0.09000035641633576,Q4_OOT,0
47,81002.90523539994,9966.352950589779,13,0.30609897911288564,Q4_OOT,0
53,63700.35118297341,35340.53346652082,2,0.16750480530749037,Q4_OOT,0
43,76411.88906995353,7087.948276501192,7,0.23546139956961976,Q4_OOT,0
23,135795.35904402807,9513.354947025391,1,0.18059328572970512,Q4_OOT,0
30,58645.17379915015,27667.43111898055,4,0.38370663332022575,Q4_OOT,0
37,80844.91315501768,33306.35457106015,6,0.1236050402092295,Q4_OOT,0
39,109008.59557221449,47031.712715726244,14,0.565520533893451,Q4_OOT,0
28,22053.959410221396,5861.399572708215,5,0.24523825988363543,Q4_OOT,0
61,23784.652994505344,20436.399420198453,2,0.40977290964674246,Q4_OOT,0
46,58139.402158501915,9820.393722135035,5,0.4888373264820338,Q4_OOT,0
23,48211.35399483841,5061.113274726152,3,0.19650307035503634,Q4_OOT,0
41,84385.34021164218,7403.374209205932,10,0.24831366449410383,Q4_OOT,0
29,20994.28644821469,16130.029555172323,2,0.21599681494431647,Q4_OOT,0
35,78620.0848419739,18445.168505135356,0,0.5732528033120584,Q4_OOT,0
32,156299.16593040584,6946.049910909897,11,0.12956551275914274,Q4_OOT,0
44,39596.59696938652,9425.077316409926,13,0.32559474336112787,Q4_OOT,0
41,96953.88709083959,19838.620941641275,2,0.13181644149183885,Q4_OOT,0
37,21914.847062018194,41079.80004461206,10,0.430449226693026,Q4_OOT,1
63,53888.93478963311,53487.11991303564,9,0.19078533683316995,Q4_OOT,0
47,222542.6261627509,9791.882785736912,0,0.1862242992462099,Q4_OOT,0
34,76529.91520949794,15794.87506544119,2,0.23115885195592697,Q4_OOT,0
61,64218.51780526618,17763.805293550264,8,0.10381194853744949,Q4_OOT,0
35,107759.39452331424,18657.133319185363,3,0.04388206596782401,Q4_OOT,0
35,57100.39062797754,6001.2472317288875,3,0.4797271764612705,Q4_OOT,0
63,164435.53204034508,50999.90130678323,11,0.40255307404007673,Q4_OOT,0
55,90681.03297921529,15578.880513283115,6,0.18637417279743831,Q4_OOT,0
58,105800.91461448805,12851.427468081143,3,0.22734453722684442,Q4_OOT,0
39,96855.67054857688,9499.95119031289,12,0.27291994041022954,Q4_OOT,0
34,74072.28220544355,5581.517937597894,6,0.13176071030329303,Q4_OOT,0
49,40800.89278316204,87565.98173001427,9,0.16966556189435847,Q4_OOT,0
32,65425.96133705873,5307.8280285849005,6,0.5891143213369978,Q4_OOT,0
37,86518.57575751605,11613.247646814474,8,0.3589398606112922,Q4_OOT,0
50,25635.90078062869,8055.990666471849,8,0.4228328585373325,Q4_OOT,0
50,225281.96853067793,27807.211024057175,13,0.2456268944981579,Q4_OOT,0
69,31626.70825022763,18434.319731859276,12,0.21127981965345158,Q4_OOT,0
56,46141.96348201783,6033.313297657005,0,0.4672132803280404,Q4_OOT,0
43,84772.57851185804,40327.42798879004,12,0.6584447104020122,Q4_OOT,0
32,49287.04933973167,5419.129834070932,6,0.0964960426513016,Q4_OOT,0
61,24321.71943112889,26678.87507370921,12,0.0516684366659994,Q4_OOT,0
20,27162.869975687096,14828.50121785633,1,0.19598723851587477,Q4_OOT,0
26,53949.97632592816,26962.54016350434,0,0.05062548344024754,Q4_OOT,0
23,70158.31231008872,19108.23734219735,7,0.5104423650971439,Q4_OOT,0
58,30193.61610218909,14827.498436948164,9,0.10963407206621924,Q4_OOT,0
29,40661.19589156972,10970.935024884031,11,0.2947497109955609,Q4_OOT,0
64,48347.834373572085,7546.7922999047505,1,0.30819720067367423,Q4_OOT,0
24,42025.86987424546,34778.44585955347,5,0.21300018069375387,Q4_OOT,0
39,50697.382824708475,12415.812881579492,6,0.041283397487494586,Q4_OOT,1
20,231529.08118093872,17995.668124432093,0,0.19560726391059022,Q4_OOT,0
58,107091.86628064931,11366.909234019644,0,0.2792517267609399,Q4_OOT,0
40,29380.38072258637,6777.483103099923,14,0.6863530473678451,Q4_OOT,0
36,22186.272825718366,18209.827801429085,1,0.324530026092141,Q4_OOT,0
53,42621.51360355251,7865.462916013047,5,0.04218412676191088,Q4_OOT,0
62,23175.89327771457,9538.612543200223,0,0.0074290191305539,Q4_OOT,0
25,115636.45030630149,39304.61181001223,8,0.12947301184833215,Q4_OOT,0
61,69166.30026118268,10253.905094431802,8,0.35852183376751645,Q4_OOT,0
35,147761.4633918362,33998.64782718322,7,0.10271937727030934,Q4_OOT,0
45,101809.32058600606,7656.121829403194,14,0.5472372153751911,Q4_OOT,0
68,47121.37156492892,20844.11722516451,2,0.24777693288640928,Q4_OOT,0
32,43868.810100079805,5874.587214516688,2,0.35302863985457966,Q4_OOT,0
38,25562.941509126253,18790.82960892669,3,0.07256396553192528,Q4_OOT,0
41,30341.923937318657,36978.135012773826,11,0.059713382182576415,Q4_OOT,0
67,70871.60755211592,8185.737980975633,5,0.2660743555967666,Q4_OOT,0
51,36568.481416798204,19504.20294168197,8,0.5357639995184211,Q4_OOT,0
53,78485.5232541533,21051.761703640073,7,0.11524937223048552,Q4_OOT,0
59,29940.566078842072,5829.407874919094,9,0.6251522751212512,Q4_OOT,0
38,20631.379635164863,14146.014015979003,3,0.391880296099363,Q4_OOT,0
32,84994.04333415927,7987.91967637295,7,0.3975347697288771,Q4_OOT,0
50,38495.806607444276,21077.510859680027,10,0.38556148581540034,Q4_OOT,0
25,47825.241489651286,35876.81774415635,11,0.18204217790296576,Q4_OOT,0
59,83399.20217476816,32945.156632826634,1,0.1815727902888046,Q4_OOT,0
22,64343.243264041084,15241.455934911672,3,0.6312198576321311,Q4_OOT,0
55,33030.07039088632,29556.57978285625,13,0.32689860706017615,Q4_OOT,0
62,71801.17972562253,24255.203208435945,8,0.18501902124584702,Q4_OOT,0
23,76920.17405292412,44392.722128809924,2,0.4753607400064591,Q4_OOT,0
57,49224.0593811087,8443.749588689972,3,0.48918946456349677,Q4_OOT,0
40,50661.844362381285,14075.247149385817,3,0.33721142477121885,Q4_OOT,0
64,114400.67829701323,8151.504627462882,7,0.11261771632176837,Q4_OOT,0
48,91075.06430588035,9878.019080667942,7,0.08127356584400666,Q4_OOT,0
28,65993.17849637521,11603.202104187181,1,0.1604504017996075,Q4_OOT,0
27,41330.13977806911,28090.472377116967,13,0.24158329830654024,Q4_OOT,0
22,48385.41398528697,10583.423111125368,11,0.3982091206173768,Q4_OOT,0
25,29201.99848700235,19601.18081400256,13,0.07559486001674112,Q4_OOT,0
61,64910.34151719857,20834.145924380147,0,0.27056814385081746,Q4_OOT,0
45,153899.25057528913,27410.996331141378,0,0.27689752288560254,Q4_OOT,0
64,124389.46003771707,6442.457872028885,7,0.29353455098286807,Q4_OOT,0
37,26207.51760561242,32271.670865019965,8,0.2752022150737507,Q4_OOT,0
37,20864.844319372532,61295.194440427134,10,0.4461466960584835,Q4_OOT,0
43,37310.61357716384,9228.875654394906,4,0.2569296908243323,Q4_OOT,0
46,47586.91108606644,43647.11650776878,7,0.23919145968203162,Q4_OOT,0
18,55725.665935882396,11625.459263616658,14,0.3176585390286222,Q4_OOT,0
50,20443.08692023169,28226.984952207273,3,0.18916474007285283,Q4_OOT,0
31,32400.287453386845,11352.213255791441,3,0.19021683303446985,Q4_OOT,0
29,41632.12207280723,13145.39356316259,5,0.4455296786875829,Q4_OOT,0
56,39686.66727557467,32743.0221424223,6,0.18772657556040495,Q4_OOT,0
64,109546.08732873823,14584.546697394357,9,0.12226062815963855,Q4_OOT,0
38,35599.53962946299,32801.24173314414,1,0.2232777856958965,Q4_OOT,0
25,126954.46579969658,8695.84896691121,12,0.32217319454730475,Q4_OOT,0
43,134675.79709774198,10394.175275627382,12,0.21854367255721063,Q4_OOT,0
66,45950.71101850776,12123.910773991072,14,0.26816900270434557,Q4_OOT,0
50,31734.632437045144,5891.35238313786,10,0.273540819706047,Q4_OOT,0
36,24238.722583447758,8548.764535744831,9,0.3190456997275505,Q4_OOT,0
48,126167.42543320452,33470.43435109545,5,0.05100501217509347,Q4_OOT,0
23,154953.73291871682,48152.696426097114,8,0.42241903062279096,Q4_OOT,0
42,97285.87719636483,6991.506278215232,7,0.354275004824065,Q4_OOT,0
26,44890.52817479549,18976.644630732648,1,0.40423001324222285,Q4_OOT,0
51,75219.71137912213,15964.915973118188,1,0.18072921546256585,Q4_OOT,0
30,34726.298149295515,7986.349366474522,3,0.12226985499316571,Q4_OOT,0
32,177335.8027875474,7081.95795525313,13,0.31555287405580357,Q4_OOT,0
29,45400.67639279374,30570.69326406882,13,0.34440765423054037,Q4_OOT,0
32,41196.91587527194,6430.748697247032,3,0.1549955893033403,Q4_OOT,0
38,43270.3262874763,11058.185993432668,5,0.5965678650297059,Q4_OOT,0
36,67045.99695119329,63532.59458534655,13,0.7494310172779105,Q4_OOT,0
49,58272.77792389752,24634.85259959913,5,0.588112236137503,Q4_OOT,0
52,100530.4834168901,5864.270622726004,12,0.3824995239945127,Q4_OOT,0
19,40580.29939014334,11129.240661405547,2,0.2732462555337308,Q4_OOT,1
26,149678.28795890434,27241.071549132645,10,0.4409639566492856,Q4_OOT,0
43,146576.00565500418,40498.45407099804,11,0.7054090095123952,Q4_OOT,0
43,123025.95522994446,10363.677092924101,3,0.4177721205968483,Q4_OOT,0
54,54422.445839939886,9089.637717911679,10,0.41710779370534035,Q4_OOT,0
60,45410.21717786077,31442.105625665736,9,0.31553626410396074,Q4_OOT,0
60,210913.4037327637,9098.976324114557,12,0.40695192143389114,Q4_OOT,0
33,108574.99819332497,13699.676434388115,9,0.17025524216676216,Q4_OOT,0
32,86589.6437072967,8669.780397243629,10,0.28157839635282383,Q4_OOT,0
39,130271.59453560683,25832.10540171622,6,0.22476372587418578,Q4_OOT,0
21,50303.3468868752,22206.994887300367,11,0.33631558901349107,Q4_OOT,0
63,30411.753852118887,6744.748450911552,9,0.1864931000803027,Q4_OOT,0
52,140211.49912359338,22001.2104078379,14,0.147370597689144,Q4_OOT,0
33,30487.2485578926,9718.986586200208,2,0.10254832856702437,Q4_OOT,0
59,67973.10871974133,6671.535066767815,4,0.31847850458845056,Q4_OOT,0
30,27022.749582435805,6120.289892497659,8,0.4198231502706683,Q4_OOT,0
43,76317.38216226973,9186.735172213052,12,0.18128396924727327,Q4_OOT,0
61,138114.19003908488,6345.773751667625,8,0.26022049813320147,Q4_OOT,0
56,89959.3690302491,15890.99064317542,0,0.2984245674832395,Q4_OOT,0
30,32363.271447749874,17692.69585401985,14,0.49757613923993377,Q4_OOT,0
21,53166.942278263785,5043.462683507957,4,0.3070484723936819,Q4_OOT,0
43,128872.46074950161,33242.51739754318,11,0.3317812382484086,Q4_OOT,0
32,72109.77455577216,8071.090505572519,4,0.08057695872787402,Q4_OOT,0
59,77490.59294145166,16694.7753677907,4,0.33669646466989356,Q4_OOT,0
25,131184.86559179972,19783.396599290252,8,0.4399420745283069,Q4_OOT,0
66,65032.67894780511,7201.156679909423,0,0.3887202045750596,Q4_OOT,0
67,131595.91938506218,10715.587336287323,8,0.23774344197576025,Q4_OOT,0
52,21119.43602244547,5016.629565791665,3,0.12536688764237502,Q4_OOT,0
61,57382.77775982331,19983.354754797983,3,0.35844991037956325,Q4_OOT,1
51,34406.412847842425,15236.08878049086,7,0.03166157679700933,Q4_OOT,0
50,26070.095333142875,14552.219540150983,12,0.4993664062053948,Q4_OOT,0
52,65361.56441926572,7969.710335189523,12,0.5244771012828102,Q4_OOT,0
27,54059.43689954035,23413.64815354948,7,0.19964105679021635,Q4_OOT,0
30,36344.23927038863,11229.059249571843,10,0.02734275666688958,Q4_OOT,0
35,133045.0271887238,12564.746399802749,2,0.5577951182218388,Q4_OOT,0
66,145822.49534116653,36129.317479058096,7,0.15700258698091707,Q4_OOT,0
54,96126.37083711724,9297.65537904562,8,0.24939624134188632,Q4_OOT,0
23,62934.19097167321,32318.820735370788,11,0.21299172797082527,Q4_OOT,0
55,72771.08076192162,24251.92077811831,3,0.2442449429534294,Q4_OOT,0
53,27117.482056323257,21935.56147620349,5,0.23781018158435643,Q4_OOT,0
46,33841.68858600607,10340.867931085866,13,0.5165799832628382,Q4_OOT,0
48,58442.18672741237,7208.951484360556,14,0.04148691275686805,Q4_OOT,0
64,45695.881504206525,7774.453171065227,8,0.29223331322254126,Q4_OOT,0
59,66739.55197022876,14099.436839198075,3,0.17642513223656012,Q4_OOT,0
47,28621.883854182717,12740.74035759241,6,0.20460337560428551,Q4_OOT,0
37,90449.77093261562,6139.582899696697,5,0.20716867839328265,Q4_OOT,0
40,115472.94885984449,9719.02329212126,8,0.546291888517374,Q4_OOT,0
57,55750.13568387942,7996.439443886702,2,0.3279677324242907,Q4_OOT,0
61,59488.916791437456,5525.2557302725845,8,0.2488119878668152,Q4_OOT,0
56,31037.30453605278,30303.331359970376,9,0.0820053828145503,Q4_OOT,0
29,22270.922184959207,21265.20411245634,6,0.37110037968360443,Q4_OOT,0
55,99588.65400584858,6689.363055271917,3,0.43642636881341484,Q4_OOT,0
69,45248.42623238323,15173.266308200344,3,0.02182488373531593,Q4_OOT,0
62,59592.69965702211,14457.642473787844,12,0.20178973580799572,Q4_OOT,0
19,34827.85388070434,33647.784310565185,14,0.5819896858087314,Q4_OOT,0
58,75598.58261995504,35958.31772707654,1,0.200409368491934,Q4_OOT,0
40,108666.23141513944,10296.936445370262,14,0.5140181696987238,Q4_OOT,0
35,79862.44756542202,16262.194487770608,8,0.3217059217129608,Q4_OOT,0
23,43177.596030144916,5082.701880822858,12,0.32116361666538346,Q4_OOT,0
60,25468.267883670203,16383.627155476799,1,0.44881956463915457,Q4_OOT,0
59,33148.62339970559,27717.777935902894,8,0.19624314380417276,Q4_OOT,0
47,22853.163714677903,11169.475960807331,4,0.2844818242605202,Q4_OOT,0
52,58780.333517563326,86834.59014972832,0,0.06974847086253555,Q4_OOT,0
52,21616.115719852824,21404.415607346742,2,0.6725054482871499,Q4_OOT,0
37,28174.760746115717,5236.019133115826,1,0.08304837151366033,Q4_OOT,0
33,54965.3592198708,7105.8163108449535,13,0.11422088320203652,Q4_OOT,0
63,24023.35209067052,74600.34390881496,14,0.2552334821936506,Q4_OOT,0
69,77333.2466451742,5187.947950258344,4,0.22207018288404054,Q4_OOT,0
58,36309.16244792168,17530.53086395338,2,0.03733525370221545,Q4_OOT,0
51,127247.50405179115,18278.762362911737,6,0.15633137122347093,Q4_OOT,0
51,52128.80795345744,7432.894779528193,4,0.07013901047357644,Q4_OOT,0
49,66529.02000176511,29959.819011289135,11,0.27848776758186095,Q4_OOT,0
30,73257.82216572142,8858.066656463292,2,0.24860124431335573,Q4_OOT,0
31,27360.011732003193,11785.83809922231,4,0.3608178705315792,Q4_OOT,0
35,175803.17260490815,7770.871524509112,2,0.3107469940165846,Q4_OOT,0
49,25194.26221297027,7758.517987119685,14,0.5423411156160224,Q4_OOT,0
46,271186.8593834634,17908.276757230364,11,0.1636532718635637,Q4_OOT,0
28,35164.85286450528,23667.67452423975,2,0.0733081258412757,Q4_OOT,0
48,47046.40391124825,10548.945141088678,10,0.13904211454948498,Q4_OOT,0
32,119797.60992748578,35630.27640372755,14,0.49785357606763175,Q4_OOT,0
38,49083.403612393886,17091.421785280116,3,0.29317730555171806,Q4_OOT,0
26,41837.78538364738,19059.790153068738,7,0.5822264950323407,Q4_OOT,0
63,71386.17844493117,5933.084810230269,8,0.03631767832884045,Q4_OOT,0
57,72638.93855413818,31238.015334546573,6,0.04378766634240429,Q4_OOT,0
54,45845.163284679744,10390.339775733242,13,0.6578160225282701,Q4_OOT,0
69,26078.14033604185,10120.551722439543,3,0.23300882242082377,Q4_OOT,0
39,72100.42387425009,6060.345610044922,13,0.15209574393962277,Q4_OOT,0
39,48125.994084511236,6003.609515781858,4,0.19025330909530566,Q4_OOT,0
22,46127.03969144232,8119.329723139423,2,0.5358349732264608,Q4_OOT,0
44,191925.72927965177,6986.718813563,1,0.1673673966680138,Q4_OOT,0
38,77192.05206599722,19961.814520049447,13,0.11379389748846931,Q4_OOT,0
27,26717.43820248761,6017.382974359116,10,0.47162895970426905,Q4_OOT,0
56,89519.91034707155,11106.742204212995,12,0.11643543235054214,Q4_OOT,0
62,35819.187754241866,25150.336007038128,7,0.3181118729805575,Q4_OOT,0
52,29089.003283551363,30017.63342130632,9,0.05003119931976003,Q4_OOT,0
66,36505.33795443861,45755.194078011846,3,0.6388484234014496,Q4_OOT,0
69,31804.018152370198,10952.549870076262,13,0.3682641443643993,Q4_OOT,0
35,31362.855353781186,11274.320276858425,7,0.2707390445093559,Q4_OOT,0
57,61100.798343237984,5110.099863705221,7,0.5554917107195211,Q4_OOT,0
46,61383.23656451323,16571.07544979463,13,0.1214094237021378,Q4_OOT,0
30,20862.065040897596,11518.4813584584,1,0.32222152006273336,Q4_OOT,0
50,37248.27189811099,6769.45902671347,7,0.33868135652841747,Q4_OOT,0
67,36639.30269494552,80381.23728215469,7,0.19451163218191847,Q4_OOT,0
57,102008.38364706833,21092.421909532357,8,0.2287311917880105,Q4_OOT,0
28,30689.085855529003,6234.287791334382,10,0.06689296628138429,Q4_OOT,0
25,110049.8265918699,44459.19160065222,3,0.4644588236076066,Q4_OOT,0
25,46033.67012102379,20111.673122635595,1,0.2564488454284455,Q4_OOT,0
40,30944.314000301594,31241.664050185536,11,0.1622365224060671,Q4_OOT,0
22,47500.19106312838,11815.683505804522,5,0.31290127391378564,Q4_OOT,0
49,57231.271494317596,8248.03973833304,8,0.41775105427061193,Q4_OOT,0
18,44635.48185568428,5970.273044850607,11,0.5926234963426961,Q4_OOT,0
40,243665.35495079623,19206.087841900244,4,0.11348040766507222,Q4_OOT,0
60,131448.25229913782,29931.822024913934,11,0.052422827551839725,Q4_OOT,0
18,46886.94776293513,7957.081318158522,10,0.303419325924262,Q4_OOT,0
34,102956.87047447378,6333.433508873436,7,0.4840325414313286,Q4_OOT,0
38,28238.193019936836,42842.86681814252,12,0.3090357964115281,Q4_OOT,0
57,39763.64919604395,17458.934791463646,5,0.3763901618684,Q4_OOT,0
32,42522.550976586695,5707.705872360331,12,0.5115123713550352,Q4_OOT,0
22,39093.493923532034,7423.181019611093,8,0.6150267592702121,Q4_OOT,0
47,28451.259177539876,9203.559334346857,3,0.141837775512347,Q4_OOT,0
64,45202.879530783684,8574.603422337395,10,0.35899960990311985,Q4_OOT,0
49,174214.0033163586,14449.262161977134,6,0.6185443508389682,Q4_OOT,0
65,144254.1283112159,18497.729798106986,0,0.23300483115502443,Q4_OOT,0
48,68735.78510962464,13339.432739611848,11,0.12634531761510703,Q4_OOT,0
57,42062.727413625704,10303.157329585229,3,0.40780787505373745,Q4_OOT,0
66,24563.246280746323,7210.924555125141,6,0.203082723342088,Q4_OOT,0
30,109142.79298837656,16952.21948064176,5,0.31345448909205126,Q4_OOT,0
49,124676.96777830411,15969.066619665613,10,0.33604574874214516,Q4_OOT,0
32,40412.18292674047,5153.2229982400595,10,0.05919480253334688,Q4_OOT,0
67,43978.11946268234,18912.1545847538,11,0.3098340421672413,Q4_OOT,0
69,53190.11323604496,21714.612781175503,7,0.38631805127551183,Q4_OOT,0
47,75283.51057498858,21798.07037752273,12,0.47584757116566734,Q4_OOT,0
29,39694.87605446587,12474.77842989759,13,0.468821900429513,Q4_OOT,1
58,92521.66550167494,5365.938835462456,14,0.7204203405210351,Q4_OOT,0
30,40640.34289518553,12274.204424847014,0,0.3851665089521042,Q4_OOT,0
38,40554.396485921774,29957.059499868225,14,0.28317702025961006,Q4_OOT,0
57,27650.867074782567,47008.03857188303,1,0.20623243160490565,Q4_OOT,0
63,243753.19118989032,6562.476469254568,4,0.08255257976533105,Q4_OOT,0
40,29140.503185821603,21665.676523607268,11,0.2605456548905314,Q4_OOT,0
61,202819.66191783594,10668.932730056273,10,0.49405532261455737,Q4_OOT,0
39,75381.81841859827,8106.464437388695,6,0.22939949846622198,Q4_OOT,0
46,32045.30976414507,16506.478293840526,1,0.1521485149865902,Q4_OOT,0
46,52514.62948571504,8456.529973463686,13,0.27637451619552933,Q4_OOT,0
38,76003.12147775425,5702.082437229359,5,0.08307828205527941,Q4_OOT,0
32,62425.221681017734,23524.516546161147,5,0.22162257639509264,Q4_OOT,0
61,98176.92906496704,6866.931435170982,0,0.30885704246107554,Q4_OOT,0
54,45335.23375314791,14508.0294370023,0,0.20280181655652113,Q4_OOT,0
40,79104.46932157164,25949.275398452635,0,0.6789783064072387,Q4_OOT,0
56,82442.2796047026,5113.005423853879,0,0.05120113786610444,Q4_OOT,0
25,39233.02609539575,16957.33192925821,0,0.26077219711725047,Q4_OOT,0
61,60259.451970328206,12941.199509057527,4,0.6839124596257457,Q4_OOT,0
22,36837.84416681719,6445.9012248438885,2,0.5559609548688889,Q4_OOT,0
18,45454.54205650586,17214.054493080628,10,0.22939210354129114,Q4_OOT,0
59,54556.18783066051,12144.490029964894,12,0.6071371203606646,Q4_OOT,0
42,33207.97094899192,23807.984531430153,1,0.422643135524221,Q4_OOT,0
56,57972.95787322458,11316.629226612065,13,0.3318797071269444,Q4_OOT,0
65,21048.357815607447,17172.670731040525,8,0.29050544948411366,Q4_OOT,0
30,25459.84418319289,15729.824975580043,11,0.2368277530708019,Q4_OOT,0
39,26984.086169810584,31982.527177515825,11,0.6228771851011529,Q4_OOT,1
31,68267.43938122535,8946.72946229322,9,0.42938867111172957,Q4_OOT,0
37,23983.899002241396,73936.93440796007,0,0.19936094649560915,Q4_OOT,0
33,141554.96766565082,16735.685638541152,14,0.16316322938003683,Q4_OOT,0
27,134503.4597744211,7489.035424390723,14,0.4889996875262148,Q4_OOT,0
41,51775.06372918575,20212.530356390256,12,0.2268802324735499,Q4_OOT,0
38,169127.28847073845,8938.050537491865,8,0.13296249652172148,Q4_OOT,0
21,53944.96584731142,9075.92873226084,13,0.39604389147523733,Q4_OOT,0
62,62532.87534703997,21721.477169937672,13,0.34407990078120765,Q4_OOT,0
33,139942.1442939016,5867.32742487209,8,0.47812972247618435,Q4_OOT,0
35,140358.2395546941,45365.83163573283,4,0.08547124515258839,Q4_OOT,0
48,61434.482070003745,17019.33905392493,14,0.3403115636094598,Q4_OOT,0
39,126960.90358199677,20830.51902541382,3,0.29775772466638106,Q4_OOT,0
41,41022.48554710885,66752.51359720607,0,0.2669420435725504,Q4_OOT,0
62,44508.675509575536,15879.243643097605,10,0.15607231642324468,Q4_OOT,0
29,75798.33273600845,7491.764287983522,4,0.0640890381772318,Q4_OOT,0
48,44505.551125104306,5013.6376973138995,4,0.24330377322035068,Q4_OOT,0
65,20360.01491975199,67377.08823746706,12,0.19032267034996325,Q4_OOT,0
69,42133.20643483767,14816.005610590077,13,0.532135727935408,Q4_OOT,0
66,89641.9452134773,9356.48657117932,0,0.13187808745813817,Q4_OOT,0
21,33383.53357860013,48755.29383789376,8,0.4121713339035751,Q4_OOT,1
65,64500.52711798401,8152.185068696623,12,0.008063355133712032,Q4_OOT,0
20,37128.08686332075,20292.309662768334,13,0.26979684309562957,Q4_OOT,0
63,97741.38738655312,7581.331035331139,3,0.10930927540473406,Q4_OOT,0
43,50472.319306762845,30143.32695624455,4,0.23859579566697156,Q4_OOT,0
68,31497.976987283335,19815.689201603513,4,0.048840404677848406,Q4_OOT,0
46,28225.035677152075,24765.94443279565,8,0.4760531961177922,Q4_OOT,0
38,36934.72119514768,62097.09331932013,14,0.7215159601464874,Q4_OOT,0
27,79753.05497229614,27132.154408009614,5,0.4862854319030946,Q4_OOT,0
61,37494.06434127904,16317.364443305325,3,0.19265227166216534,Q4_OOT,0
24,23763.048430209026,8531.426719779984,10,0.5211185766068446,Q4_OOT,0
31,73898.93013982868,12845.197871968136,4,0.6426612527420799,Q4_OOT,0
27,180556.81650120873,11442.627420718309,9,0.43772722065873276,Q4_OOT,0
33,25268.71358520851,6746.010396129709,7,0.04154936215544706,Q4_OOT,0
48,22544.286591671673,13886.109940494816,5,0.20745912988205634,Q4_OOT,0
59,54611.92201184831,20269.161581708446,4,0.17593093642151966,Q4_OOT,0
60,66927.08448791582,43944.16721769668,5,0.2323988471054089,Q4_OOT,0
21,43932.358828336335,20960.054842717436,0,0.3797341823063967,Q4_OOT,0
24,26792.175735211604,13719.293087779415,13,0.050263372307559534,Q4_OOT,0
23,37574.96140048447,7409.12399739473,9,0.28164610718632127,Q4_OOT,0
65,58374.987995164425,13399.112166772304,11,0.2722768876969401,Q4_OOT,0
31,83199.16571164515,5303.171709886183,11,0.27634236853042216,Q4_OOT,0
54,73570.28854275866,15628.966506805908,2,0.269401569943612,Q4_OOT,0
38,62250.82563381946,6776.494577311504,8,0.09641451137952786,Q4_OOT,0
40,50365.29790234575,11707.581867166584,6,0.3548611104165515,Q4_OOT,0
36,150720.3316806308,20059.750196684152,5,0.1503241718970029,Q4_OOT,0
67,54494.76821758618,35419.15289100494,14,0.15914261121121603,Q4_OOT,0
21,42873.268659157606,5451.685625586773,0,0.5197170699878045,Q4_OOT,0
24,25979.265092769783,51350.492559024955,2,0.07346743532744686,Q4_OOT,0
50,30806.47743125736,6446.561871063823,9,0.1541946308050581,Q4_OOT,0
51,70178.3353904165,43176.2743295789,7,0.1937591792205248,Q4_OOT,0
58,134808.88106244797,25592.215323168322,2,0.262403069086563,Q4_OOT,0
66,31439.87339073353,5040.677230294633,10,0.06290459489603784,Q4_OOT,0
22,110730.78524963513,7662.523031443481,3,0.32080376640985486,Q4_OOT,0
51,42369.323062119554,8316.787851643538,2,0.21764697418971726,Q4_OOT,0
39,49653.19125179397,8032.042318479719,4,0.5483760805963184,Q4_OOT,0
41,56389.60858648137,54557.31178480249,3,0.18830725119485764,Q4_OOT,0
64,27789.04108554829,15742.335218926382,4,0.16506538973702167,Q4_OOT,0
37,37990.0992590985,22089.29989414036,7,0.5281551153226548,Q4_OOT,0
32,28863.747289865052,7178.544752853111,4,0.5118035590442245,Q4_OOT,0
69,37080.73890354621,5754.164819478187,8,0.39437211647056575,Q4_OOT,0
44,96708.16124957085,5230.517952940924,2,0.2749609702636472,Q4_OOT,0
43,64185.44408373247,23446.048797531508,1,0.10519005067010692,Q4_OOT,0
66,66447.39581787266,14317.332284988746,13,0.3173152284541144,Q4_OOT,0
42,59773.738419420915,7702.453120953691,6,0.11841243564741598,Q4_OOT,0
50,23781.064315886717,42815.93082107754,5,0.33043117959077944,Q4_OOT,0
69,50694.21102417026,7711.285422743778,5,0.14206251419625401,Q4_OOT,0
52,159367.882901492,7376.591423193799,2,0.17468953840894139,Q4_OOT,0
42,159024.64730522112,23955.655496766612,4,0.1248861116870102,Q4_OOT,0
22,65302.62084603156,13383.276872962047,6,0.24007557763996396,Q4_OOT,0
28,21747.34891545625,11106.191875192468,0,0.7499204259300841,Q4_OOT,0
53,126328.26673468162,43243.91117172954,14,0.3764275488992144,Q4_OOT,0
25,35800.47492922471,10617.08920104073,4,0.28637134978616524,Q4_OOT,0
57,42249.83333298653,13907.84348117095,14,0.24523728664903185,Q4_OOT,0
20,29907.116472200916,8878.771079522845,5,0.18515413423533308,Q4_OOT,0
50,32517.296637541705,10210.054557744908,1,0.3958147322687317,Q4_OOT,0
18,46954.320807866374,10815.287453563164,7,0.09018345893892178,Q4_OOT,0
47,129549.60362202984,14055.013540394257,5,0.3482500974956056,Q4_OOT,0
49,74922.93354632618,10743.320132867017,9,0.19939516541136995,Q4_OOT,0
21,41306.53375679427,83882.14006399248,8,0.13235276452226324,Q4_OOT,0
45,59756.05200145799,15255.94729168709,5,0.2933309034222235,Q4_OOT,0
23,122149.24428501239,29737.812630102955,11,0.10064158318469818,Q4_OOT,0
19,68268.71462353185,102951.80721471735,7,0.20167965441492167,Q4_OOT,0
45,41108.03971336872,48320.313254280474,0,0.27587262104482585,Q4_OOT,0
43,141197.71378127806,20060.078039655848,6,0.10644389420161386,Q4_OOT,0
38,31488.293817974132,8701.256095340352,4,0.5007513558302217,Q4_OOT,0
52,42645.443734849396,8325.067111072138,2,0.46688143845953123,Q4_OOT,0
69,72513.42845536844,34084.86727771205,5,0.23611710054260104,Q4_OOT,0
65,29291.545417802718,20010.32258372915,5,0.2223240424235619,Q4_OOT,0
39,119315.79062210191,10573.322562132515,8,0.3749187992219367,Q4_OOT,0
37,46371.52660122665,13425.771945311231,1,0.2887391175378661,Q4_OOT,1
42,288531.4630009161,10501.632894025988,14,0.641986850297602,Q4_OOT,0
52,99742.95586989666,15941.018683889528,13,0.3122831948484076,Q4_OOT,0
63,24915.842775962505,17988.627773549808,14,0.4541739036540168,Q4_OOT,0
31,202176.69407332034,6979.9384106998195,5,0.32197705241908964,Q4_OOT,0
52,50661.295423287454,24605.38689446192,10,0.4686761560250775,Q4_OOT,0
44,69533.19632304361,13688.517626688943,10,0.12291813218964158,Q4_OOT,0
40,128264.2264500752,40672.258836052526,6,0.247451957740283,Q4_OOT,0
55,36809.34527836863,13586.424604449996,9,0.14108204997598658,Q4_OOT,0
47,40998.20634060832,10422.712151432599,6,0.00858222139014287,Q4_OOT,0
26,33962.81675170365,30722.104879831244,9,0.1186640057282346,Q4_OOT,0
45,177300.07944359872,18341.613245750945,2,0.04568007116887452,Q4_OOT,0
64,49377.34857355042,7152.0409691935565,10,0.16796005038660422,Q4_OOT,0
53,21924.524250854614,30831.567946063496,0,0.10556704669730435,Q4_OOT,0
57,37171.457306768265,61374.42500491166,5,0.4837417065701379,Q4_OOT,0
34,46695.012328111,9343.137257567334,2,0.2805070842489681,Q4_OOT,0
66,21240.088429654017,10472.025735559819,4,0.26953692609686614,Q4_OOT,0
65,157229.8867847197,7555.462794125495,1,0.6809226745673506,Q4_OOT,0
63,36510.201556127206,14301.323431169472,8,0.3410639182160992,Q4_OOT,0
67,31412.1308791411,20359.84105311626,12,0.3979592684960652,Q4_OOT,0
38,24396.249886710666,16047.062004669038,4,0.26662532026821384,Q4_OOT,0
22,31891.977206114338,25049.323862566227,10,0.40834077094649,Q4_OOT,0
52,35375.84074111141,7949.228296354153,9,0.09566492024827383,Q4_OOT,0
41,33572.68093693686,12221.74118919851,14,0.4580543354686581,Q4_OOT,0
64,37344.14352461378,21796.226465104526,7,0.8108534539581889,Q4_OOT,0
57,39491.822916596575,39481.7637080658,2,0.14474570225550384,Q4_OOT,0
29,67731.7597663264,6951.62849748937,4,0.2869282935238431,Q4_OOT,0
63,114604.08966184722,32065.7396507977,13,0.16986556218231832,Q4_OOT,0
46,32474.249149613177,14535.558858700455,13,0.20521697626588592,Q4_OOT,0
37,106508.02193801402,12450.616079714691,3,0.1615851217696175,Q4_OOT,0
45,89564.14519873074,18044.8627694838,3,0.39838711539320076,Q4_OOT,0
39,180984.47977197904,27804.592169234296,8,0.020388181138419406,Q4_OOT,0
66,181027.59040173126,12487.709928528582,14,0.23875015485729048,Q4_OOT,0
30,21556.966273264967,18868.47259680782,9,0.22252831221277858,Q4_OOT,0
66,61278.491351310164,12406.12703478799,5,0.20101295057405466,Q4_OOT,0
60,35020.67357598536,6136.751571068748,14,0.3944468296492578,Q4_OOT,0
59,135426.08430130352,16727.30679792064,13,0.5352860392876015,Q4_OOT,0
66,42383.53675894821,11972.449111449718,7,0.20161483188335913,Q4_OOT,0
56,156541.4864126142,7357.966936515432,12,0.20466842734315835,Q4_OOT,0
36,32226.862421175832,29232.48429909492,5,0.25494578698774306,Q4_OOT,0
29,42530.06674683523,5228.270276370756,4,0.4516045388269248,Q4_OOT,0
25,27775.43429469433,7663.176967190128,9,0.133792589492142,Q4_OOT,0
29,241175.95456167826,8703.846051587101,10,0.2846765631055991,Q4_OOT,0
65,37049.77208537516,13258.549004636081,1,0.10322934252844895,Q4_OOT,0
50,27751.045248025053,19569.55511933265,3,0.5888934013254689,Q4_OOT,0
43,81812.41558755806,16966.17049324205,5,0.3014151130862335,Q4_OOT,0
22,105126.4459135706,6414.909911953141,0,0.4060749018712437,Q4_OOT,0
44,39820.94691789658,18832.122105033384,11,0.10298573386400392,Q4_OOT,0
40,48906.446164852074,10386.439036385313,0,0.27299271017773863,Q4_OOT,0
62,28259.694947458425,11829.940828048242,7,0.41092470635536077,Q4_OOT,0
37,62197.029064227536,20300.491568057507,6,0.11371268448308776,Q4_OOT,0
35,29221.034329615286,49649.16791755967,7,0.16625576205591405,Q4_OOT,0
35,74489.6891298171,23249.830172051054,5,0.2980350626690529,Q4_OOT,0
50,84436.98084210572,10169.365078264254,4,0.4103052866800243,Q4_OOT,0
54,23153.038071636267,47041.65360743681,7,0.4734334203544959,Q4_OOT,0
64,51454.39285756172,9646.876210092005,13,0.4787160720664327,Q4_OOT,0
68,103077.03336908619,11459.355278665196,0,0.46718823757801914,Q4_OOT,0
58,138280.29158697987,6486.594168456921,14,0.20202626290495906,Q4_OOT,0
68,28659.67507304642,64382.37463205434,5,0.4469140702087863,Q4_OOT,0
30,37165.32286319528,6223.8532484125535,0,0.2739516139556745,Q4_OOT,0
45,47480.34645744355,16071.47385209966,11,0.23217618648385127,Q4_OOT,0
19,28514.592803841057,28013.849601930633,1,0.12419588858109433,Q4_OOT,0
29,81155.68242934611,5746.756918053881,13,0.43291013505165227,Q4_OOT,0
52,28241.767978880038,62792.871381478675,3,0.32332819026085924,Q4_OOT,0
40,70620.0635040376,6772.551788471723,11,0.13841267657088396,Q4_OOT,0
55,47101.537262351405,15472.094185932934,4,0.20492353275754796,Q4_OOT,0
53,32270.354266560662,12726.352388917629,8,0.09091443737615046,Q4_OOT,0
20,21785.052255793948,13209.654618449342,6,0.07399034663500113,Q4_OOT,0
53,249987.2965732158,13890.608488163807,0,0.09325042314864652,Q4_OOT,0
41,135558.50695208996,46678.61509747191,14,0.17592501070416325,Q4_OOT,0
51,58794.440512843146,9404.320485022974,14,0.3487427964614813,Q4_OOT,0
54,41434.98348218472,8412.728976681083,4,0.09422664802048901,Q4_OOT,0
54,35644.869215382234,12404.390763773998,12,0.33819615634886485,Q4_OOT,0
64,29709.660695238686,28485.64094339118,12,0.1442300223913296,Q4_OOT,0
45,59407.814309006986,7234.896678525538,4,0.4674697236527881,Q4_OOT,0
51,29894.46044810371,5465.330596988275,14,0.145397472945574,Q4_OOT,0
69,40967.31341092136,18529.532665154522,1,0.49250978073514573,Q4_OOT,0
22,107622.06557884149,12156.919792160446,7,0.3315211128615494,Q4_OOT,0
60,96793.67166931079,84571.32457565163,12,0.35342403072194667,Q4_OOT,0
67,115843.37169627564,9469.238153954597,6,0.697985159563968,Q4_OOT,0
23,39097.201291592515,7442.445940607842,12,0.07740931872925476,Q4_OOT,0
54,85925.14666699809,6695.17458981476,0,0.11797166016565057,Q4_OOT,0
21,38884.50518463542,49048.31757690397,3,0.07360948796311928,Q4_OOT,0
64,43364.76322365153,10895.460933274899,5,0.12023365318190683,Q4_OOT,0
62,124301.0940557268,22638.21098021538,0,0.23137656440669194,Q4_OOT,0
66,57050.96379862665,6725.530708571344,0,0.5219832164578758,Q4_OOT,0
68,79514.94929808067,17296.493371741828,5,0.46905199454548235,Q4_OOT,0
20,64140.86626153251,32149.844360785562,10,0.15215760046577034,Q4_OOT,0
66,27282.794689278624,22596.304561223104,11,0.24521916802657084,Q4_OOT,0
28,25117.21834869797,14068.799353450848,0,0.10335953761310956,Q4_OOT,0
52,20008.7765631317,7505.242876279837,6,0.22271230562640823,Q4_OOT,0
34,99626.81179384542,20568.38655242617,1,0.2545784462854273,Q4_OOT,0
36,39429.15231720981,10941.201484145025,3,0.1903807158724885,Q4_OOT,0
38,20645.05985900575,15857.65099076572,4,0.36366559568126544,Q4_OOT,0
22,30660.266009607854,9440.165858748962,8,0.22094163980152415,Q4_OOT,0
38,150302.2451418999,63202.71601353906,12,0.3755353171319319,Q4_OOT,0
28,25380.925074035928,12718.801445407084,2,0.04806514734928522,Q4_OOT,0
56,65960.06538856852,10494.606785456372,2,0.18569979033052178,Q4_OOT,0
58,29142.274535684985,17467.614412872746,0,0.44416504260874945,Q4_OOT,0
36,51381.282345655854,12570.270421270598,13,0.03397678033866933,Q4_OOT,0
65,29765.015921323073,5317.292006257916,14,0.4132181092066498,Q4_OOT,0
49,55321.62161880513,8631.747701394483,13,0.23421337449265123,Q4_OOT,0
50,46111.375499198286,8981.073517411909,2,0.1359410531987805,Q4_OOT,0
32,98826.70477700359,23225.962644332347,11,0.1991852892266779,Q4_OOT,0
34,166293.38009861027,26906.71610836655,14,0.4191290663398204,Q4_OOT,0
68,40037.38934568076,13317.88663501171,2,0.3490391979898933,Q4_OOT,0
62,50517.14650179556,26358.58606065821,0,0.2931389989977067,Q4_OOT,0
34,57048.4825687938,12191.352538059458,6,0.43066689709931094,Q4_OOT,0
66,86330.0103311174,24592.23978643871,14,0.06675469170660517,Q4_OOT,0
55,64550.08775834813,50529.23044460248,7,0.06744944941174247,Q4_OOT,0
20,27353.98290028374,17332.33144585922,4,0.22473667360213762,Q4_OOT,0
64,28858.89388268987,9041.80882913764,3,0.26703903735217605,Q4_OOT,0
63,26552.526059466014,7761.108865888923,2,0.2584456609038916,Q4_OOT,0
33,36531.922099142335,25016.006072547894,7,0.27054440414812275,Q4_OOT,0
46,80353.70870516959,17260.65498773287,5,0.18048672447669162,Q4_OOT,0
19,28224.46349917903,17636.690311037095,11,0.32073462537495173,Q4_OOT,0
52,66813.05948253907,13548.103158484955,6,0.3205197727731879,Q4_OOT,0
52,176487.8760425899,23056.68710901288,13,0.1827232805390236,Q4_OOT,0
36,92373.9038443461,5082.606290595381,4,0.12239099172899745,Q4_OOT,0
43,169481.72605384604,13519.760404942836,7,0.6682034159772232,Q4_OOT,0
18,110515.32248783736,34951.4927910949,9,0.24326165301468808,Q4_OOT,0
26,32423.70758837332,5793.2375022645,8,0.07967145586076185,Q4_OOT,0
53,23677.670238197505,6128.614675144625,12,0.4804269475543863,Q4_OOT,0
52,54648.15554467106,11418.182236880964,1,0.1676419947999072,Q4_OOT,0
19,123543.3918122513,18611.722806373844,1,0.2878167224927559,Q4_OOT,0
63,28957.633827859845,42231.677685123585,3,0.06440667438132183,Q4_OOT,0
47,44229.26192340165,16440.882679777107,3,0.546816997887199,Q4_OOT,0
49,96315.28991691982,36818.64949831459,0,0.2867166774988569,Q4_OOT,0
64,131126.82797568553,39941.74590654376,2,0.21780832648153564,Q4_OOT,0
25,37904.26184399487,44845.348281437815,5,0.22443253146949424,Q4_OOT,0
40,20058.21709555082,7558.500989418132,14,0.5387593613096281,Q4_OOT,0
34,68045.05480971132,23721.012042633552,11,0.21104229437124455,Q4_OOT,0
40,100678.96793026027,75419.24287120228,9,0.2916514848153405,Q4_OOT,0
53,59352.664945718505,8389.693542344554,12,0.21758586806078303,Q4_OOT,0
31,32061.54982693907,7037.700881766839,3,0.3667182405244685,Q4_OOT,0
35,183485.59277023454,11883.386102283017,12,0.1052068748464933,Q4_OOT,0
48,60279.603913430976,28122.16752015468,11,0.35519480269570036,Q4_OOT,0
51,147008.58321447397,27014.294233675442,2,0.1351965141623614,Q4_OOT,0
29,110264.94259332071,46506.851824034005,4,0.2540924767570778,Q4_OOT,0
66,51951.58038948998,5893.984559686391,4,0.2244587334626844,Q4_OOT,1
43,45122.102688137595,47281.65230915052,9,0.30014257804182826,Q4_OOT,0
40,57403.93494471166,15942.118720080744,0,0.03385664222175464,Q4_OOT,0
28,23877.175532425477,16396.787667648525,1,0.409135690176862,Q4_OOT,0
18,45783.166249029106,11162.877720884102,0,0.7197789520294761,Q4_OOT,0
44,121303.24746016446,24798.73010833803,0,0.3284653838235819,Q4_OOT,0
61,20071.721347281487,44237.02553099243,6,0.42869683900621114,Q4_OOT,0
23,173080.40437631923,10580.765224002142,7,0.21156163677915707,Q4_OOT,0
68,28409.764633117593,22221.30015673504,3,0.33259028902329724,Q4_OOT,0
54,38003.25088582535,5864.076860727869,8,0.11910403349955943,Q4_OOT,0
34,84437.34671446784,15832.622748622833,12,0.14886088068600703,Q4_OOT,0
40,29012.9838419984,12873.800458805777,1,0.2541376331085063,Q4_OOT,0
42,32623.144567382547,21490.13346217921,4,0.681997055588877,Q4_OOT,0
38,48653.43210002857,14838.48759244839,5,0.16823393758168131,Q4_OOT,0
50,221880.3752732584,37671.31289444654,12,0.593586089520239,Q4_OOT,0
61,56907.37901430957,12677.264912885235,0,0.23003922878089453,Q4_OOT,0
28,66814.4763747763,38789.37185208194,6,0.09064809541292623,Q4_OOT,0
47,22975.097245593868,18736.83457075986,11,0.2842042234942242,Q4_OOT,0
26,22287.640361068494,16421.335134307403,0,0.40106123410357564,Q4_OOT,0
36,46811.06011084447,49876.728672206234,6,0.2011962943250819,Q4_OOT,0
65,51584.30894831954,14798.984421393652,12,0.3951519140974005,Q4_OOT,0
30,119413.53996906163,24442.126590405544,6,0.11513629384978098,Q4_OOT,0
26,65340.90826867535,5108.6220521881605,0,0.13205379952211982,Q4_OOT,0
18,56426.48716246281,7804.314978919666,13,0.5330149568736268,Q4_OOT,0
66,56981.131620277796,29732.03090514748,6,0.1715134034906326,Q4_OOT,0
64,98480.64435112465,16707.145780565756,12,0.07331717898585517,Q4_OOT,0
54,80585.88903303567,20738.082705439847,3,0.14038552788723468,Q4_OOT,0
46,72983.91075786608,33501.93496878792,12,0.2869554608495109,Q4_OOT,0
43,40860.86826089755,11716.690898858229,4,0.18754308385114105,Q4_OOT,0
59,84186.88134619336,18126.752811075778,7,0.26852321813602664,Q4_OOT,0
64,43407.47433877384,25230.39469537821,6,0.08390209658993684,Q4_OOT,0
54,85468.70099885494,11179.59052692619,13,0.31064560881275577,Q4_OOT,0
50,35454.0356411628,20031.74265061669,3,0.08052565304251459,Q4_OOT,0
33,33238.94786526347,41971.6483675451,9,0.08896449714213936,Q4_OOT,0
60,69240.94429587855,32667.036536890857,4,0.3893344102835457,Q4_OOT,0
28,135443.88982686715,7276.7909007103235,9,0.12556654513229198,Q4_OOT,0
40,33029.33300241454,18319.04731774148,1,0.12063951208469623,Q4_OOT,0
62,31198.702096832632,20928.870253908644,12,0.29212219283526425,Q4_OOT,0
37,52506.13809717375,23847.423347419714,12,0.5971029755311758,Q4_OOT,0
32,48916.622012770626,36043.0004809177,7,0.19227518536086657,Q4_OOT,0
59,81966.14976290106,9843.642891575477,9,0.18866969544419993,Q4_OOT,0
45,37216.674008487316,46781.71341678276,5,0.3166581761730198,Q4_OOT,0
60,28881.800728433172,7599.409344227912,8,0.3480212824084486,Q4_OOT,0
66,55329.575303292935,12569.214577969597,3,0.16277060525725584,Q4_OOT,0
50,40944.7274343954,16547.9587784907,9,0.1337397484135574,Q4_OOT,0
55,55391.29491615623,8419.184333685269,14,0.12464814924982334,Q4_OOT,0
47,94210.69662603748,6951.817216227911,7,0.15070598762907583,Q4_OOT,0
23,23508.10359991732,14668.35130204902,12,0.17196812838010508,Q4_OOT,0
62,94252.02860239914,15300.12634847942,14,0.41079550866064035,Q4_OOT,0
61,24228.334474386094,25454.30699416521,12,0.15631626315604974,Q4_OOT,0
23,93259.91854020422,51700.83546559591,9,0.5725312498628958,Q4_OOT,0
52,168282.29164864583,7014.939579991103,3,0.09458665248593133,Q4_OOT,0
36,81667.45788967989,10049.497345190324,0,0.3407243405526449,Q4_OOT,0
51,61150.68130050176,20349.73809759823,11,0.16382190375093428,Q4_OOT,0
18,90654.44545776892,26819.526780768625,9,0.8226807912326762,Q4_OOT,1
37,122722.06400136737,14375.908611149935,13,0.04942710936660888,Q4_OOT,0
67,40876.98068415896,10726.548768205059,6,0.3363285989118185,Q4_OOT,0
39,99617.64065031034,14487.96271117315,8,0.15223359538590567,Q4_OOT,0
26,68259.41928320585,36179.42817670258,2,0.4271815314434261,Q4_OOT,0
27,66636.95155027985,10578.24352392923,2,0.1128834115691608,Q4_OOT,0
53,68281.95565052301,12808.101883980376,3,0.3559830230151963,Q4_OOT,0
59,64094.673875512024,7238.898747170738,0,0.05433939059980873,Q4_OOT,0
38,211184.86273956313,10586.991177028354,1,0.13506277014730822,Q4_OOT,0
41,35268.56438182996,6204.567857867711,3,0.07163159267405074,Q4_OOT,0
19,24172.540493855246,33691.93505904394,13,0.22192363714682534,Q4_OOT,0
44,21615.9354664021,27219.593480927415,13,0.10650802509573092,Q4_OOT,0
20,23693.097731091122,8876.692445109267,9,0.20501040042385762,Q4_OOT,0
20,36715.126007306826,39959.4918550197,9,0.5175744030925559,Q4_OOT,1
47,43503.485131018795,24413.42029481754,5,0.16413847569459628,Q4_OOT,0
66,49657.07973485721,39476.76736960335,3,0.14246368447709465,Q4_OOT,0
44,184621.58837469062,17747.520279246168,14,0.25711665781774684,Q4_OOT,0
18,57141.73630191026,18822.704748673925,11,0.43337699315458034,Q4_OOT,0
22,32643.2518551602,6224.069511848494,8,0.32531348631485346,Q4_OOT,0
62,64547.91773008715,17782.717939468574,0,0.28291290484844295,Q4_OOT,0
52,54132.473551835115,10525.437589533833,3,0.3630976401889053,Q4_OOT,0
36,30953.39754516342,28854.09783910253,7,0.052056613860357176,Q4_OOT,0
64,69044.46909456671,19478.15728558284,4,0.352204928585566,Q4_OOT,0
24,103282.12437954418,5329.101154870901,2,0.11450104970827414,Q4_OOT,0
21,124892.59132809471,5656.967642396411,0,0.32873068636174735,Q4_OOT,0
40,25484.680856206243,12944.214926589284,2,0.28336300851539603,Q4_OOT,0
69,178201.19532177667,5674.618584659875,11,0.3199075153369421,Q4_OOT,0
25,61273.99194781868,16375.021935558801,13,0.21059002687161638,Q4_OOT,0
56,21782.998957792366,13848.052909712786,6,0.28798256476898026,Q4_OOT,0
45,57038.99579675466,17864.025726882563,5,0.38744705903366505,Q4_OOT,0
32,47712.011784031914,12415.17373594248,1,0.31456657871480886,Q4_OOT,0
52,25084.938377195405,6022.533624655065,7,0.18833736456892208,Q4_OOT,0
53,44484.7704096619,12642.8855661189,4,0.3321272952167845,Q4_OOT,0
41,40217.99228648364,8272.704485119619,0,0.08850296152118446,Q4_OOT,0
59,25759.087455819106,15666.678007356872,11,0.4914748250237637,Q4_OOT,0
51,67188.06283957916,35147.027161138045,2,0.6092424471957927,Q4_OOT,0
69,110070.53924303866,5627.498277359891,3,0.44611630461916263,Q4_OOT,0
48,21099.031069886758,21685.04332570187,11,0.23927004461889867,Q4_OOT,0
54,83224.61419107809,16830.838898353213,2,0.5082770049285305,Q4_OOT,0
27,126234.71925178498,6235.342568263664,13,0.25679382074093116,Q4_OOT,0
24,43929.553499747075,43431.13423827709,14,0.29710539117197254,Q4_OOT,0
38,31582.831707500263,16938.822990911343,7,0.33895288362084003,Q4_OOT,0
21,72093.99233050857,32135.787802715975,11,0.23382369297131064,Q4_OOT,0
68,183233.87919799078,12189.75551563669,8,0.24429950328240377,Q4_OOT,0
31,33564.491255788285,31214.226880758128,11,0.11472225976893785,Q4_OOT,0
64,20021.160905215078,7241.684731117016,0,0.5552888616051054,Q4_OOT,0
66,58801.93681048437,19864.983969063775,5,0.19210001181267858,Q4_OOT,0
33,38142.57587929971,22487.78575857591,11,0.5408651412382803,Q4_OOT,0
59,23401.511561256557,6136.656561548262,5,0.4292820068707418,Q4_OOT,0
28,20870.58465329813,33723.66590368648,9,0.44003532524117067,Q4_OOT,0
49,57261.121112045956,81312.83233177218,10,0.03560056011732677,Q4_OOT,0
65,37117.156274247485,11973.554482873653,8,0.25333587811652625,Q4_OOT,0
69,57945.267500118374,55629.22260898702,8,0.11979287491333834,Q4_OOT,0
66,27426.793672942433,34511.95419681222,8,0.02388300569852831,Q4_OOT,0
42,27361.317420947416,13667.072654881775,13,0.26631457637764294,Q4_OOT,0
68,36832.2827093335,5827.1464583607485,12,0.11441378021789216,Q4_OOT,0
57,24747.85222483351,17444.24867171867,6,0.1843364880176499,Q4_OOT,0
46,89481.06720703565,22523.14632095014,8,0.45613426134085333,Q4_OOT,0
37,81046.53429787497,9178.159864587862,7,0.31637071589135246,Q4_OOT,0
69,39440.145547320004,5820.763013408239,13,0.12869704000000956,Q4_OOT,0
43,37335.42000049669,16035.33787827924,7,0.18674688126623992,Q4_OOT,0
60,38140.01544223405,10095.672587966768,10,0.3987581906765526,Q4_OOT,0
69,21525.96624819457,23408.192495527233,10,0.17219982946259824,Q4_OOT,0
36,187617.5871556967,18391.377216949473,11,0.18909323979053666,Q4_OOT,0
23,42046.772208626084,5945.712354372656,0,0.5446281555774262,Q4_OOT,0
30,59461.59643132235,9215.4180027714,6,0.037110670394301284,Q4_OOT,0
60,102899.53357138773,18747.123595649977,6,0.5116617839941919,Q4_OOT,0
67,22705.555466954833,49231.929161136606,12,0.2616626559390173,Q4_OOT,0
36,37532.23889930868,5336.208097155543,6,0.3860947926240658,Q4_OOT,0
68,26258.110057195794,15101.633809586396,7,0.273415123658168,Q4_OOT,0
25,128455.52653345268,15737.639238628899,10,0.05941774855171645,Q4_OOT,0
29,28888.928281014792,30766.58406750348,10,0.31046202118537886,Q4_OOT,0
22,69814.54221814606,61053.50434308593,3,0.22580512353356375,Q4_OOT,0
45,43696.34864154548,16507.120655695006,4,0.29486168022677983,Q4_OOT,0
31,27341.94453572592,39639.02520546427,12,0.2131450657624976,Q4_OOT,0
67,33618.24576685459,37689.31657470832,6,0.229255497639226,Q4_OOT,0
65,20100.453132724328,40825.40116743266,9,0.14962910524112336,Q4_OOT,0
58,122955.42629641831,12289.963706062814,2,0.22546438796206905,Q4_OOT,0
36,49330.36349727398,44434.561048664495,1,0.14544860233423795,Q4_OOT,0
30,169310.26614894782,47018.47660881543,12,0.1551541050015344,Q4_OOT,0
40,103213.73090749464,12820.206493460071,13,0.3081788365225904,Q4_OOT,0
58,34575.62330781805,24523.938075177768,3,0.4863261605979342,Q4_OOT,0
19,79968.0064973406,10798.522313762332,6,0.011224282025263701,Q4_OOT,0
45,33257.85449660958,17630.270949969374,2,0.4425781731970928,Q4_OOT,0
58,49969.79099211638,15038.002599085412,9,0.306534389279212,Q4_OOT,0
58,31037.141770668244,17229.289259051384,9,0.07754113252660742,Q4_OOT,0
66,44100.39229706522,12637.681687176984,9,0.5736240992381252,Q4_OOT,0
24,110435.57800461109,10371.830056452094,8,0.33373462386529845,Q4_OOT,0
42,101383.13471295482,52354.80916672328,7,0.42760079905710613,Q4_OOT,0
41,246951.25799796236,25237.928135546386,9,0.5900615628918431,Q4_OOT,0
55,64182.595830840095,11714.855406048377,6,0.44788772319510894,Q4_OOT,0
43,64161.96983347629,44940.35429243668,1,0.29185655362546326,Q4_OOT,0
56,24181.503877072726,21725.48364531783,4,0.3252756524514144,Q4_OOT,0
52,48405.80973207716,32331.41264784367,12,0.6506445312401724,Q4_OOT,0
64,54256.71514836046,17127.763078066873,9,0.11797808887660835,Q4_OOT,0
19,237229.15183456632,10647.256648954488,12,0.32005574750618154,Q4_OOT,0
19,37504.20575570615,11626.582664467256,4,0.3369121933474411,Q4_OOT,0
68,61897.00375935412,16532.2023890361,11,0.26869268064429985,Q4_OOT,0
45,93573.36491807588,20395.858611289914,9,0.5485954398478263,Q4_OOT,0
21,52890.439394665445,33434.772896746814,11,0.3054962748361058,Q4_OOT,0
18,32258.1460983789,16287.325218533048,2,0.49710780965693263,Q4_OOT,0
26,29790.76561953056,41637.920171093894,1,0.10223422053180184,Q4_OOT,0
49,79271.5309892305,5623.20659620945,12,0.19644551851712078,Q4_OOT,0
67,71337.10726076234,8810.232924375454,12,0.24648410004313465,Q4_OOT,0
52,29982.31298359715,88774.82875055652,8,0.3715789586805483,Q4_OOT,0
38,49917.264028536214,21425.912640554252,3,0.227394491513647,Q4_OOT,0
45,51685.65046609127,39030.871244580136,0,0.15941877688893402,Q4_OOT,1
21,69654.53405733619,16296.524426912085,1,0.5638214333679534,Q4_OOT,0
46,83024.85371723853,11384.76276429226,3,0.32840916583690316,Q4_OOT,0
26,22187.283844415186,7339.671997567358,7,0.07300894575794256,Q4_OOT,0
43,53292.62352098217,6421.942526491756,14,0.2946939425009977,Q4_OOT,0
60,22296.21223072271,7182.473066540928,6,0.04561810684243983,Q4_OOT,0
40,71018.7628963051,22398.767897666356,11,0.608170540968946,Q4_OOT,0
64,40437.099517302166,22942.506454580333,11,0.28242926525926365,Q4_OOT,0
50,27561.03057554035,16522.44103632954,10,0.5108944690324378,Q4_OOT,0
65,27848.840300428827,5110.428091774146,3,0.6185820019520695,Q4_OOT,0
51,90679.6424936651,32353.37303161515,0,0.14937480853640817,Q4_OOT,0
36,32419.96022396238,10611.388101618624,13,0.6560650448789735,Q4_OOT,0
53,65203.1566675104,27235.917998898512,4,0.40342724394379353,Q4_OOT,0
63,49817.79294503224,19051.824859892884,8,0.31151638312921776,Q4_OOT,0
27,58763.94279353406,8103.885404992014,8,0.45053662054085286,Q4_OOT,0
59,43811.74050370294,26436.43624936849,11,0.355323378517755,Q4_OOT,0
67,59575.11570640971,15703.296755750196,3,0.1095615943144328,Q4_OOT,0
22,71420.36390619403,11516.227582651518,6,0.2024857811047764,Q4_OOT,0
45,27500.996845738082,32105.48173970763,8,0.2691337209651098,Q4_OOT,0
20,182593.16661652664,14399.359617716795,13,0.39323422382536516,Q4_OOT,0
36,25424.625552559508,20854.047633703573,7,0.09042758470778436,Q4_OOT,0
49,102807.40871154118,21211.92085952552,11,0.46881832049869915,Q4_OOT,0
56,102816.991821372,14806.864179964765,2,0.07977929119502339,Q4_OOT,0
66,56620.31543138169,13716.489764691263,8,0.556763719418941,Q4_OOT,0
56,63633.21719897909,44084.52240909588,6,0.22432998438507118,Q4_OOT,0
59,25388.35010771278,14752.199753908397,12,0.5157070972237986,Q4_OOT,0
29,35212.0688364066,34104.86250045981,2,0.3438971608973254,Q4_OOT,0
54,53963.73861537668,8540.124565011363,10,0.2742473502084744,Q4_OOT,0
50,27009.050416429738,32726.68210870442,3,0.35128695863471465,Q4_OOT,0
47,63677.468684107334,28545.89960792085,9,0.2754044596499397,Q4_OOT,0
60,53724.50355442394,41819.897322119075,0,0.13457255586293732,Q4_OOT,0
68,31593.649105220422,18099.318675740455,9,0.1337410352447523,Q4_OOT,0
27,42990.68181598064,5195.055765161321,5,0.21167500014470256,Q4_OOT,0
31,58934.87451665819,45281.16619664044,8,0.3730014962834329,Q4_OOT,0
32,162925.76223164852,16060.02941916453,2,0.5944203077236585,Q4_OOT,0
20,67009.50387857907,32495.02699845151,9,0.27288852646926265,Q4_OOT,0
57,24085.922015947086,14215.51836681947,5,0.5296254789536226,Q4_OOT,0
68,112641.24670879707,17773.025547162215,3,0.44737755048387956,Q4_OOT,0
46,121169.11393489789,5198.911327560165,5,0.14531855187461443,Q4_OOT,0
30,167065.1867094127,6045.97921798157,12,0.31314833627864186,Q4_OOT,0
66,34428.25876104476,28073.795350205,13,0.19746897824840784,Q4_OOT,0
32,86310.81826391583,16528.192864313747,12,0.028945992111056782,Q4_OOT,0
49,66898.91044835479,69222.52830161543,13,0.290802660602931,Q4_OOT,0
39,151130.81109609597,18369.12750794693,14,0.23229262775049045,Q4_OOT,0
68,81873.49581686906,5806.316686057262,13,0.3019837609833374,Q4_OOT,0
28,31475.789558057415,9812.271201210433,12,0.18878155409348174,Q4_OOT,0
65,22352.604368103413,9578.262317745412,12,0.29307477585299796,Q4_OOT,0
29,84154.46253464039,9750.873697193616,1,0.27331336326945266,Q4_OOT,0
69,45587.51905960425,14832.159104720695,2,0.31445575266078474,Q4_OOT,0
19,25071.750626275214,19898.56213202403,5,0.041064960714320475,Q4_OOT,0
30,117195.18065625458,9909.385751823285,6,0.1039443951848702,Q4_OOT,0
62,29788.777143727348,26231.24095453774,1,0.2580667182321026,Q4_OOT,0
36,59146.30690409448,20436.072662454746,1,0.09618968454590204,Q4_OOT,0
20,103191.36405453157,5403.575794100277,14,0.06738032901719518,Q4_OOT,0
21,43987.52050110504,9142.702640030055,2,0.2508354770667789,Q4_OOT,0
49,181879.77464288042,28180.273485987404,2,0.16888585204481676,Q4_OOT,0
60,41622.00201386487,13162.904755807427,12,0.29786581491793623,Q4_OOT,0
19,128177.74455441169,34176.006943409324,9,0.19169264783461248,Q4_OOT,0
65,23081.35723968179,5647.466500648163,0,0.45123899150845337,Q4_OOT,0
42,20893.684828947356,10504.916138709392,10,0.18508282444219618,Q4_OOT,0
53,125234.57153932587,29432.166254278476,7,0.2861398123537406,Q4_OOT,0
65,172935.8105326043,12720.906965713435,5,0.04980262509175819,Q4_OOT,0
62,73226.3384494114,11122.204386163954,11,0.16672515885782008,Q4_OOT,0
36,40925.92085328758,5844.349180239466,1,0.4308865915692319,Q4_OOT,0
45,30771.43453074857,6264.942856229401,6,0.17950882175552688,Q4_OOT,0
20,126289.30388730761,16743.18576628795,1,0.2827266980004387,Q4_OOT,0
28,29681.22785004568,18065.10853318691,10,0.21544186354182457,Q4_OOT,1
62,45662.579895134564,34989.22484646154,12,0.10102098751306933,Q4_OOT,0
19,41005.3722494955,28938.833031997776,14,0.2651105817182704,Q4_OOT,0
61,69626.54776555549,10463.92971778315,5,0.21712811631972004,Q4_OOT,0
28,97551.43830348695,5585.955450638839,3,0.23869430236626224,Q4_OOT,0
32,79665.20812132239,13486.228246530089,1,0.17873261265133383,Q4_OOT,0
33,30729.19203585481,6678.231640955095,1,0.3275153550523692,Q4_OOT,0
49,38148.61888597753,14376.412209530814,5,0.654742927111911,Q4_OOT,0
66,37908.507753204736,6701.603929460418,10,0.41178652154561535,Q4_OOT,0
55,53041.48228314698,5257.796301898954,12,0.08579350800357989,Q4_OOT,0
20,43193.36843543321,19618.983849082906,12,0.5057393883493221,Q4_OOT,0
20,20577.950921366417,20675.03508678012,14,0.11340458988254286,Q4_OOT,0
38,53902.597005787524,16695.315730139675,2,0.13689113758865057,Q4_OOT,0
56,33132.55703862508,52350.81014315975,0,0.6319627417577229,Q4_OOT,0
45,115799.95859321942,5355.656490473751,7,0.5241344348626515,Q4_OOT,0
39,115638.31309432004,29058.76551747076,14,0.20134750235178955,Q4_OOT,0
32,29150.116425286593,12228.929356687939,5,0.05544048563282345,Q4_OOT,0
22,64095.18422854406,32107.918729169676,0,0.29533201800597486,Q4_OOT,0
63,144772.75342056173,22179.31250428256,9,0.6500924906710925,Q4_OOT,0
42,69866.48481046932,24107.214591449123,3,0.34513918614167655,Q4_OOT,0
46,73236.89985134476,14634.551966664758,0,0.0838514036833603,Q4_OOT,0
24,63271.31658714675,10299.978490732688,11,0.19512621947509953,Q4_OOT,0
57,27541.172550733714,20955.92937390651,12,0.4150275772118394,Q4_OOT,0
50,46233.70397282304,7422.583721169933,4,0.6929915175483826,Q4_OOT,0
37,72687.42719927231,26768.741161900994,10,0.38789478189498,Q4_OOT,0
62,29519.36059403667,24141.047938720636,5,0.16730888158741564,Q4_OOT,0
32,43594.814198238804,19850.420189564753,12,0.34432831482456105,Q4_OOT,0
30,50466.83424708086,30652.244521338398,7,0.10243123336804316,Q4_OOT,0
52,62547.776204084046,10033.73521366138,4,0.6518527041732384,Q4_OOT,0
41,67090.6126625413,16799.912893552086,8,0.11623438005400381,Q4_OOT,0
67,69209.22124988484,53596.090036157664,11,0.09025342558802243,Q4_OOT,0
49,69585.36687369992,30746.10084699481,8,0.2118991191471188,Q4_OOT,0
60,148083.96249375766,14956.10060590819,7,0.19352627226170824,Q4_OOT,0
33,28653.873773937452,15875.818035556984,14,0.2304331164636395,Q4_OOT,0
21,338714.6166470556,12735.628376792738,14,0.24953730976692987,Q4_OOT,0
36,79231.94816157804,6112.685871626678,11,0.44900725186019874,Q4_OOT,0
60,129012.3085613062,9005.729952031355,10,0.15795298994276832,Q4_OOT,0
65,52372.34049702456,8653.115914110418,7,0.22357964117476808,Q4_OOT,0
51,21060.879006922918,17959.501793252046,4,0.20961178188860932,Q4_OOT,0
22,91809.23374663382,6711.799242318977,10,0.32808697096836387,Q4_OOT,0
37,39587.080798701514,32163.07441302211,2,0.2243767290770692,Q4_OOT,0
55,24585.802300460433,24275.80958688577,11,0.5027747779343688,Q4_OOT,0
42,67905.14339259865,15938.92672330246,0,0.3748649624927775,Q4_OOT,0
31,34840.794001788396,12519.93182532554,1,0.34348365427333916,Q4_OOT,0
38,67712.44013831255,8286.413037359598,5,0.1967445588072959,Q4_OOT,0
40,24615.637198594228,5532.1641638613555,6,0.2303955755814946,Q4_OOT,0
18,21813.642139001517,6325.225765388073,11,0.3301666699076112,Q4_OOT,0
32,36120.29705657158,13797.232479467792,13,0.221019129724214,Q4_OOT,0
64,23695.284297656926,11489.33527088184,11,0.26297251406175626,Q4_OOT,0
31,39595.43018595297,33570.28465266561,7,0.35265138282664393,Q4_OOT,0
67,38573.32115123963,7090.883031752866,0,0.3160354535191132,Q4_OOT,0
29,57493.51668021781,24611.143754857516,9,0.14210050879743724,Q4_OOT,0
37,23001.5315700522,7798.490166971931,12,0.025849792445457025,Q4_OOT,0
45,86783.60551858193,8623.594457573738,1,0.26095935744796667,Q4_OOT,0
47,79118.85742651983,13348.218442446794,10,0.11181278597717247,Q4_OOT,0
30,30029.220568014513,9535.816598129986,9,0.44248156603069455,Q4_OOT,0
43,187838.76925020618,5735.548614938686,7,0.47660760010097497,Q4_OOT,0
69,51615.40361495543,7124.175345605805,4,0.5553178551456995,Q4_OOT,0
63,35180.447146078805,16341.522329719539,5,0.17013884210492303,Q4_OOT,0
44,42841.854542441695,17581.287136868148,13,0.24571856734222744,Q4_OOT,0
41,28538.1346378339,25802.181842121197,12,0.2980049624093394,Q4_OOT,0
46,30502.510541448468,14394.846668340499,1,0.3450346646206843,Q4_OOT,0
41,54121.37341886959,24407.00216238501,0,0.08410293962670028,Q4_OOT,0
63,154178.36512572094,13321.092800708764,6,0.13270995160774696,Q4_OOT,0
46,63208.459796691706,22236.60814034709,9,0.22730630970931143,Q4_OOT,0
30,21829.4890375578,15314.866312896393,13,0.15373952964982268,Q4_OOT,0
49,52969.65579015994,8646.781727410675,2,0.15903595247206193,Q4_OOT,0
54,53899.89833629156,5525.427450428607,7,0.07049783857906873,Q4_OOT,0
41,143847.24698170036,9108.189407025122,14,0.22154796888877876,Q4_OOT,0
28,141059.1920480929,9176.94035772117,13,0.40048578127878115,Q4_OOT,0
27,23034.050705516293,8412.282209917717,11,0.11249623954038085,Q4_OOT,0
40,32422.885444139032,22731.856228511908,9,0.24784682399286975,Q4_OOT,0
59,42047.33833854486,10134.280352182277,9,0.04742795283882871,Q4_OOT,0
39,46957.235210788815,11864.346168416927,4,0.5558978287840524,Q4_OOT,0
65,26891.97832757669,22834.909978696513,10,0.38449905560068565,Q4_OOT,0
32,156309.04231414574,18886.49188604254,5,0.41623212123106035,Q4_OOT,0
34,41471.44321128729,5895.684210243965,7,0.4481922315930615,Q4_OOT,0
49,93068.44306610098,10642.978823801259,10,0.256678618250231,Q4_OOT,0
43,44536.610318000865,5314.138246291668,7,0.2903242486221738,Q4_OOT,0
44,113248.34229134322,15279.532070333405,4,0.5662857165670517,Q4_OOT,0
52,134172.3976745241,28498.758382309232,4,0.36910153724451644,Q4_OOT,0
33,55241.2170009737,10865.258435595773,14,0.7109906933241433,Q4_OOT,0
34,50874.20445287632,16003.185203642088,2,0.14124404722612585,Q4_OOT,0
31,71082.41009860153,5558.914247868741,11,0.18144397948533617,Q4_OOT,0
45,85672.2660449432,6609.360567940612,12,0.4858884249003223,Q4_OOT,0
20,22142.02835020616,6618.612838730732,7,0.19769947309375033,Q4_OOT,0
59,189993.82795626606,17222.362640761166,3,0.23284126682600645,Q4_OOT,0
25,145926.05654412264,20345.007926441416,7,0.38679465607524394,Q4_OOT,0
30,51212.096556601246,67338.71721777755,4,0.06124575094895983,Q4_OOT,0
56,28980.22088860703,8416.345705127267,14,0.3575612841897462,Q4_OOT,0
33,48191.59156556902,17967.734657756584,12,0.5008638099012102,Q4_OOT,0
19,27451.332966893257,5124.433397579572,4,0.28854433088830106,Q4_OOT,0
34,26938.89452049219,10486.868889238789,14,0.09040713979356207,Q4_OOT,0
65,29133.3211549419,33422.02227266578,14,0.4929190389639965,Q4_OOT,0
57,32944.22124947385,17239.81797666035,12,0.21924284698545873,Q4_OOT,0
50,41508.51921751551,6663.964392555666,12,0.07126610821262913,Q4_OOT,0
64,224820.01478458356,39152.57862330533,3,0.46146334405791406,Q4_OOT,0
49,280550.979026074,11944.95800664257,11,0.1833458792709058,Q4_OOT,0
62,150518.1989302843,20888.285820529716,5,0.2291675686942948,Q4_OOT,0
31,104538.10120612198,24530.997181569106,4,0.4338230273289355,Q4_OOT,0
25,88363.66745586245,15048.909440927613,2,0.06828856354699102,Q4_OOT,0
29,31238.45287169238,7764.968280067198,7,0.0729360839048859,Q4_OOT,0
68,36237.63179391328,8619.687612231366,5,0.5693649291052787,Q4_OOT,0
46,47678.20190221441,11693.294075177266,4,0.2223342328814541,Q4_OOT,0
67,118242.42620609068,13662.54277552857,13,0.280729932905132,Q4_OOT,0
66,59431.63921159452,9236.80864658616,14,0.4149980355089159,Q4_OOT,0
41,170434.57913632033,10010.785692294823,6,0.17531083563886812,Q4_OOT,0
38,55772.61147664394,10504.574395794729,4,0.42262762812958227,Q4_OOT,0
19,31575.233363368796,16003.550015774077,13,0.5778787211082379,Q4_OOT,0
57,24705.60932460685,7945.530024775269,8,0.39866946988604535,Q4_OOT,0
23,22046.862927713846,35732.35462371659,7,0.19475502988777516,Q4_OOT,0
68,75222.60419643606,32492.773771649132,6,0.3808239079533367,Q4_OOT,0
60,41740.82892106705,13450.578537306465,7,0.09209403241600175,Q4_OOT,0
53,33903.14898617451,28019.74736273776,4,0.4092879155452355,Q4_OOT,0
30,24455.20964001748,23676.539392166822,0,0.33335474288833017,Q4_OOT,0
63,46977.42722119606,13806.309143879389,7,0.13510574162342284,Q4_OOT,0
44,42984.457718303194,6404.562002025214,2,0.5617025299067858,Q4_OOT,0
33,46252.865031325215,35324.71816741071,14,0.48374539684414813,Q4_OOT,0
41,41048.51638769975,19401.023502229433,11,0.62333073265415,Q4_OOT,0
66,167199.61173386508,9960.94528913597,6,0.26139277531776245,Q4_OOT,0
32,25290.026125268865,13208.288962742297,11,0.21787049838111294,Q4_OOT,0
67,82901.68860096966,25517.42946707518,14,0.4273069930810083,Q4_OOT,0
21,70494.208709471,10321.348498792315,13,0.17778286329906104,Q4_OOT,0
45,64878.28842880432,15409.288548713603,9,0.27763930517046054,Q4_OOT,0
40,92430.05675919971,9518.487336903952,6,0.8044834775901684,Q4_OOT,0
20,20635.0084452355,18075.25702864414,8,0.3495825467076066,Q4_OOT,0
57,21458.03846742169,39529.10898297095,13,0.499943895389286,Q4_OOT,0
55,84833.63619269797,33278.46643017334,9,0.30991786956680695,Q4_OOT,0
46,40543.63559242307,12579.09667039385,1,0.29301041313656623,Q4_OOT,0
57,42575.41246185507,8938.63284193662,5,0.13290540209068324,Q4_OOT,0
56,76002.25610750078,44511.00878119594,3,0.06524194257536635,Q4_OOT,0
64,99666.10299302453,10775.130052395558,2,0.3490920940753726,Q4_OOT,0
29,168906.45977049487,13402.192737979825,14,0.1153438502032447,Q4_OOT,0
18,38961.63233015012,10782.728799005841,14,0.1464081048728626,Q4_OOT,0
59,194763.99749396142,6072.345108227671,12,0.21811385834628097,Q4_OOT,0
32,27331.70234386309,11261.501215217742,10,0.5399397862295062,Q4_OOT,0
39,152724.47619761113,40135.715261338526,12,0.28856158257427833,Q4_OOT,0
55,65903.82172736309,14016.358402051977,9,0.3225638556056172,Q4_OOT,0
25,201471.875853891,7579.755751981747,4,0.46721326768812393,Q4_OOT,0
34,51613.519691692905,23457.613898675565,14,0.6124526089967438,Q4_OOT,0
25,35214.165687387445,16287.801339185264,6,0.6129551326784438,Q4_OOT,0
44,57322.87267546596,12965.45932849128,1,0.32322203827485135,Q4_OOT,0
40,118200.00028813469,59435.95880990757,4,0.18565024448062561,Q4_OOT,0
42,32085.66582572308,47713.26233359615,5,0.05092346645001678,Q4_OOT,0
64,28601.27635100041,26120.869472073176,14,0.2119257262956005,Q4_OOT,0
23,100599.46968370916,6058.913252955887,14,0.29024049692869214,Q4_OOT,0
35,47785.47559481452,32712.499550307555,6,0.5750758054199561,Q4_OOT,0
21,387152.7938403548,30179.368288219335,14,0.29715991085796395,Q4_OOT,0
34,48619.82622974212,61739.76034124373,5,0.3088314927366724,Q4_OOT,0
31,45697.317378925014,7263.512732492858,9,0.07964001694617767,Q4_OOT,0
61,50818.87262469258,59472.35511161007,12,0.31272296283348733,Q4_OOT,0
36,113181.05868121081,65384.88706824227,10,0.4587855185964042,Q4_OOT,0
52,62890.5685175691,6937.683542705571,7,0.21349975131143217,Q4_OOT,0
49,30848.102606217908,70984.2021525925,9,0.3463990429700301,Q4_OOT,0
67,59692.70007218128,10307.735743729068,2,0.5222491311949375,Q4_OOT,0
49,159365.1791925987,20961.05550967667,11,0.14535928372814516,Q4_OOT,0
30,22414.328234013014,23975.9935219737,4,0.10154932591547099,Q4_OOT,0
65,85592.26250635591,26225.325826352837,2,0.16182714696347683,Q4_OOT,0
32,24657.065137525453,45446.10348300319,13,0.12827687965540568,Q4_OOT,0
57,60671.782322268606,8929.352667528285,13,0.09888457155654315,Q4_OOT,0
45,177393.26207693908,20423.83252162643,1,0.43480971897903475,Q4_OOT,0
21,137746.3791258462,32330.56019791434,3,0.14047731315890585,Q4_OOT,0
62,104256.2442976792,14543.128358179563,11,0.19930463866953957,Q4_OOT,0
19,110453.34850938873,16499.19528186969,10,0.04510207717979416,Q4_OOT,0
41,57193.53296400882,27772.278029750774,4,0.42385501147207927,Q4_OOT,0
32,120849.0699219043,7639.845338228546,11,0.5196100124063933,Q4_OOT,0
68,114383.80508499565,51778.25303092779,10,0.31959003732719116,Q4_OOT,0
59,71301.09280179726,15939.540169502307,3,0.0951100373234937,Q4_OOT,0
49,20452.206250220413,15443.17116934018,12,0.23554996377272852,Q4_OOT,0
59,45175.99171243663,38938.83460817885,10,0.45144673795740903,Q4_OOT,0
59,38293.5978505527,11107.819670789984,14,0.35921638374832715,Q4_OOT,0
60,22287.843814866974,10035.86677683966,1,0.2876084618973749,Q4_OOT,0
34,53120.90130666666,7409.3257804241675,14,0.04269360634842433,Q4_OOT,0
49,53273.648182180994,13686.770743655832,13,0.4555068353961917,Q4_OOT,0
36,42614.26007521679,24971.16748021343,7,0.061540007705377785,Q4_OOT,0
22,25291.895737003368,10291.241598284098,9,0.1461895557050857,Q4_OOT,0
39,38555.069356167616,51729.84994479337,11,0.02987069471743537,Q4_OOT,0
18,88778.05916502257,7502.605835865157,5,0.35295373260347956,Q4_OOT,0
40,21507.926827668758,19313.121261751876,2,0.3261231227505768,Q4_OOT,0
31,42945.6718842765,12840.613961687937,8,0.03441321439725109,Q4_OOT,0
36,48431.20479717634,27087.406986210062,10,0.22045863714127614,Q4_OOT,0
64,68423.66916583432,8668.69083176247,4,0.036017971510117285,Q4_OOT,0
64,45925.40568712872,31115.929778760215,3,0.6205764942426375,Q4_OOT,0
65,39873.47480826556,21199.74866196244,5,0.2859173897503727,Q4_OOT,0
42,28934.633991948773,42788.72607328282,14,0.3517513054487907,Q4_OOT,0
31,118563.34353778402,5492.907577514448,8,0.16219293042394528,Q4_OOT,0
58,36358.74663938542,63482.85884370452,2,0.3075147078853853,Q4_OOT,0
42,91933.47956873095,8772.972278768095,10,0.15756009594526288,Q4_OOT,0
69,48966.70185104766,17150.19965094948,3,0.2757551023635852,Q4_OOT,0
51,87148.5001236373,16375.01161087455,3,0.29738660284290397,Q4_OOT,0
28,36657.487857967586,38383.370541736425,10,0.683185526338984,Q4_OOT,0
62,36012.74576792206,22988.90876238015,13,0.16235623920008851,Q4_OOT,0
33,40796.796478944714,11176.056552586702,9,0.0859169958094677,Q4_OOT,0
43,49561.09773238485,16850.97496549714,6,0.2100871858317402,Q4_OOT,0
33,76753.74045217212,6155.405534385584,9,0.13993137181136797,Q4_OOT,0
60,40470.30875063529,7674.8350373521025,1,0.21067029210599353,Q4_OOT,0
30,24801.086644811945,14354.62397692166,9,0.27520994939085,Q4_OOT,0
21,22888.711486595697,8043.561105830661,4,0.1717157769885187,Q4_OOT,0
56,42569.45300571252,23996.462142890614,8,0.047546393439699464,Q4_OOT,0
44,31286.75162552743,88189.03891822798,5,0.1690101639945086,Q4_OOT,0
63,95679.93584155495,13727.052899165334,2,0.7322199436797329,Q4_OOT,0
57,89057.9976441021,11618.880416425376,1,0.29266131597800094,Q4_OOT,0
29,63174.29260283902,22883.533926581684,7,0.39949784966706897,Q4_OOT,0
53,34038.43870019391,6795.243776112338,0,0.2478646977667529,Q4_OOT,0
22,68767.15753250346,12095.541357183496,14,0.06979716489752721,Q4_OOT,0
29,95094.1240122328,11466.400281105412,7,0.3804887838814477,Q4_OOT,0
47,90318.39568912298,11884.669413765754,7,0.34452715603656586,Q4_OOT,0
33,88127.70046574259,5301.1437232834605,8,0.23650187120862456,Q4_OOT,0
69,77237.81080983381,17197.625681845486,1,0.23869200508910215,Q4_OOT,0
46,26468.099516056318,11055.24925434349,11,0.38208283874063576,Q4_OOT,0
20,23019.23193666105,22773.982598213264,9,0.30492360867151214,Q4_OOT,0
64,25480.415858204848,11698.537329454735,5,0.19419950388039278,Q4_OOT,0
38,64645.24616120966,44311.62907097094,7,0.08007144622001462,Q4_OOT,0
53,22184.719218691887,5486.253253713975,14,0.2113056040602482,Q4_OOT,0
33,98026.81154838586,48477.37880218488,9,0.17295762106200513,Q4_OOT,0
35,172458.61641671875,37674.75292125653,12,0.08791993621729402,Q4_OOT,0
53,24251.46322701609,19688.35593299167,10,0.24480095493468385,Q4_OOT,0
30,28696.395252849732,8553.704832201163,2,0.7349142825528744,Q4_OOT,0
53,26603.9417298752,23390.965228349527,6,0.2662509692549663,Q4_OOT,0
68,24793.896125951374,21164.860276899206,8,0.22398107009557772,Q4_OOT,0
26,36166.524977618756,24434.25044998525,0,0.2685734165665024,Q4_OOT,0
28,43130.523748887135,11856.887964202451,10,0.15696472105880818,Q4_OOT,0
59,47545.75622392914,35856.47203302535,13,0.4020334085083453,Q4_OOT,0
59,34883.185371147,17094.219024846963,14,0.2661695370051705,Q4_OOT,0
24,27601.41399017622,5621.575164357442,5,0.2321528653084282,Q4_OOT,0
69,84281.26587622109,5167.494449440646,13,0.2036027687536312,Q4_OOT,0
60,20460.867182418835,54742.57530735743,7,0.3083084319810285,Q4_OOT,0
41,91799.65172156594,11903.368269939645,12,0.4992383463192313,Q4_OOT,0
64,189530.46897479106,17517.143778584876,4,0.334418131013264,Q4_OOT,0
24,62814.761785655144,7991.771776134676,2,0.40799699815059315,Q4_OOT,0
60,67229.79896661776,31720.134830366886,6,0.19989429288048524,Q4_OOT,0
28,74869.84677465897,6549.70247132986,11,0.7686391722753245,Q4_OOT,1
47,46410.04061213115,23485.046046093357,11,0.32990294590008434,Q4_OOT,0
55,122672.67316879185,19376.287627818572,14,0.5939327526629005,Q4_OOT,0
57,91630.27268963898,14758.512170028936,3,0.12691119550886928,Q4_OOT,0
33,26184.1579174179,18128.344010641165,4,0.2696071509314942,Q4_OOT,0
67,34164.94511462885,9923.604413766541,11,0.10173797213563235,Q4_OOT,0
58,28650.284599931612,11689.575408987905,5,0.3912157056861109,Q4_OOT,0
49,59162.66405688722,30760.065366809882,1,0.3149668771407532,Q4_OOT,0
43,61722.837940175894,14328.31927634215,10,0.5175923029822295,Q4_OOT,0
65,27448.49798206477,9218.187050505236,11,0.1406570036946464,Q4_OOT,0
37,104887.9737565475,15755.752364781243,1,0.35354858905706815,Q4_OOT,0
31,139724.57238561407,9219.078410034199,7,0.16803626544641842,Q4_OOT,0
19,141879.77115050692,16757.801297294645,13,0.10376192200710603,Q4_OOT,0
54,55307.8303389603,11675.958039391775,13,0.21999242476365807,Q4_OOT,0
45,149011.8381564518,45459.82131264735,3,0.36071801183810404,Q4_OOT,0
56,71052.936261869,12404.47790957721,1,0.41270952738125993,Q4_OOT,0
51,56413.00695069739,10604.795808933799,13,0.4302611650231978,Q4_OOT,0
31,32921.95498998054,28104.893960566358,8,0.17091731534275006,Q4_OOT,0
42,145514.71646810847,5888.492646561468,11,0.13777048137157785,Q4_OOT,0
22,57007.16554298435,22553.539529425267,3,0.47512613619211513,Q4_OOT,0
68,46297.54671109149,42671.399912059234,3,0.4302321754018011,Q4_OOT,0
29,24443.10258644663,51833.244007941925,4,0.23262164535254307,Q4_OOT,0
34,147988.3980096603,29791.213159823496,10,0.4034323052902547,Q4_OOT,0
62,103137.92458474044,19545.342097147746,1,0.3523544990401775,Q4_OOT,0
40,79233.90306467097,12885.170401886817,11,0.21000099705513123,Q4_OOT,0
64,117824.20635873894,13214.868736376548,4,0.23826587901294682,Q4_OOT,0
22,38649.86237721769,32382.81165096066,11,0.646478463565242,Q4_OOT,0
44,23841.281768159057,5221.344007417104,2,0.15509086257872373,Q4_OOT,0
52,52652.489460948986,7645.980157631835,10,0.3999988165401144,Q4_OOT,0
40,25689.030039735786,7003.767134754064,7,0.23889571038630353,Q4_OOT,0
57,234407.68270479934,5922.175490038541,1,0.25218919573537757,Q4_OOT,0
30,20756.832880291942,10786.704202247298,3,0.0882858581910207,Q4_OOT,1
42,168084.56470850503,5936.538236239805,12,0.3015120337124756,Q4_OOT,0
37,34800.2931078414,8208.02929594399,0,0.570944658430089,Q4_OOT,0
41,20384.518103341972,39767.60246056395,8,0.4369212371792516,Q4_OOT,0
63,86392.43533964666,8528.378258753712,10,0.3773538654585702,Q4_OOT,0
23,73362.3486018368,21793.250548115,13,0.29920411103956723,Q4_OOT,0
68,42641.034291462835,9532.648828234893,13,0.05524165200050775,Q4_OOT,0
52,24866.519684974042,8436.935826178671,14,0.18742576972025518,Q4_OOT,0
29,175570.78732415306,14125.643669816882,10,0.34721194486459706,Q4_OOT,0
62,83866.78138350908,9297.846870828034,10,0.3372496106524736,Q4_OOT,0
26,29024.56751718379,14550.802248758513,2,0.34014889310191954,Q4_OOT,0
21,51144.15927846047,22781.445153607583,12,0.5001331550382592,Q4_OOT,0
45,31180.12625277404,68012.03885115148,0,0.19829749303642882,Q4_OOT,0
69,38390.69794306513,21995.655035706543,11,0.4229187212264835,Q4_OOT,0
64,36830.09707715321,45045.446589211504,1,0.23360943905315917,Q4_OOT,0
60,174079.28014756955,19140.648448837892,11,0.4068282448540695,Q4_OOT,0
36,39983.106596340556,44713.015618519086,10,0.36336132709238017,Q4_OOT,0
69,93733.76667528738,25009.44145190698,13,0.4101286352170907,Q4_OOT,0
65,41365.20683906032,6799.451212017603,2,0.1473370341834268,Q4_OOT,0
43,47737.29739950302,35977.464175658926,8,0.5975171237421711,Q4_OOT,0
40,33144.58680503261,14907.802365361016,14,0.18199050073076684,Q4_OOT,0
30,286762.82284375763,8079.656642824488,7,0.2952890577201285,Q4_OOT,0
56,88009.07616629054,7438.01573696862,12,0.6872212479095967,Q4_OOT,0
32,22310.48768336748,69842.28717758937,2,0.2379909196772592,Q4_OOT,0
43,76705.1989419428,51999.57790862668,5,0.4170729414484294,Q4_OOT,1
28,133619.5869890969,5562.03478583978,6,0.4909336979135573,Q4_OOT,0
36,37667.15323791883,23830.832949867574,11,0.043430563111132366,Q4_OOT,0
43,82224.50891238301,10093.430450441298,5,0.15026460240931738,Q4_OOT,0
29,57411.0025172406,15811.459274403844,5,0.0695405238047799,Q4_OOT,0
68,110343.63329399328,8524.780317939369,2,0.5138565887082026,Q4_OOT,0
63,67537.757053431,6297.352924089559,10,0.08596663285899384,Q4_OOT,0
33,25385.669015324725,24448.34947772593,8,0.5552612543746481,Q4_OOT,0
30,76134.11849791186,37354.57250455076,4,0.37387761232786265,Q4_OOT,0
28,38126.375306065434,11717.627045808342,7,0.45590773915999144,Q4_OOT,0
49,26942.21704848336,10106.240478442513,11,0.2870575816182676,Q4_OOT,0
58,98609.99596321478,10183.717515800148,12,0.4260308392255778,Q4_OOT,0
40,80045.0734985227,12654.518178813529,12,0.3687082712028583,Q4_OOT,0
62,35115.58191008511,12964.567610814134,13,0.21107351335597788,Q4_OOT,0
67,83035.72111915171,30679.85144860738,8,0.23918725841687688,Q4_OOT,0
45,50748.7143542659,51976.602542646426,6,0.2663960599429091,Q4_OOT,0
43,40439.45101377279,22721.13015803446,14,0.20169134287560464,Q4_OOT,0
53,66876.13052499076,10169.397480973017,14,0.2816401289873768,Q4_OOT,0
47,78143.99560810457,28770.766908435045,12,0.33803422857138826,Q4_OOT,0
47,71959.78846965102,7667.74468673109,4,0.25010159205514804,Q4_OOT,0
46,43401.8186631822,33365.30629966072,1,0.6859783349308372,Q4_OOT,0
62,27417.937065199912,34888.29954821933,8,0.4614674047814101,Q4_OOT,0
32,179196.77263521458,14906.986094314148,0,0.2663297185458943,Q4_OOT,0
24,133888.04884647517,37176.212944215295,5,0.5594670460324535,Q4_OOT,0
18,32481.64090022732,17721.908586806036,9,0.3619708560611731,Q4_OOT,0
51,30943.86299964982,22076.313910984863,8,0.08961862348156764,Q4_OOT,0
21,174191.92175430487,65680.77035441605,4,0.3621149508458957,Q4_OOT,0
43,123450.5518074723,6462.979144989987,7,0.28006247050391986,Q4_OOT,0
24,205049.9902859016,16656.935150152363,7,0.3204860126177429,Q4_OOT,0
41,32467.3845756062,38598.30075500705,2,0.45378178089970567,Q4_OOT,0
67,114269.16732444263,25871.432244074294,12,0.119763126710899,Q4_OOT,0
69,170840.61774767138,7630.580251602427,8,0.08237849408149218,Q4_OOT,0
31,39753.067386501236,9950.07661550473,13,0.32282913079711717,Q4_OOT,0
48,130002.10143878734,19002.9040430924,0,0.018518479891604128,Q4_OOT,0
56,77638.51991550569,5974.280603537024,0,0.050875824559696706,Q4_OOT,0
65,60326.053550049815,13863.096262806572,5,0.3194181295281628,Q4_OOT,0
19,36881.85998665803,33209.531718565966,12,0.27486779132252326,Q4_OOT,0
29,110052.47630500841,20251.654045854488,5,0.23797596185636113,Q4_OOT,0
24,39768.223706676225,33272.36306137507,4,0.23741071911660258,Q4_OOT,0
39,33389.28380379585,6729.393338757518,14,0.03618509698760577,Q4_OOT,0
27,35175.770214782795,22023.832191318288,7,0.2582898131294242,Q4_OOT,0
29,45533.667598033244,8859.37926779084,4,0.43747988155826,Q4_OOT,0
56,68960.70076918595,41780.65214773547,1,0.07360106166588906,Q4_OOT,0
50,28904.22965034723,12404.053667731561,10,0.5833455704953405,Q4_OOT,0
32,48854.356185385026,5244.860000460417,3,0.255579734771026,Q4_OOT,0
19,85260.37135842547,16310.666398841571,1,0.26178113366158945,Q4_OOT,0
61,63440.46664858609,21263.401565799188,2,0.31001701408064747,Q4_OOT,0
21,42142.46568165619,15057.217919084207,6,0.27887686356172453,Q4_OOT,0
39,55040.835691317654,22518.195812544203,6,0.23674208598868546,Q4_OOT,0
33,41429.07525504459,11048.740516419253,5,0.19525745026218225,Q4_OOT,0
31,171736.07872071528,22993.313978082908,6,0.2547115052174815,Q4_OOT,0
62,110158.47716420892,11466.004360744802,13,0.3737697572820626,Q4_OOT,0
32,63586.79283484407,12144.297527804396,6,0.25279241679107695,Q4_OOT,0
46,26325.654724129035,6414.004002748708,6,0.2888095413171407,Q4_OOT,0
64,46803.624893009954,8787.527687473408,5,0.05575750069476304,Q4_OOT,0
20,35855.52951384485,10031.508883557708,12,0.2252789934116862,Q4_OOT,0
36,28147.3563719434,21218.895023071804,9,0.3917734931346687,Q4_OOT,0
68,169885.43029846964,17214.573086760935,0,0.13841413616642959,Q4_OOT,0
38,80657.31905893754,5261.672187883761,4,0.156640664169654,Q4_OOT,0
40,136569.87484612566,8902.522597512469,13,0.11237770373399274,Q4_OOT,0
33,131084.0367733281,62352.81212661486,14,0.09025607353544426,Q4_OOT,0
27,29457.39690848918,9857.85972927875,2,0.13225536099809995,Q4_OOT,0
67,158519.69445250044,22054.73104384896,4,0.24088972658585933,Q4_OOT,0
60,65625.65710123407,9736.589383468621,4,0.2143556837821266,Q4_OOT,0
35,34960.48225932733,8740.068809018328,12,0.015553667184122662,Q4_OOT,0
30,42609.093617690465,23472.171259984283,7,0.39989455626921927,Q4_OOT,0
31,29354.5932560132,6172.206470846482,7,0.7708059285935491,Q4_OOT,0
35,41491.8367831052,15236.27451042977,7,0.0845531117352069,Q4_OOT,0
45,42080.10219154507,28004.54127731268,3,0.416433085536508,Q4_OOT,0
50,102470.08057374075,15230.526205442333,0,0.30162186010393277,Q4_OOT,0
23,23079.85753294033,6781.997866117326,14,0.04873352932284479,Q4_OOT,0
30,81668.34033196387,17051.187116794685,2,0.35393738057495483,Q4_OOT,0
42,36536.6990346205,5038.24247182223,7,0.10903918672704402,Q4_OOT,0
64,189757.44159639976,12598.092208525974,4,0.6852297459322954,Q4_OOT,0
27,49519.41830765808,7272.59736057967,1,0.16160991887971424,Q4_OOT,0
30,37735.874269702916,13398.438485534405,3,0.13066695197680775,Q4_OOT,0
28,331245.9239224674,28909.13961164123,10,0.18416713148291453,Q4_OOT,0
52,30617.93973965202,17135.31939301002,14,0.08357281464367383,Q4_OOT,0
61,48351.54144446935,9220.322678582284,0,0.3135567821003579,Q4_OOT,0
36,67404.53097583068,11010.468864077593,1,0.19717427662076903,Q4_OOT,0
29,72854.5618787412,15983.10951414981,7,0.6136910202110261,Q4_OOT,0
45,51966.92154809715,16381.278740945878,14,0.11507670773684871,Q4_OOT,0
40,30414.301015095854,10347.759457077536,2,0.33027536454538725,Q4_OOT,0
33,46345.28606746605,5211.582774324148,0,0.3947721081353834,Q4_OOT,0
62,31258.523882771948,20126.097703594467,9,0.36285896355167907,Q4_OOT,0
61,56527.3758021202,28988.674599948456,2,0.308038860141928,Q4_OOT,0
43,180862.9239085993,11363.638859066163,9,0.143745041040821,Q4_OOT,0
57,22935.380049763746,64581.890393660644,8,0.37053174842444575,Q4_OOT,0
38,21988.493025902815,27833.63374897283,5,0.14454212062652066,Q4_OOT,0
42,237903.97559034594,37529.05864427978,4,0.381976282390819,Q4_OOT,0
60,25836.58969895934,5888.603764726462,2,0.31076327741971177,Q4_OOT,0
60,49559.65966653552,10437.301908646547,4,0.10237468322420441,Q4_OOT,0
47,26065.780123541226,13147.386347455962,1,0.3083691398844821,Q4_OOT,0
60,22740.224819648764,28420.255434690207,8,0.2859334294389253,Q4_OOT,0
35,27166.330378025705,18004.80999025359,9,0.22071924745932905,Q4_OOT,0
40,33185.02321889248,11708.207911144611,8,0.15707523886211977,Q4_OOT,0
35,73950.19013338009,14043.691362714906,11,0.2693378841521326,Q4_OOT,0
62,83608.67926969411,22494.430787170837,10,0.19961925698853195,Q4_OOT,0
48,37061.26349051449,20138.715352511543,10,0.13826990774768316,Q4_OOT,0
57,35902.29466591485,18445.5232705467,8,0.44657928673382324,Q4_OOT,0
54,33646.3752775106,7148.354980217211,9,0.49615851647625275,Q4_OOT,0
34,40243.79112021912,9067.855633719764,3,0.542533716237251,Q4_OOT,0
58,82860.85543747008,9734.163896658178,3,0.2276174759185911,Q4_OOT,0
28,61210.84348303251,8915.42839184012,14,0.6529171514033366,Q4_OOT,0
57,51579.6468495534,5651.892737558335,8,0.1880041673957167,Q4_OOT,0
36,34432.92595183266,33696.19378696184,13,0.25745486210731267,Q4_OOT,0
66,221539.63972627005,10155.983595980942,11,0.4565799243905657,Q4_OOT,0
62,38220.32141875873,22990.68375523924,9,0.2679145980563698,Q4_OOT,0
60,145383.5921382764,6583.3705065578,0,0.23778366265158918,Q4_OOT,0
59,70535.97825663941,6635.055042588775,13,0.27526629755722853,Q4_OOT,0
36,331945.59609911614,12903.261018756295,12,0.4550594454277667,Q4_OOT,0
51,47666.859645131015,16568.831264786877,6,0.07176085914408255,Q4_OOT,0
33,42325.283363878356,9558.090294201811,10,0.49781310141725127,Q4_OOT,0
35,217201.81312140194,13537.224405794876,14,0.3211155442977785,Q4_OOT,0
62,38208.65241908173,40507.56594055065,6,0.22717108826327553,Q4_OOT,0
23,25464.744881304512,27773.73168448426,5,0.5139099736500542,Q4_OOT,0
23,43242.13256776631,47897.79176582968,6,0.19996221415760568,Q4_OOT,0
49,62503.54750938145,6791.303160696281,13,0.09050041662263578,Q4_OOT,0
58,135318.4766887226,20873.96713990725,14,0.6145861142354715,Q4_OOT,0
69,67382.60003711567,6113.950318245026,3,0.21166590810728286,Q4_OOT,0
41,34908.13865348563,5637.056220991823,7,0.16920856170769696,Q4_OOT,0
69,22028.932989220193,9565.048852389446,11,0.17573370845032163,Q4_OOT,0
32,106089.5195773271,26428.242932173293,11,0.3398514236666234,Q4_OOT,0
21,42617.49570530221,8862.13101346244,5,0.31528635992457843,Q4_OOT,0
57,43366.69520078425,68737.44379311486,13,0.07991744636737658,Q4_OOT,0
43,64596.46440138203,6027.539139214595,0,0.3064599294247962,Q4_OOT,0
22,27311.358400185265,18291.821058313115,11,0.22491262574683196,Q4_OOT,0
46,26216.22325865323,23471.76425667407,9,0.5132791920919989,Q4_OOT,0
59,77493.10691250197,12552.78863010486,5,0.28544425564615195,Q4_OOT,0
48,21499.913673237243,21587.8861697495,6,0.4009650551523494,Q4_OOT,0
65,220008.39074909332,26245.787757494905,12,0.25964967195675187,Q4_OOT,0
63,164582.0591231236,15403.569374570938,8,0.176642264355855,Q4_OOT,0
52,43389.18037183091,10649.248673856626,10,0.45430730578539275,Q4_OOT,0
57,67147.46624541632,32601.742479255976,12,0.2658163927567804,Q4_OOT,0
56,55855.33292310821,28586.973776430503,3,0.15225832728151908,Q4_OOT,0
22,54620.5733381604,27824.562796040147,14,0.08369206773116705,Q4_OOT,0
34,39942.27739363641,40068.72562942076,8,0.25567381273053724,Q4_OOT,0
35,47437.22069434781,7775.830481488696,3,0.3849549934489847,Q4_OOT,0
58,25980.3272943379,13064.922586863486,8,0.3472709379359337,Q4_OOT,0
53,54041.74713854623,20977.49951272302,2,0.323849689703786,Q4_OOT,0
33,22889.425240106066,9315.186032373165,3,0.37899883078809715,Q4_OOT,0
34,107822.46142912743,38509.47971487817,6,0.02981399257776173,Q4_OOT,0
53,66778.51911955347,6697.583196166341,14,0.1036332626571848,Q4_OOT,0
42,134425.81639448955,39662.63543664416,0,0.20714514907558057,Q4_OOT,0
28,28491.780309769878,18316.6735035175,13,0.09809160053871925,Q4_OOT,0
43,57200.76655300679,23697.587065211497,4,0.524467078301997,Q4_OOT,0
68,23484.0601509528,9272.696868557527,10,0.23847094889945078,Q4_OOT,0
43,88718.40535055877,27131.684648505656,5,0.04133290833505588,Q4_OOT,0
65,55361.59230941663,19851.24719237829,9,0.2555952019357419,Q4_OOT,0
56,60623.31390906707,7592.109872024415,1,0.41240067412209463,Q4_OOT,0
68,57554.48246286203,12217.830018762332,9,0.11918738808961299,Q4_OOT,0
24,48746.50877210639,13913.0152058005,8,0.15657131682859876,Q4_OOT,0
18,26727.873297458504,22883.705197287018,10,0.3716856041971474,Q4_OOT,0
18,74002.93796207913,33980.03913460269,1,0.26216144221095505,Q4_OOT,0
50,22497.29809689751,21349.751649466343,11,0.2978867774184456,Q4_OOT,0
65,32239.554376512562,15467.299744623295,8,0.31209595235121557,Q4_OOT,0
49,64486.45552286555,8083.645687164228,1,0.40714335227029425,Q4_OOT,0
69,168695.41104110595,19173.045644116868,0,0.12680941205922974,Q4_OOT,0
64,42082.90283131674,21130.657320654533,7,0.05032816500197682,Q4_OOT,0
31,22806.093606143408,17441.935783363413,1,0.36733097043676594,Q4_OOT,0
65,24407.995342668994,33277.47762231222,9,0.16995031965494592,Q4_OOT,0
48,27724.773295817413,9178.027120063954,7,0.5010047975119081,Q4_OOT,0
67,136679.36943371088,27353.675923373525,8,0.2600847074596034,Q4_OOT,0
32,24424.853727505288,106196.16720901262,6,0.35501444004801735,Q4_OOT,0
30,31850.28625271083,16859.33825991233,14,0.14485535987505915,Q4_OOT,0
66,149429.54100672583,17817.792286522836,9,0.3348116267343166,Q4_OOT,0
18,107314.51264030124,11798.66091153449,8,0.10515227698680153,Q4_OOT,0
51,38718.123948049164,5651.478930521398,7,0.391112623170216,Q4_OOT,0
46,74049.57828413132,8620.745983463263,13,0.20902949279867455,Q4_OOT,0
48,30295.27799398416,21023.352964647725,14,0.19397549844235187,Q4_OOT,0
31,35847.4858679773,6772.641734536608,4,0.5450177000698487,Q4_OOT,0
66,24847.655222500103,47605.39909549371,13,0.11896608580784014,Q4_OOT,0
34,48844.323242935934,39523.41538630034,14,0.4524128780153755,Q4_OOT,0
33,29561.07199945068,23218.287836839427,4,0.3358240010888494,Q4_OOT,0
56,22891.781746880635,10311.04624397511,14,0.2759702042889678,Q4_OOT,1
47,45955.701042148125,12305.191920379206,6,0.331701382228942,Q4_OOT,0
34,128320.58775839773,12355.668301065714,11,0.2774342811452976,Q4_OOT,0
42,105923.60266077102,35637.075732079305,9,0.04288020471166815,Q4_OOT,0
37,131509.71471849884,9123.451874349079,6,0.5476551391869624,Q4_OOT,0
33,26382.14940819597,9884.47511718765,2,0.4695408008392229,Q4_OOT,0
68,36087.96883229868,15398.384535180445,14,0.22205081589599845,Q4_OOT,0
19,36554.51834492651,11439.1852241964,2,0.28545485492798184,Q4_OOT,0
51,33160.342030766355,45441.97967028109,11,0.18596163199496943,Q4_OOT,0
63,49032.72177934434,16600.790039677373,10,0.37493763152055026,Q4_OOT,0
18,55817.09801667882,16009.260023445779,9,0.17722145582254023,Q4_OOT,0
35,78776.77382109532,6493.854657122289,11,0.43392579147690025,Q4_OOT,0
60,22189.289108798017,26101.226600259644,2,0.32796473788612945,Q4_OOT,0
49,36482.10865116416,58877.09102458167,3,0.30827266998616926,Q4_OOT,0
51,117583.53666999927,33952.2028337644,4,0.09829274125524831,Q4_OOT,0
59,47366.74686936803,27214.866658334406,8,0.20160356706452318,Q4_OOT,0
30,23634.43782484413,18283.506455973453,2,0.3909699461704311,Q4_OOT,0
59,75238.8988362431,15684.03371123394,14,0.28079902544177976,Q4_OOT,0
47,102397.8004082666,13043.323066755765,3,0.18955463129774683,Q4_OOT,0
24,20320.713982721794,10860.877659824742,1,0.16503726466825858,Q4_OOT,0
59,212375.44369791372,10393.744019815915,1,0.08634212201764437,Q4_OOT,0
18,111009.51386364212,11607.051482609128,9,0.32522188797674556,Q4_OOT,0
21,31972.573175452355,6375.344040075033,6,0.37785246447125864,Q4_OOT,0
63,25571.692399518135,11224.554283069694,0,0.25944677569816754,Q4_OOT,0
46,90754.4659979988,43339.28109075308,10,0.0681885381173266,Q4_OOT,0
43,74164.4075383117,6652.147148717172,13,0.4398984632140254,Q4_OOT,0
59,133134.91185760446,6144.8832133564865,6,0.25970446831318855,Q4_OOT,0
68,36621.547488607204,34937.77175958737,14,0.40026514246378997,Q4_OOT,0
47,26688.15090886063,9723.095263216017,9,0.4000228064183967,Q4_OOT,0
39,82245.8407924989,12649.18468789232,4,0.1736894793178097,Q4_OOT,0
28,32199.381611383367,6985.092101283873,7,0.26167643036499083,Q4_OOT,0
36,200905.1297086698,11635.117030980706,7,0.299717788023954,Q4_OOT,0
51,30841.136654449467,42780.584469865826,1,0.19468916663557084,Q4_OOT,0
67,23905.02034711152,22477.66161822297,0,0.18986276796788876,Q4_OOT,0
68,61202.03966002183,24323.354633886083,4,0.18416582073955082,Q4_OOT,0
44,126649.39801754354,12376.663960344898,6,0.31122098452130315,Q4_OOT,0
57,21746.740603466827,23084.77165828472,5,0.6410106203735711,Q4_OOT,0
27,188120.6362692206,24342.53555217352,13,0.13946145564884863,Q4_OOT,0
34,40240.976175475604,15086.480197978512,12,0.2272752461028958,Q4_OOT,0
24,37104.47707766449,12374.410915537845,7,0.07838579047979895,Q4_OOT,0
62,23633.819805969535,5217.0227907688295,6,0.28538829051567954,Q4_OOT,0
24,166312.94589652863,44232.68985672604,13,0.14018980008363396,Q4_OOT,0
54,76699.0310212769,29145.522218711976,10,0.5917247973203833,Q4_OOT,0
49,107038.77444598604,5416.480074515118,2,0.34862902441632215,Q4_OOT,0
58,236844.84954437945,62315.54255805645,1,0.48994047140266633,Q4_OOT,0
18,26302.015705509984,37587.52821297297,0,0.25175699189106243,Q4_OOT,0
35,48255.93010993319,5807.998204930454,2,0.15929856225121306,Q4_OOT,0
62,94924.33979086604,46622.61463224697,9,0.3477876280925943,Q4_OOT,0
50,168511.7219129638,8811.780492016043,10,0.38735025705158116,Q4_OOT,0
43,139145.86305522616,8579.947522677236,10,0.4780497671895953,Q4_OOT,0
24,131089.123617926,6493.053712597176,9,0.4422770248359142,Q4_OOT,0
62,30631.455925231967,20492.73994231203,7,0.504348686102308,Q4_OOT,0
19,137937.1094934101,50392.75400793431,14,0.47209572995006044,Q4_OOT,0
33,209569.2350939051,7883.475354704413,7,0.1312261520103712,Q4_OOT,0
24,119091.08442660458,12879.694712313578,2,0.38729799096198103,Q4_OOT,0
69,45019.46551221557,17558.08461575843,1,0.2159661579913947,Q4_OOT,0
23,60447.94214394424,10265.858973527487,6,0.11141556131937622,Q4_OOT,0
43,66779.58811539153,21024.085562953514,2,0.28114120014770405,Q4_OOT,0
34,64477.654704212575,7222.888308973304,4,0.31721671692474673,Q4_OOT,0
33,129534.67199514841,18214.72221192749,8,0.19024260771846363,Q4_OOT,0
32,38494.71097748216,42757.94745441686,3,0.09159395732748228,Q4_OOT,0
24,46668.4152284996,8384.13411907823,14,0.20625711065765104,Q4_OOT,0
43,57610.204926286184,24410.413301543438,14,0.2559008293018375,Q4_OOT,0
60,125341.63166980841,39544.47246615184,10,0.30168262904197873,Q4_OOT,0
62,24712.450071681415,20407.402653332112,0,0.2865079950944388,Q4_OOT,0
41,30051.326192376626,15773.103700886752,12,0.26376569590124355,Q4_OOT,0
21,24149.35592028014,38838.23020002254,13,0.1266678470290689,Q4_OOT,0
34,45475.896823626375,32287.808107191686,8,0.05540716372515903,Q4_OOT,0
67,72929.58150788018,35292.49172668967,9,0.18396730799028066,Q4_OOT,0
35,117714.7953494418,7133.0025855745425,3,0.07355114329459013,Q4_OOT,0
31,26473.853523189056,6785.044527669501,7,0.1522655384759814,Q4_OOT,0
60,34683.85058548062,6374.8164844827415,5,0.3436098439349546,Q4_OOT,0
30,43997.914884603495,79182.69621665262,13,0.08940969373804206,Q4_OOT,0
63,74157.95690357649,22418.34795722199,12,0.514789063331245,Q4_OOT,0
19,73099.7958030414,6992.178230626634,10,0.1544541958401584,Q4_OOT,0
43,110753.83178982376,5535.725697543767,5,0.3823374563051125,Q4_OOT,0
24,75079.3009507071,5093.465286551904,4,0.4654922477915905,Q4_OOT,0
18,56731.46153866711,16853.492697954185,5,0.25265460458754546,Q4_OOT,0
27,133882.2929385514,6339.909693069974,10,0.4874781214058474,Q4_OOT,0
33,68532.60696811025,25051.49058334414,2,0.263206452769303,Q4_OOT,0
45,91741.63769390456,68630.69379465928,6,0.4335653301975237,Q4_OOT,0
43,42936.436571044425,18306.410088707682,12,0.7419470272839856,Q4_OOT,0
41,27895.325270154,45452.533323998156,12,0.23272468197731036,Q4_OOT,0
32,123641.30229073759,13609.565031700486,4,0.2415603877179948,Q4_OOT,0
63,27084.595757163544,14402.42843995577,7,0.09025741207305676,Q4_OOT,0
53,26751.478666681476,6081.341801342576,11,0.2762443279839734,Q4_OOT,0
33,75911.28865500711,25780.027618288193,4,0.06963611759142127,Q4_OOT,0
63,50181.23394303614,19145.340433723475,5,0.1521918983785258,Q4_OOT,0
69,42306.42683768281,17440.274039174237,6,0.15891706438437994,Q4_OOT,0
22,24525.37564003686,16024.256738974256,13,0.2340266999911079,Q4_OOT,0
40,31855.30830487777,7766.137096036855,9,0.15054843597819975,Q4_OOT,0
25,27349.067078190335,9805.982882116306,8,0.3504988287677866,Q4_OOT,0
63,46690.07957860852,7805.352067343338,4,0.08373169453751499,Q4_OOT,0
34,24924.670468142423,7724.898610778026,8,0.2820002487250975,Q4_OOT,0
51,39527.03605736272,17758.041155827705,9,0.3739316608056973,Q4_OOT,0
39,100400.67749797835,26219.836899394024,10,0.25702048151037893,Q4_OOT,0
68,96033.48027855957,20847.24490538515,13,0.3099823612680375,Q4_OOT,0
26,126661.46039632242,40968.18921372413,5,0.33634672612759053,Q4_OOT,0
53,126642.2097017094,12209.619465644919,13,0.19295511691997927,Q4_OOT,0
65,113473.92206988431,13621.932938630867,4,0.5027906195654104,Q4_OOT,0
38,36816.34986061258,12955.735038344803,12,0.06802511136264247,Q4_OOT,0
24,25297.565106123788,9363.736422129066,4,0.3402632370664825,Q4_OOT,0
55,116189.00212762183,11697.26281496415,14,0.23671277021003614,Q4_OOT,0
67,135136.0168429896,22304.205637870924,11,0.10922671782955144,Q4_OOT,0
55,79439.16462967473,12014.204876026399,2,0.28142509383324826,Q4_OOT,0
27,204647.8586738381,26193.726298387,13,0.511514503805184,Q4_OOT,0
63,67326.40178265997,18944.877643854863,3,0.10194595406578899,Q4_OOT,0
51,37030.242446560434,15815.429553854801,12,0.507680508718264,Q4_OOT,0
46,81885.97792155336,8578.025970234783,14,0.17157568175591267,Q4_OOT,0
50,50684.79698003098,14521.896691366865,0,0.28030860539215435,Q4_OOT,0
38,69494.85236936403,7521.772333818916,7,0.569047489175346,Q4_OOT,0
35,130036.50469943638,5809.462740012737,0,0.23724308598616542,Q4_OOT,0
64,37050.877131536734,9719.955715506621,8,0.19458688029936796,Q4_OOT,0
54,42788.52664601039,6694.764409186954,10,0.2842545927200647,Q4_OOT,0
25,74177.05384739119,27835.85836304537,7,0.14210139447863057,Q4_OOT,0
61,34241.82601426519,17058.567269191917,13,0.264288569137099,Q4_OOT,0
27,34113.278049009896,12040.877517028235,0,0.28622668546770486,Q4_OOT,0
53,28078.08903633409,14777.820297710497,2,0.07889677992858235,Q4_OOT,0
59,27365.552068618344,14030.258534980796,0,0.303811858989974,Q4_OOT,0
25,27499.212838477768,12923.823417799784,8,0.29185355633828985,Q4_OOT,0
43,91857.05215345937,28840.193556842212,10,0.46293670673260945,Q4_OOT,0
47,28561.68925202571,21487.56837839145,4,0.1706899827791919,Q4_OOT,0
57,93683.2492665553,64165.5349173806,14,0.2818462676290046,Q4_OOT,0
19,100281.94612144826,27292.502293202637,6,0.612163861923515,Q4_OOT,0
28,51643.59667703243,5854.163298752298,2,0.10143102719910183,Q4_OOT,0
61,77701.75729821643,13437.254125133335,13,0.1648992927614436,Q4_OOT,0
29,69912.47906174275,98278.86203921461,9,0.7351049036670774,Q4_OOT,0
33,99928.37708927893,6224.847711193237,8,0.4634380784498749,Q4_OOT,0
57,157511.418171941,38512.59275124369,8,0.2853206925400602,Q4_OOT,0
26,112413.59081369064,34321.27159560071,13,0.5625359219690906,Q4_OOT,0
54,62634.297618545475,15206.731342574292,13,0.22934861302348417,Q4_OOT,0
28,66708.32544029484,27378.741110017785,12,0.34437576896248223,Q4_OOT,0
69,24913.607442306547,5483.125187766579,14,0.2422160149643709,Q4_OOT,0
63,100061.13081796037,42538.751114578314,2,0.15469203246899588,Q4_OOT,0
32,54988.530917956814,6915.986543896648,14,0.2494763916445372,Q4_OOT,0
54,24997.05990378799,22863.983356876786,5,0.139970714723438,Q4_OOT,0
47,29445.37826017789,13192.562662164524,5,0.15376210929682912,Q4_OOT,0
21,87604.39226433959,31978.752959822334,10,0.19736955378280555,Q4_OOT,0
57,89953.4751934262,14579.53225940798,5,0.1740151723528041,Q4_OOT,0
59,26558.240511132408,26540.28990240347,9,0.7008256015950967,Q4_OOT,0
42,27470.82382824272,14892.908063907884,14,0.16392759138359497,Q4_OOT,0
69,69809.38579571765,25321.903132389903,13,0.22254012262100595,Q4_OOT,0
51,44792.05792707992,23160.652718819398,9,0.18518489108643485,Q4_OOT,0
51,33930.281928843775,9925.869376441206,5,0.5316585828143142,Q4_OOT,0
56,51825.0187119263,12927.901875267275,3,0.30245640929624407,Q4_OOT,0
68,22806.316715016954,5427.897631104834,8,0.41216484268108744,Q4_OOT,0
27,61761.159569596435,5156.171642502321,14,0.09684713981709323,Q4_OOT,0
32,41578.40429724836,9325.936108067868,12,0.3609515394300066,Q4_OOT,0
35,47861.22462870672,9381.910868068968,0,0.4797633126203256,Q4_OOT,0
40,38681.66693540661,7695.802654474325,4,0.0788197993993699,Q4_OOT,0
54,20068.34298010991,8398.712643168918,0,0.3203725883034096,Q4_OOT,0
20,67839.38000498147,7426.291645519646,5,0.34286975997302677,Q4_OOT,0
26,316798.6286059632,5072.912117265448,1,0.54502123235887,Q4_OOT,0
21,59252.704327950596,8724.498481722774,11,0.06234728601357597,Q4_OOT,0
59,85437.98695006581,8005.893923686246,0,0.6701688964755224,Q4_OOT,0
34,60646.596851507624,14889.08043505388,9,0.541829953032143,Q4_OOT,0
66,37467.684258197536,22805.89005600959,13,0.12003735313958976,Q4_OOT,0
21,41702.18110039241,33409.74659937369,8,0.18117819717488404,Q4_OOT,0
24,49639.4644497167,31822.078566686894,9,0.3598077678491546,Q4_OOT,0
48,39758.252949631176,26232.339625966244,13,0.1083287108277742,Q4_OOT,0
64,22579.554849710872,27258.7688957156,1,0.2944613208209112,Q4_OOT,0
65,226688.30628974937,26575.58633890974,1,0.6626940189127096,Q4_OOT,0
33,138055.47951303836,14723.54244359717,4,0.198168205357062,Q4_OOT,0
64,46058.09008716329,30168.099140001,8,0.09873758053222972,Q4_OOT,0
39,76925.09845440969,24674.029554092645,4,0.14271523676587072,Q4_OOT,0
67,53677.236703992174,50656.30237822654,12,0.25471626404089553,Q4_OOT,0
38,59482.13605004869,12321.593538088599,2,0.020490621722639258,Q4_OOT,1
40,26723.382964316326,13970.31596901734,3,0.34898625487143,Q4_OOT,0
40,41532.35459046239,10107.587234679682,10,0.41606683111638704,Q4_OOT,0
67,120868.04584411859,5656.1300353020015,6,0.5081026315203476,Q4_OOT,0
53,34380.17608475257,11194.514191118382,4,0.61931407045657,Q4_OOT,0
21,66893.35698591391,28538.721581955462,6,0.29993394196261003,Q4_OOT,1
51,40907.99496963178,12401.783587922857,13,0.25744134006252867,Q4_OOT,0
27,114890.6205021442,21095.338502884042,3,0.2590038468230606,Q4_OOT,0
38,27837.106134660335,23020.870812310117,2,0.36015222115990697,Q4_OOT,0
38,154182.02960477304,43439.327982108705,2,0.4791759086875248,Q4_OOT,0
48,170798.80256433244,7903.016770187417,2,0.18181128276940658,Q4_OOT,0
66,87230.29727637453,14458.064328479319,1,0.4758286854078805,Q4_OOT,0
24,122512.38621353616,6497.153012386103,12,0.07982091711035226,Q4_OOT,0
38,42971.64462594046,20608.087333556898,6,0.3614699600411232,Q4_OOT,0
69,30506.319948920307,14685.368571730685,8,0.12168514375170839,Q4_OOT,0
22,40462.35263944403,20081.740719909707,5,0.2482028189028267,Q4_OOT,0
42,55417.518106081814,20307.886981857613,0,0.1736158909808506,Q4_OOT,0
62,25539.384195986768,12069.247237578991,4,0.3081037892566418,Q4_OOT,0
62,89335.82197915294,51706.44921909007,8,0.14949322032299642,Q4_OOT,0
69,40191.22537233002,14212.622414277332,12,0.21377624526358996,Q4_OOT,0
38,25461.690729889597,6493.3665128238745,8,0.379439478560743,Q4_OOT,0
40,72213.07687406385,12896.60422034796,6,0.19334815402736394,Q4_OOT,0
34,164757.45893420262,9360.749106311738,10,0.29017671981013293,Q4_OOT,0
34,224299.2096297591,8642.904036917418,14,0.19376727532414414,Q4_OOT,0
44,180513.39364222027,49094.02748778121,13,0.3584292739275062,Q4_OOT,0
21,24622.137197460313,18072.71637237907,5,0.5950351953000346,Q4_OOT,0
26,135727.199772448,50433.67314862278,14,0.27742119963629014,Q4_OOT,0
68,140154.902259011,11061.272863512428,0,0.16458736580411445,Q4_OOT,0
22,28344.038115196512,25257.61078703436,4,0.059626512145183753,Q4_OOT,0
36,21580.7332076263,17640.809546074895,2,0.29098511505682484,Q4_OOT,0
18,38914.792920288004,55416.385378794745,11,0.3329228937476754,Q4_OOT,0
32,38918.336892132356,16942.8189013003,8,0.17590068025848438,Q4_OOT,0
26,20481.360415639607,36412.41218195887,6,0.4072450428463364,Q4_OOT,0
41,68914.12233281556,11090.32960202784,13,0.3100635914271187,Q4_OOT,0
44,72117.87351831174,9016.996538772582,6,0.3062506502902949,Q4_OOT,0
37,26584.903067516647,7740.38285275554,7,0.13215765626009476,Q4_OOT,0
18,44345.99937544672,15042.668629341473,2,0.299019373484419,Q4_OOT,0
62,116987.51705263935,11264.724940482141,6,0.3403923635063954,Q4_OOT,0
35,135996.40018057835,20981.49598157689,1,0.4732586804555327,Q4_OOT,0
63,40561.80663673449,51205.243083236935,4,0.573748276769861,Q4_OOT,0
49,66473.25927773312,8621.619641833657,14,0.18710572762020145,Q4_OOT,0
35,92105.9825206025,33782.841906803704,4,0.3275629136673393,Q4_OOT,0
56,81968.91366780484,7089.920731037226,6,0.05643177254287582,Q4_OOT,0
66,28700.336774994357,44877.57137883994,4,0.3537108186488308,Q4_OOT,0
48,150139.83491034378,13932.404325302085,13,0.19205879125358416,Q4_OOT,0
35,77127.58763158423,23695.7556117951,10,0.25027257341825243,Q4_OOT,0
22,220589.5551645053,31450.1553731646,9,0.20040219464303866,Q4_OOT,0
60,206448.47665312942,25221.657868364466,12,0.29930521981399977,Q4_OOT,0
40,117661.38646721584,5347.988018869276,1,0.2794010437761663,Q4_OOT,0
18,121907.43158460707,28472.957661974415,3,0.16331687414147397,Q4_OOT,0
24,62508.076806097444,18068.712992943685,14,0.5372059211319841,Q4_OOT,0
59,32991.380165660245,13827.619620683781,0,0.10871614252702284,Q4_OOT,0
61,24428.975099958316,5199.873695486724,6,0.3051490652783705,Q4_OOT,0
59,81270.07314713477,30382.801186820023,5,0.3923513840860823,Q4_OOT,0
27,81943.1109326403,40103.694167247915,4,0.22046538045808273,Q4_OOT,0
51,28909.70229195514,6412.122387531467,1,0.17762095692693236,Q4_OOT,0
61,21126.72159557101,5400.272844367929,2,0.21126264371541675,Q4_OOT,0
31,62829.086226367304,24778.83117756677,13,0.5109498686987086,Q4_OOT,0
67,63342.82294068013,41282.44643299401,9,0.3773292509945098,Q4_OOT,0
20,55744.45329699519,5680.676680807459,4,0.4326813304191285,Q4_OOT,0
65,69223.94910574847,10779.00932430939,1,0.12327526780211522,Q4_OOT,0
22,36673.42140475745,6551.442997417398,9,0.5518883783017384,Q4_OOT,0
27,27402.70730343156,13899.731089978675,4,0.5065829527495261,Q4_OOT,0
36,38524.32632152013,20660.277765559524,8,0.3215567566796795,Q4_OOT,0
52,29634.816653077753,17187.892286756527,12,0.09275854287740119,Q4_OOT,0
20,44468.68411163302,15769.945279727537,6,0.20562047859931096,Q4_OOT,0
65,39967.34563901504,6455.59639958731,13,0.17263730408061725,Q4_OOT,0
21,30247.017199096892,47320.11305233103,12,0.15093374043754004,Q4_OOT,0
63,21999.528423083822,22804.03476375648,13,0.5580607698510025,Q4_OOT,0
34,82916.94723287041,13473.93673776823,1,0.3858027659332191,Q4_OOT,0
19,20842.360629476745,7007.129057742383,14,0.35596632574532683,Q4_OOT,0
39,32196.66937298885,18349.452318011234,2,0.4077170862769201,Q4_OOT,0
37,94721.80550650129,36597.12652314384,11,0.17126666093302112,Q4_OOT,0
56,30553.03545205958,10464.982907267557,3,0.21862121758166683,Q4_OOT,0
28,48875.78079336224,9580.251489957402,6,0.3752157097795525,Q4_OOT,0
24,221399.4879324812,24746.030012896244,5,0.268264324007323,Q4_OOT,0
62,22919.266366576303,13215.17335428144,13,0.6352742897134872,Q4_OOT,0
33,46726.51797501974,14067.211222386093,10,0.1952435808958981,Q4_OOT,0
34,35285.71662749212,23067.80535531702,4,0.2955396192555059,Q4_OOT,0
44,31747.892413820435,8452.459521786526,2,0.2947058404957471,Q4_OOT,0
63,180966.81907772698,67611.61238845257,2,0.3756962133457272,Q4_OOT,0
55,62244.12130156853,7126.183260743381,2,0.2697290349506492,Q4_OOT,0
39,34579.088437231316,11347.78041597141,3,0.3382725344245694,Q4_OOT,0
37,103145.26081896535,15099.633608831678,13,0.37313916483109094,Q4_OOT,0
42,21444.21961800732,7311.685373589517,9,0.326775851754753,Q4_OOT,0
32,78598.42741700468,6893.183498039166,12,0.39381692513599104,Q4_OOT,0
66,65103.714626360575,35092.08176559476,0,0.2421621845511901,Q4_OOT,0
69,35444.47361421798,12076.194653671846,7,0.2804368530593189,Q4_OOT,0
56,58173.805270645295,15413.932877043433,2,0.46210809275951964,Q4_OOT,0
35,33871.81658754195,27814.035037367306,2,0.1003532153275722,Q4_OOT,0
68,95109.91955897564,24081.757144313953,0,0.10795161173100254,Q4_OOT,0
47,26316.759674767345,12452.275402549989,11,0.3664119316975242,Q4_OOT,0
24,24745.697481729618,18339.51688769632,2,0.3979464465220346,Q4_OOT,0
40,20112.77621983491,14432.002043765187,12,0.43684769323362427,Q4_OOT,0
32,20495.488691771883,45480.388962904915,14,0.3329286243771683,Q4_OOT,0
36,95610.57411537477,21963.53864988193,10,0.4005113539387895,Q4_OOT,0
68,20645.93447422385,57745.80666533406,9,0.13540128903629056,Q4_OOT,0
56,38712.04026935858,23004.30539196109,12,0.17977932075509623,Q4_OOT,0
20,29050.388558589908,26568.077195521535,3,0.4147153907355044,Q4_OOT,0
46,40490.67540995962,8137.759184659379,1,0.2346860681950421,Q4_OOT,0
55,22369.074642696458,12481.541134090598,1,0.43353227277933976,Q4_OOT,0
64,22274.696552554782,35642.98739539802,3,0.2134781547327994,Q4_OOT,0
18,31493.80091346692,21179.059388226284,10,0.3343768866569887,Q4_OOT,0
20,63752.846479966,31888.036574517646,4,0.3862318334089503,Q4_OOT,0
19,73611.78133346426,35857.97270288326,14,0.33473417227466634,Q4_OOT,0
61,45060.942088584794,5886.333143616279,14,0.2989818684859124,Q4_OOT,0
27,21675.469796938247,21299.433552047176,5,0.3336503730536705,Q4_OOT,0
19,69039.68271911332,27104.588192295625,5,0.7040368222612279,Q4_OOT,0
67,59786.31899037977,10820.68749568598,7,0.35923692937471724,Q4_OOT,0
29,28639.019651849318,29443.45573659048,3,0.5129047245552736,Q4_OOT,0
20,136290.2749700637,14750.09820869904,13,0.04676395162631177,Q4_OOT,0
18,197795.714919827,14076.630391488037,9,0.4439657411438422,Q4_OOT,0
33,20939.319026658453,11075.86449026031,2,0.5151429879389532,Q4_OOT,0
48,75457.77025639894,10290.04167348636,0,0.3255761164201502,Q4_OOT,0
30,340481.0320054131,8305.371535975108,5,0.3634600316245779,Q4_OOT,0
38,27506.11417165914,11341.708924452008,0,0.11588243712313884,Q4_OOT,0
50,25798.955839101214,63525.06789128276,1,0.6054663925815836,Q4_OOT,0
33,215653.91499964372,8050.874928141889,14,0.4729738092414326,Q4_OOT,0
54,171220.90463579746,31138.304351407918,13,0.07418305150934723,Q4_OOT,0
55,101176.69769938818,15838.585488821698,2,0.29031996350272393,Q4_OOT,0
48,27520.037409177552,8474.568000732494,14,0.3174819371764524,Q4_OOT,0
43,31956.791235988647,7010.862251067989,13,0.20521739592533791,Q4_OOT,0
40,114758.06961726028,6920.631564954367,10,0.20005705258577114,Q4_OOT,0
44,106909.76135968642,15152.291436865688,6,0.3928348612084683,Q4_OOT,0
40,42900.56196396799,8044.50353821881,12,0.2319725479611349,Q4_OOT,0
59,33241.86203949056,91775.15430630941,2,0.36978364998707547,Q4_OOT,0
20,30618.78683121878,33540.59811216022,14,0.050469582416732335,Q4_OOT,0
23,34831.9579627324,89602.1673474296,4,0.09338551992186848,Q4_OOT,0
18,31971.51582636078,25761.267987204857,13,0.48735965489122723,Q4_OOT,0
58,42299.47275810308,20823.10427188898,3,0.33295778511661184,Q4_OOT,0
41,62601.28266685058,5601.234050778571,11,0.15083762275617427,Q4_OOT,0
39,29998.505307901396,15981.484880701277,12,0.05100121862153314,Q4_OOT,0
62,27478.56810128313,20585.530041494683,2,0.0365678427767031,Q4_OOT,0
27,34101.886344322644,14282.509798318386,9,0.3673711831332366,Q4_OOT,0
45,86536.7100880229,12812.949102444065,13,0.22921037648253706,Q4_OOT,0
51,35518.32253859285,17501.086455208322,2,0.18239941974520404,Q4_OOT,0
18,111185.86257112242,18679.024456646563,13,0.43368150837086655,Q4_OOT,0
60,27688.325666481713,19345.354520088673,2,0.20368618917469336,Q4_OOT,0
52,42838.496821864144,6610.41674385669,9,0.27542137790203003,Q4_OOT,0
30,91761.15952882828,15759.085981212133,2,0.034025977737561365,Q4_OOT,0
28,38922.18448513752,12933.701715572439,4,0.196188541486821,Q4_OOT,0
35,25000.46228068888,22982.84066068983,0,0.3412791432964776,Q4_OOT,0
56,198274.25678814825,10832.680466721826,12,0.23447823020066422,Q4_OOT,0
20,27955.649198593914,20549.07272456829,7,0.4474699233975637,Q4_OOT,0
24,21773.658005771496,15650.23891599108,7,0.2931899553430968,Q4_OOT,0
65,67992.93313810126,47664.33227132495,11,0.295453049205971,Q4_OOT,0
58,55678.20377065459,19218.91758215677,11,0.4282387986982705,Q4_OOT,0
49,68589.61328582454,11980.265267445737,11,0.2679211357224475,Q4_OOT,0
37,42016.1191962461,59373.067250642904,13,0.26528767732931663,Q4_OOT,0
53,63986.39202230654,10913.50762441015,2,0.32684642524415153,Q4_OOT,0
49,242743.13194540393,14067.674148606722,5,0.006898187319610736,Q4_OOT,0
47,100534.54850740817,35744.42689783302,3,0.3399115064658606,Q4_OOT,0
42,40380.846722271046,9640.4873917859,7,0.24553246194825407,Q4_OOT,0
62,33770.84964783937,37129.33868764185,5,0.06596149530095442,Q4_OOT,0
35,75916.95992312302,39969.49379616665,14,0.2851780196926177,Q4_OOT,0
67,29808.561587385462,22354.283995454494,5,0.5950206897839507,Q4_OOT,0
33,24902.14427867157,9574.381455911216,11,0.057421932116526624,Q4_OOT,0
58,40724.058446174255,37774.02387734511,7,0.1751908777191539,Q4_OOT,0
39,34247.30052786399,11892.381757801839,5,0.5393896840845475,Q4_OOT,0
43,95482.2357359371,41446.561020515976,7,0.42382118574971395,Q4_OOT,0
34,327511.8759811546,18361.275596398715,13,0.23937235762511697,Q4_OOT,0
48,221577.7414965485,31714.387050383688,4,0.2909610269573491,Q4_OOT,0
48,50268.316104627374,25227.084656120183,9,0.2208523415984558,Q4_OOT,0
52,73391.78104791173,7956.653282980382,13,0.16721141584820526,Q4_OOT,0
35,61304.016789741734,5636.2921475512085,7,0.47353446347269124,Q4_OOT,0
24,57078.72131403027,8728.024414185198,4,0.07959625802026526,Q4_OOT,0
22,37443.29395598819,47863.54435457655,10,0.525968455464105,Q4_OOT,1
60,23169.22292054751,41518.79953048417,9,0.0685794397870666,Q4_OOT,0
34,56887.91338284602,17471.591624633373,4,0.5242904160180141,Q4_OOT,0
22,28277.615021459384,36674.067940933375,8,0.5820935679150236,Q4_OOT,1
26,37629.2241329244,12734.497089426728,8,0.3938195833209325,Q4_OOT,0
35,69425.84045963982,13737.722916313662,6,0.28015560749551005,Q4_OOT,0
46,64673.65960874565,32870.67145420532,1,0.3571630279030343,Q4_OOT,0
32,71087.37148871875,22751.720691818115,10,0.02482139067361772,Q4_OOT,0
32,30412.335589863116,68934.34369662145,12,0.5006657638051415,Q4_OOT,0
21,75320.8156060544,30870.02966926576,3,0.4550829963752343,Q4_OOT,0
61,39236.99282922543,9680.514987264782,0,0.16560100124378482,Q4_OOT,0
33,28342.935692941,9217.003861094336,9,0.5401040575381706,Q4_OOT,0
28,67834.30048864527,58240.881132654395,13,0.5667589846896729,Q4_OOT,0
31,65369.088566801496,5639.880330146563,7,0.3836750939689112,Q4_OOT,0
20,49193.992202980655,7873.761558992677,0,0.188371202301642,Q4_OOT,0
65,97529.708879444,15800.97346967361,0,0.3174690062230184,Q4_OOT,0
42,25520.070036535944,12681.84775068732,2,0.1392325154247358,Q4_OOT,0
55,89361.13934354584,8681.273671884006,13,0.1610451888051498,Q4_OOT,0
21,60113.63275149359,28536.59521413762,12,0.25511855486157486,Q4_OOT,0
69,151867.82470379697,21381.972045111674,12,0.5469484906672505,Q4_OOT,0
25,112160.03745301352,32323.597131243954,5,0.20886005621645598,Q4_OOT,0
61,58328.61094704976,8488.141642363027,6,0.28341059784696143,Q4_OOT,0
26,25513.88193885077,15699.278467502038,5,0.16016554294830437,Q4_OOT,0
50,109403.2027158847,28412.832041012385,1,0.004219710348062719,Q4_OOT,0
47,26145.83759944662,6993.378818613818,13,0.30838331656770024,Q4_OOT,0
63,41067.554021317155,6394.963357958413,5,0.7217277182407948,Q4_OOT,0
68,92860.43126071256,9612.110172484987,5,0.1393715275788187,Q4_OOT,0
61,20928.648470460223,23050.44875902759,12,0.12845107163774633,Q4_OOT,0
27,30008.36102259335,18311.90944812802,8,0.13016748007004303,Q4_OOT,0
54,83817.43990450761,8803.03512567338,1,0.18536112298867458,Q4_OOT,0
20,228882.48627709932,6224.795614807143,6,0.7384889576463484,Q4_OOT,0
53,83361.69412770489,7084.497169228634,11,0.19575201970521774,Q4_OOT,0
19,62209.384883371335,18683.331370063996,14,0.058916841832249565,Q4_OOT,0
35,49082.67170008061,5409.7957858185,7,0.5495766591891091,Q4_OOT,0
64,31110.47271559552,11391.410595002017,13,0.3494013133332084,Q4_OOT,0
42,134975.8005113206,8425.73169279774,13,0.3469008866959003,Q4_OOT,0
40,30922.23330803562,6216.88361799864,0,0.6356739644246973,Q4_OOT,0
44,219468.5979762825,20925.483848326432,13,0.13690255089114794,Q4_OOT,0
57,71825.06640320152,40942.32367313219,12,0.14492883320680827,Q4_OOT,0
49,42758.20801023976,10088.764422605022,4,0.267116848565217,Q4_OOT,0
43,65839.81899339802,9706.411345696812,3,0.28953823822872127,Q4_OOT,0
67,21431.14476495202,35483.689119418836,0,0.6437309442689373,Q4_OOT,0
46,88820.54751588628,25217.6002252479,1,0.044794295014363196,Q4_OOT,0
58,34579.110961577026,16805.668751633253,11,0.32968175840563,Q4_OOT,0
50,58762.291650680876,8176.610288139,14,0.4966157333591805,Q4_OOT,0
36,32966.5872392815,16884.546449413636,6,0.3062534990142482,Q4_OOT,0
40,57591.94576168473,10915.269541046973,4,0.2860177746698089,Q4_OOT,0
49,102273.76551308269,9818.990191849072,13,0.6275951738824348,Q4_OOT,0
22,44465.10053866387,39136.1449492449,11,0.1992826072758661,Q4_OOT,0
22,68699.72013796968,6949.290569262004,3,0.5391864175844502,Q4_OOT,0
60,70778.72574632418,6203.156583821388,8,0.22122635689515407,Q4_OOT,0
59,35089.48589892413,10603.79710221004,0,0.2641811437583471,Q4_OOT,0
35,77148.42470245414,28781.836931264876,2,0.02296516520649688,Q4_OOT,0
44,124380.8110357233,11641.309458551817,2,0.18392093451914868,Q4_OOT,0
58,22642.39268693302,43145.539648214966,3,0.17041267250600362,Q4_OOT,0
25,37906.634298364486,6798.0197587431585,8,0.11280324247355394,Q4_OOT,0
40,156351.92828389615,5785.414455295791,13,0.2655186365913439,Q4_OOT,0
19,66364.31522275852,11924.353891472187,8,0.2745320223341993,Q4_OOT,1
55,46263.82177363294,11002.630814404027,13,0.38812664170754074,Q4_OOT,0
20,35000.76739180526,13819.006782841776,11,0.09407042705676226,Q4_OOT,0
59,79966.6257422985,6333.687791064738,11,0.381412210258696,Q4_OOT,0
66,40873.563476196854,19953.48750611719,12,0.2703810358764499,Q4_OOT,0
20,70760.73332466406,11190.96073812294,14,0.2132391236661183,Q4_OOT,0
69,87429.51487643059,9893.112421801601,0,0.10357080107726307,Q4_OOT,0
29,65103.15950651939,59721.19221672073,0,0.21914685884262436,Q4_OOT,0
60,44747.6245396845,40978.18577077162,14,0.06555795073528209,Q4_OOT,0
33,22384.435717181175,20397.93361774028,5,0.6163596043379961,Q4_OOT,0
66,26734.11053572417,25796.77337766761,14,0.13420476219352295,Q4_OOT,0
19,113089.72788016211,28802.496121745568,10,0.26702808199440087,Q4_OOT,0
41,176229.08916929032,25873.705192217898,4,0.39180019938101207,Q4_OOT,0
68,95176.95077015487,9389.732817775344,2,0.16656357227140092,Q4_OOT,0
43,29892.96436503245,13265.815697802422,12,0.6089335642418067,Q4_OOT,0
20,31999.87403346907,28854.758835159904,6,0.4771211207433575,Q4_OOT,0
42,42498.41370336249,14139.166976567698,11,0.28016840581365504,Q4_OOT,0
65,142297.48945755025,14427.073467824974,1,0.1476705179833709,Q4_OOT,0
18,52331.643404736984,27775.886352640086,12,0.16894434450310375,Q4_OOT,0
35,32843.33214576339,20557.083819154213,4,0.4422979747356297,Q4_OOT,0
55,67787.56942462389,16968.045284907974,12,0.15631044691535892,Q4_OOT,0
59,43091.73736906808,14058.363834350963,8,0.1533322560946609,Q4_OOT,0
69,75254.29898712262,36163.0896777235,11,0.10666942816842342,Q4_OOT,0
19,34866.41778615644,55309.09751224036,11,0.24763907592919931,Q4_OOT,0
55,51554.31762718571,16266.066431412279,4,0.16879759478267392,Q4_OOT,0
67,135104.334222841,7475.512271108189,10,0.4827308696454714,Q4_OOT,0
42,24556.131790149673,73550.30271205935,5,0.20383207909751797,Q4_OOT,0
42,100735.78446464038,12239.571053151594,3,0.4125379624939858,Q4_OOT,0
51,62756.98839144847,32084.010351280303,2,0.05751281907095511,Q4_OOT,0
64,59496.77737782484,25535.323655483484,8,0.1424724370737561,Q4_OOT,0
57,52125.70552867581,17236.107682031216,4,0.2942983348601579,Q4_OOT,0
50,60686.447443516765,5472.694494712575,4,0.31833562756027145,Q4_OOT,0
67,35851.41598336377,10622.58034390362,5,0.22532871793846665,Q4_OOT,0
33,44747.89946761982,27127.106618560843,4,0.46409333924274,Q4_OOT,0
69,62875.27413044087,6401.926993950312,6,0.43860091963329517,Q4_OOT,0
64,35241.595207429185,11584.056853962393,12,0.23798744579100584,Q4_OOT,0
67,66388.17299416522,18898.475775905812,8,0.248184004355534,Q4_OOT,0
49,134214.6163392919,7367.05017130863,14,0.1997417943210217,Q4_OOT,0
58,24197.15096950607,9235.437063240526,14,0.16635328017621548,Q4_OOT,0
22,24483.805635258665,14243.260117520083,2,0.1336015917932776,Q4_OOT,0
33,118778.44124400518,16903.17678241386,14,0.1449088902971995,Q4_OOT,0
40,355416.04322801606,29080.822238268156,13,0.07359535737968702,Q4_OOT,0
34,157107.37626035677,9134.786470313356,3,0.4908763364613514,Q4_OOT,0
36,225752.89963298765,6202.703458805929,5,0.12816990025052685,Q4_OOT,0
23,49805.08229925229,5176.461855150618,7,0.340177930574938,Q4_OOT,0
54,143100.76922040514,28147.00334622023,8,0.22207939334404916,Q4_OOT,0
42,104358.61384846893,14927.810638186325,9,0.21652833275103825,Q4_OOT,0
41,31400.513852845303,5004.717521063435,1,0.028550269244212393,Q4_OOT,0
66,36036.92942254926,21851.53136454899,6,0.5786155150987032,Q4_OOT,0
33,27057.480650242185,7064.3181138073805,5,0.6797342293171932,Q4_OOT,0
52,41598.610736091716,10516.395100138556,13,0.306513114368611,Q4_OOT,0
57,120622.01413805381,8894.400075572063,6,0.27120503270343327,Q4_OOT,0
29,46386.929628163474,12135.24504077742,1,0.28706603512188594,Q4_OOT,0
38,83997.64496277214,20350.06335355767,1,0.23246776260220753,Q4_OOT,0
65,43231.609072622974,76830.59129770262,0,0.4085890613109901,Q4_OOT,0
34,64565.57276477093,11614.533220896576,10,0.37480440683331484,Q4_OOT,0
37,72226.11294788975,13252.892462452495,6,0.04565586697406611,Q4_OOT,0
55,36882.63834881119,5375.382490888484,7,0.37075089064337646,Q4_OOT,0
37,36848.44395728032,10825.22649706421,9,0.14894150750617746,Q4_OOT,0
18,29506.511938645373,25945.36131120788,4,0.08131075173534844,Q4_OOT,0
64,51574.01815323857,6677.62028356386,4,0.2768369804376541,Q4_OOT,0
24,20201.636607074524,8384.883573806515,8,0.19223583591664262,Q4_OOT,0
31,131010.3332685594,32067.94697834854,10,0.15922807645326614,Q4_OOT,0
53,113317.18401415608,24706.142559087086,2,0.583630750031879,Q4_OOT,0
65,82027.28970529893,7229.46972858041,0,0.03264246934926214,Q4_OOT,0
69,48605.36344337179,19471.135842068623,9,0.23096706365924366,Q4_OOT,0
54,44659.430525752294,5123.185041560071,14,0.07390145833414234,Q4_OOT,0
25,46391.2891547606,17654.216431526547,13,0.2679131142320198,Q4_OOT,0
47,56604.717699698456,23210.79731378517,12,0.1341972538094893,Q4_OOT,0
52,22903.404666590206,30604.87397882227,13,0.07888160731623294,Q4_OOT,1
48,173977.92986795827,21470.115958349274,0,0.25663394607340706,Q4_OOT,0
32,55505.786733693276,16649.730545625116,0,0.02471217230082427,Q4_OOT,0
40,29189.016717250546,27120.50395725444,1,0.14316806603085405,Q4_OOT,0
28,40456.25733515027,20881.70553243209,4,0.24712539209866038,Q4_OOT,0
35,82815.2023610954,7070.97929784494,4,0.13629318517023722,Q4_OOT,0
67,53087.73627832981,26206.808147219355,10,0.27560434351174323,Q4_OOT,0
31,70726.67587994022,18814.623674260692,6,0.07042259245203993,Q4_OOT,0
27,67835.24410748422,10528.554460543768,13,0.19454346095416447,Q4_OOT,0
29,24828.59142778592,10503.252807860954,14,0.09921314922517122,Q4_OOT,0
31,37029.67926809461,10576.881278783727,0,0.2303739856530211,Q4_OOT,0
32,33571.59589934039,6123.02294634484,10,0.040469067805754426,Q4_OOT,0
61,127501.82493711324,15329.906605049786,2,0.19554636279090984,Q4_OOT,0
49,82908.30776164723,9809.754942815354,8,0.028398662063334204,Q4_OOT,0
67,42601.75087659304,10353.287785579487,0,0.5254751829421684,Q4_OOT,0
45,312763.2733183699,7303.470137604816,14,0.2655311316167911,Q4_OOT,0
25,85428.29778310325,20003.561642432753,14,0.28879258177544986,Q4_OOT,0
66,20683.12389783011,5912.036263362072,1,0.06722934107858496,Q4_OOT,0
34,34713.62481803705,15419.0741930415,5,0.46249809735237807,Q4_OOT,0
60,143205.25025109889,5341.865290760588,14,0.09924676676963486,Q4_OOT,0
23,40115.49327839257,10582.967718534845,11,0.5000447173133477,Q4_OOT,0
41,88081.60201351493,20695.346489666823,1,0.35962412133116395,Q4_OOT,0
57,39950.095281653106,36851.23903566741,2,0.4270239396742019,Q4_OOT,0
32,141030.61399227718,9733.165622789687,9,0.24160732787742512,Q4_OOT,0
39,35715.04591038784,9317.673891006216,8,0.22398993655577382,Q4_OOT,0
18,48673.58053226197,13591.346427059232,5,0.23631519487510064,Q4_OOT,0
61,22097.787211468763,25429.359893062698,13,0.5549945402935594,Q4_OOT,0
46,139690.59147882432,13186.025724972107,1,0.0833816980094232,Q4_OOT,0
45,65792.86246160546,15746.84768010298,6,0.3235655325618715,Q4_OOT,0
21,82486.71363902318,12606.94692341236,5,0.02643665463355811,Q4_OOT,0
44,23873.86049941017,19603.157452209223,9,0.45964109104812234,Q4_OOT,0
51,36602.14349499809,15690.172694719784,11,0.33022153605181803,Q4_OOT,0
56,27878.795683641238,18041.77196100011,1,0.14955264090509585,Q4_OOT,0
45,108250.35201343747,10054.137587298857,5,0.19155444869590682,Q4_OOT,0
61,99880.78225336657,5161.373796584982,9,0.11703844379068365,Q4_OOT,0
65,31697.165467218554,7148.729095246421,7,0.0777063940988028,Q4_OOT,0
20,27927.17221594712,14808.036034069351,5,0.04800281351756657,Q4_OOT,0
65,26860.275381367148,36130.761763854476,13,0.36292433838304033,Q4_OOT,0
28,32667.8923452541,24899.46267197597,10,0.219664632507757,Q4_OOT,0
24,55240.10181027413,9752.592382289604,8,0.2693238040958732,Q4_OOT,0
63,136494.2061523231,21661.038804044056,2,0.12568656078057922,Q4_OOT,0
51,62920.75001949017,6825.427171244986,14,0.2783967600810378,Q4_OOT,0
26,109645.03866769464,7483.1671972516315,3,0.16000146439813892,Q4_OOT,0
35,48371.39652363719,21871.537835526255,12,0.39392487199201903,Q4_OOT,0
69,76649.07338240552,38989.35045717804,0,0.1230427303536894,Q4_OOT,0
31,38629.457367986644,13431.997271277534,11,0.2043619273807256,Q4_OOT,0
47,67824.70418042387,12648.285740234425,7,0.2589644316142682,Q4_OOT,0
28,42501.694090946025,5961.030682770223,7,0.21093735949477493,Q4_OOT,0
19,80449.84648796258,27136.66843909584,11,0.13667318767406267,Q4_OOT,0
60,27327.89042053589,8044.6319435729765,13,0.3472121336866923,Q4_OOT,0
47,72051.81416977619,23757.50317359204,5,0.10204012777775263,Q4_OOT,0
19,20787.355770310412,14942.454404706712,8,0.5694176226243226,Q4_OOT,0
27,64100.36034114791,28592.77084040701,8,0.11727467218128018,Q4_OOT,0
61,103594.18339053035,14570.539369451466,6,0.4050321149355069,Q4_OOT,0
36,51786.03644255518,16607.719512342097,0,0.2151969406557825,Q4_OOT,0
42,96379.54341898343,14285.345121929295,13,0.6880072783227518,Q4_OOT,0
20,87765.5249756911,15502.716510012675,4,0.2220400087195494,Q4_OOT,0
63,34663.755286773034,10453.558240254228,11,0.11479000739566238,Q4_OOT,0
63,272746.7207474888,9875.456969741323,10,0.1920257346721052,Q4_OOT,0
39,86951.43400522003,19698.64250846458,3,0.5236457456564739,Q4_OOT,0
25,64201.986268867484,7318.653578793902,14,0.17777544967982054,Q4_OOT,0
49,31792.791140823632,16132.119263564233,8,0.271152436881542,Q4_OOT,0
69,47041.75318789674,27516.507188878048,14,0.39852287699766425,Q4_OOT,0
26,57947.800968786105,7591.231771469444,4,0.31889849829884453,Q4_OOT,0
50,62616.066416103335,39009.846266496854,5,0.6355024311055892,Q4_OOT,0
38,70385.61318440911,10640.359170360149,9,0.30264239806704757,Q4_OOT,0
23,38528.50236337213,23079.151515018773,12,0.27684195834003117,Q4_OOT,0
68,105428.44096717398,11526.503763885752,12,0.3192953225441904,Q4_OOT,0
37,99801.32696004778,16430.256154060644,7,0.17336202390676886,Q4_OOT,0
64,47855.086720686224,43153.43113014237,8,0.1801043260404662,Q4_OOT,0
63,26414.240458336542,19843.756898016225,14,0.22446599883830706,Q4_OOT,0
42,20597.4042843059,13330.197980620367,8,0.3838160871414263,Q4_OOT,0
53,148727.08634685806,11626.339744256838,5,0.34722941011346714,Q4_OOT,0
31,67983.17917454697,15364.16273161699,10,0.27678835105306804,Q4_OOT,0
18,66230.94662440455,18878.182219204497,2,0.6328652354575175,Q4_OOT,0
21,79343.61040364031,33228.801858110804,10,0.07261768737604131,Q4_OOT,0
48,105119.1375841395,26298.13823447554,9,0.24839860206157718,Q4_OOT,0
39,47549.572038639424,28330.284306746424,8,0.45290358200686115,Q4_OOT,0
46,76865.16614874452,5745.921513252071,7,0.10913641666695319,Q4_OOT,0
50,25558.139650910067,10217.389034788512,9,0.2741094717049167,Q4_OOT,0
65,77875.63295296868,8101.771688208266,8,0.6302915756690658,Q4_OOT,0
43,25819.133958008802,20647.793110284347,9,0.11238534327241481,Q4_OOT,0
26,32639.167673865875,9077.688079542173,7,0.542631066384089,Q4_OOT,0
62,39818.56380618724,47688.15935506235,7,0.09587923561722865,Q4_OOT,0
42,38295.81793750695,32907.70797516238,7,0.13446826240052237,Q4_OOT,0
41,44121.80245927583,13742.720851896196,6,0.20159103987739463,Q4_OOT,0
61,54007.49992476734,7091.114832623836,5,0.7331379430685849,Q4_OOT,0
19,24297.622264149006,29500.120865686098,10,0.3565740763977211,Q4_OOT,0
44,45311.2146179782,6622.538634889511,14,0.11294729211409558,Q4_OOT,0
59,21427.344693542374,8527.424667952071,5,0.5357201289729541,Q4_OOT,0
31,21952.18852267327,35097.33534088047,7,0.514688479486776,Q4_OOT,0
42,55710.217726830364,38008.33637539571,0,0.2971289142180625,Q4_OOT,0
49,175541.27302283683,10178.533052417286,12,0.2979238624765956,Q4_OOT,0
20,126567.89247480323,16785.58131949643,6,0.35979599555227904,Q4_OOT,0
54,33136.76693580926,5606.669536626836,0,0.2359466349677222,Q4_OOT,0
34,31097.4897512029,12477.345386699386,10,0.11480918726789477,Q4_OOT,0
44,34190.338543989674,61353.60253067405,5,0.18598615981469044,Q4_OOT,0
63,143097.64654868585,9228.863227114418,6,0.22023466437395878,Q4_OOT,0
25,86851.14583723433,24004.226684812005,0,0.6329011946817356,Q4_OOT,0
66,22353.658792228325,9149.023508522825,2,0.5474900941978025,Q4_OOT,0
33,74990.88348016338,41187.125672006456,13,0.3677398111593138,Q4_OOT,0
25,38103.14780622015,13251.51396957103,8,0.6254158646397889,Q4_OOT,0
55,116867.41175481884,55491.12556601731,6,0.38532464830724245,Q4_OOT,0
46,41190.298963475725,6704.732598122259,8,0.05338289146820671,Q4_OOT,0
52,32324.18679371498,35184.550140208376,3,0.27097205481392767,Q4_OOT,0
51,100488.66749709586,14939.420622759219,3,0.47100334493669616,Q4_OOT,0
55,54894.4692451628,24312.136389245148,12,0.03491289986430096,Q4_OOT,0
33,21972.930306390954,5752.604062587236,10,0.8347117749833337,Q4_OOT,0
43,32127.591577469262,10287.368069812275,4,0.09763934438081474,Q4_OOT,0
45,20800.088497221797,22454.972507331902,10,0.30674534058517006,Q4_OOT,0
46,57687.76123234181,6403.002511139834,7,0.07491303650041423,Q4_OOT,0
25,63148.41422473233,11530.113172783122,0,0.20463917776410379,Q4_OOT,0
37,72483.11170432324,12421.230969470755,0,0.3663113298751821,Q4_OOT,0
67,194126.20586369172,5147.386627524245,1,0.27378101114865316,Q4_OOT,0
50,23550.412859626515,19738.16571723418,9,0.3559750798327555,Q4_OOT,0
42,55429.30832349735,10286.795620424338,4,0.5443054653417931,Q4_OOT,0
37,171658.66140436285,12319.020941969535,5,0.045899607130318494,Q4_OOT,0
51,40264.21045543914,5163.602397453774,10,0.11824260112772755,Q4_OOT,0
66,57472.932574131635,73634.39215314116,8,0.4099182630472026,Q4_OOT,0
44,109773.09251339843,26440.305030610853,0,0.14898667657539408,Q4_OOT,0
57,75990.4460467955,9915.863004877561,3,0.5732220569552265,Q4_OOT,0
29,39594.67269451164,37845.71481199077,3,0.33638548478784747,Q4_OOT,0
57,31343.237508753187,39382.26094567957,13,0.7752284493958348,Q4_OOT,0
23,68484.90794345197,6346.902634929008,6,0.38219294076916493,Q4_OOT,0
25,25038.58855057474,11198.872299298757,13,0.14851244733607322,Q4_OOT,0
66,156052.54873716718,13127.478101904177,7,0.10781568404786307,Q4_OOT,0
66,28993.182638186598,68775.86632858633,7,0.3735496845619551,Q4_OOT,0
62,22994.857447645358,13691.314699905242,6,0.17393276201193533,Q4_OOT,0
27,42230.44494580755,6307.744789682846,13,0.06477578608753992,Q4_OOT,0
24,20846.0027227499,21030.868556165642,11,0.22846474631193606,Q4_OOT,0
24,262663.3314171348,7473.228506733138,6,0.26240839164692326,Q4_OOT,0
53,106750.97322314343,5424.212973302615,12,0.077551507312311,Q4_OOT,0
59,31515.443010393188,24583.192774723473,14,0.2236200263289506,Q4_OOT,0
54,53940.811498664865,33916.55343949069,9,0.4752811840257786,Q4_OOT,0
56,33576.5549626686,19527.013597360423,8,0.5788063848942626,Q4_OOT,0
41,25086.85166213797,33813.70706855366,1,0.1557983526593474,Q4_OOT,0
33,100823.3452127302,9209.087678978758,13,0.20032610562389,Q4_OOT,0
24,23540.574415903517,70130.92671001109,4,0.3468303442991893,Q4_OOT,1
51,60901.17415059444,10770.852588708629,12,0.2542409089324805,Q4_OOT,0
56,72712.99541031825,7513.350153864119,0,0.27247053249765063,Q4_OOT,0
38,75117.50846424486,6086.168768462403,9,0.18207002349119272,Q4_OOT,0
61,62375.08484410642,31694.45259222408,3,0.24563125611223435,Q4_OOT,0
24,68626.46445791837,5451.740344109399,6,0.07236222927539418,Q4_OOT,0
58,38791.485055750294,42756.26481410454,9,0.5935007252165446,Q4_OOT,0
36,162234.31535120922,40861.796373063546,5,0.25283932903198447,Q4_OOT,0
46,53217.13209411214,5471.735889400876,5,0.16233597210787595,Q4_OOT,0
19,81575.78328956848,17320.07470189323,13,0.3647500606965107,Q4_OOT,0
36,33796.70209375121,22515.829876316675,1,0.3643597729241451,Q4_OOT,0
21,128881.69861845928,16640.982395692918,0,0.19555003782125907,Q4_OOT,0
23,70791.98186410998,17953.259099708546,4,0.27488892757695554,Q4_OOT,0
54,216815.3981455845,14118.431629140818,9,0.2282173875521776,Q4_OOT,0
50,61898.005445639355,18434.213865822636,6,0.047660860398307414,Q4_OOT,0
23,92166.04678319213,9349.439784492803,1,0.3821231908648282,Q4_OOT,0
45,51345.96591756682,13711.896373764432,7,0.4595134784225958,Q4_OOT,0
54,75463.31705047232,8771.307550263253,2,0.20903258367755514,Q4_OOT,0
53,55823.95777068231,54783.81585457827,9,0.09158380581916682,Q4_OOT,0
39,47111.598618684846,20793.395705499875,4,0.15586085592876153,Q4_OOT,0
53,39040.72839059679,24682.86813900979,5,0.762412991557046,Q4_OOT,0
69,34297.24182714807,30527.29539363458,11,0.1588167470811711,Q4_OOT,0
54,266002.0080691343,64410.56970343369,12,0.43538098350586285,Q4_OOT,0
50,32819.717277307784,10345.71254289215,2,0.0673371679621404,Q4_OOT,0
38,30969.595865029427,19506.917032480735,8,0.41233603549252085,Q4_OOT,0
33,34034.92178536311,12343.93023334557,13,0.2141852327114215,Q4_OOT,0
25,34372.31921716139,14035.290350870077,0,0.13818751209396007,Q4_OOT,0
41,24412.288646393245,17598.612376778263,8,0.14089276388140048,Q4_OOT,0
42,93823.68105114777,8213.178434171172,8,0.031517544524266215,Q4_OOT,0
27,34987.8724816971,17570.318083828017,0,0.15587319315117867,Q4_OOT,0
44,48837.10647635866,9253.162150338463,7,0.15575442038046924,Q4_OOT,0
29,24088.586915768028,6514.230409633436,2,0.22761870877183576,Q4_OOT,0
45,41152.379932375276,29875.09660094492,3,0.44171774426544036,Q4_OOT,0
61,161154.8353607651,7373.6190232881945,11,0.22626265011222074,Q4_OOT,0
60,89664.31328194743,16067.305510660306,11,0.49249721781190825,Q4_OOT,0
51,68557.82988254339,18907.11101365163,2,0.13062023021042823,Q4_OOT,0
27,47186.11927034684,7750.187255526797,8,0.14035674335352613,Q4_OOT,0
60,171353.3407296788,61121.499308085775,11,0.10676910372731652,Q4_OOT,0
62,37092.787704859045,61719.93535417255,14,0.11916612426935386,Q4_OOT,0
58,20416.31882072096,15009.846821719373,6,0.2058856393578704,Q4_OOT,0
18,93844.26877826595,8795.005203012948,10,0.16592641038176492,Q4_OOT,0
56,20230.54584250632,7738.474841025656,8,0.35687200561035354,Q4_OOT,0
69,23693.000617212725,6604.630699680038,9,0.09282787086085179,Q4_OOT,0
48,108128.90666773818,38861.089198447,8,0.12704130552148316,Q4_OOT,0
48,37559.01510144941,69443.62100041023,4,0.34890697400352566,Q4_OOT,0
48,33113.461473335425,16540.309664333872,2,0.2626904332267034,Q4_OOT,0
67,28560.664647302732,5361.555586573472,11,0.5287038778300082,Q4_OOT,0
32,122288.60915490927,22463.305536493255,11,0.15932946024940248,Q4_OOT,0
41,75346.79133449376,51715.481385242056,14,0.35996463358418973,Q4_OOT,0
37,24937.495592653737,17340.909749379254,0,0.09318940357419347,Q4_OOT,0
43,32319.46577428255,87049.99858276745,12,0.585767099363763,Q4_OOT,0
24,72140.43428025034,9848.029276056372,10,0.20944766944584123,Q4_OOT,0
47,20247.627432663914,23006.808096897417,6,0.41536915614885406,Q4_OOT,0
59,97035.42171857452,5662.531968292833,7,0.10988874711243563,Q4_OOT,0
22,71266.07653988167,30767.647400736663,12,0.2812943777707495,Q4_OOT,0
18,98072.19783992402,32600.82160148519,12,0.4369501194141598,Q4_OOT,0
51,32713.721067304978,8934.895485537207,14,0.16006984118152887,Q4_OOT,0
18,35450.08926616658,33178.42139304041,4,0.291307701487487,Q4_OOT,0
37,41322.27116505527,23312.36739056233,1,0.25443865573071733,Q4_OOT,0
29,34000.60037740233,37596.68158716595,4,0.2997655081199766,Q4_OOT,0
50,85702.59619590822,11201.270981095693,3,0.36846155628000143,Q4_OOT,0
33,58431.569181689854,8211.599567156685,3,0.267794571910919,Q4_OOT,0
43,20238.876235002877,13087.576292875634,9,0.47801316579013015,Q4_OOT,0
55,87895.79249628613,14788.724164434398,0,0.47854766532376813,Q4_OOT,0
60,81708.33729654997,22479.28044798973,0,0.16297658503539814,Q4_OOT,0
59,81345.16695671428,14222.20583024978,0,0.15384558271288704,Q4_OOT,0
46,31490.7014931379,17481.5167336553,9,0.12813987496438317,Q4_OOT,0
59,72942.56512651552,16930.40717871503,12,0.45431603802978515,Q4_OOT,0
49,42322.878404063544,15809.931129252405,1,0.20462493185206626,Q4_OOT,0
69,152093.76272064596,42581.47755168689,6,0.37420294479356003,Q4_OOT,0
26,45527.449571832905,6310.381384351282,1,0.058094195509525756,Q4_OOT,0
26,81942.41124265234,11729.953387911246,1,0.6040514928665008,Q4_OOT,0
33,145109.6357529465,15221.69446539275,0,0.19794768889244113,Q4_OOT,0
33,149964.38234947072,19818.269316305403,11,0.45007378876741105,Q4_OOT,0
68,57759.5450267779,32215.709117870636,1,0.26421837235064183,Q4_OOT,0
54,42733.807448046085,56109.385850637955,3,0.20827331709631236,Q4_OOT,0
19,63052.106795688815,9904.239373000735,6,0.02749790235370365,Q4_OOT,0
64,30748.227003220345,15524.963118986905,1,0.4246858023820181,Q4_OOT,0
37,24216.52707380426,7934.707904488951,4,0.3048388736794874,Q4_OOT,0
35,85376.78358348989,40141.372840888376,11,0.22655194149878313,Q4_OOT,0
60,20409.81043985004,11452.666054139245,14,0.49898042718423236,Q4_OOT,0
41,27027.353587774865,7517.989772628739,11,0.07793300309681388,Q4_OOT,0
54,26395.640942834223,37016.11101468103,0,0.613073225136545,Q4_OOT,0
19,30538.093572637183,40444.21593083671,9,0.6247465304186083,Q4_OOT,0
27,71411.04888275053,15775.68561361894,5,0.042971667002322966,Q4_OOT,0
38,37648.46894813821,25355.88664339857,4,0.39581592570654106,Q4_OOT,0
50,54831.483971574446,7845.92722737048,0,0.2786833581661679,Q4_OOT,0
53,88031.3042632308,10997.146732181023,2,0.21067868511261506,Q4_OOT,0
45,66100.03520155283,15573.219982814568,13,0.3344627460655394,Q4_OOT,0
21,136069.1223071391,11986.700998819582,3,0.3143141035993125,Q4_OOT,0
59,32660.305748112933,22269.44533077219,10,0.2847144658770785,Q4_OOT,0
54,70965.38668122733,12044.10859521665,9,0.2445927095040823,Q4_OOT,0
46,199658.62859495883,56726.445785722775,2,0.3718107447624371,Q4_OOT,0
63,20557.72370011808,7653.548079768568,9,0.33042937318174426,Q4_OOT,0
56,78206.25759741201,40301.80324329812,1,0.20128823135049173,Q4_OOT,0
18,124261.43196133676,23235.101694188546,3,0.3685964172260714,Q4_OOT,0
18,125210.46849959377,7379.445408895508,13,0.13278613600597705,Q4_OOT,0
62,60741.60271229373,5447.81020859294,5,0.07925836083741428,Q4_OOT,0
66,130194.79048855264,7473.448186150372,8,0.24128181519323572,Q4_OOT,0
28,59125.67216488936,28086.43211607658,3,0.48115593011520297,Q4_OOT,0
49,106679.00761545284,22511.683051617427,7,0.3667110010522527,Q4_OOT,0
64,102708.943868413,28626.3768374098,5,0.36627602174640295,Q4_OOT,0
67,25810.46697667519,11437.582392018165,0,0.19093691673389573,Q4_OOT,0
22,56296.24309558388,15946.747800165049,6,0.40687111688294103,Q4_OOT,0
27,31405.4377096948,26615.62519890478,6,0.27481165944936325,Q4_OOT,0
51,27926.25246345843,6185.887604968102,2,0.1591252357984543,Q4_OOT,0
27,60833.85228086045,19471.432443435373,14,0.14035602820029147,Q4_OOT,0
19,44746.00533639501,5749.151403615364,4,0.13038052099301792,Q4_OOT,0
59,24305.41205081622,20503.852038124092,1,0.10148405286717076,Q4_OOT,0
32,21023.982828259803,13571.565616770902,12,0.19792188724508697,Q4_OOT,0
63,72353.60630613987,22689.645421914844,11,0.3355284583978154,Q4_OOT,0
28,82328.08553240288,57099.10384227453,4,0.2819789487045884,Q4_OOT,0
47,88855.03941662364,11115.30740029264,6,0.5043926761306391,Q4_OOT,0
68,29168.117970417115,40700.158845071805,0,0.4588348719907307,Q4_OOT,0
23,40383.04141995445,18912.34291515303,12,0.11582783085326677,Q4_OOT,0
47,51731.90785917842,34928.77626411958,1,0.14611430675834458,Q4_OOT,0
43,111808.00287454856,6190.437489888356,4,0.2687594696816996,Q4_OOT,0
59,73593.39674344307,15326.628933338108,10,0.7443368509169414,Q4_OOT,0
53,121507.1322935239,6355.5372423272565,4,0.7534756498522299,Q4_OOT,0
64,39798.76804223931,12905.707452629591,5,0.1758096026390085,Q4_OOT,0
30,104682.76632221126,11383.933555750948,6,0.279489649808467,Q4_OOT,0
58,27239.329708068668,16439.674874891683,12,0.6210034111836742,Q4_OOT,0
18,58915.42925629662,34052.508057239334,0,0.26196206560949237,Q4_OOT,1
21,35568.51253409595,19623.90409480875,11,0.5745572916346279,Q4_OOT,0
28,22975.781427195485,12017.573596090522,11,0.3793656213337762,Q4_OOT,0
31,23643.82841278534,18714.472503054654,6,0.25065772093857414,Q4_OOT,0
55,121868.62626631006,36354.28749519991,10,0.2653488227276052,Q4_OOT,0
34,164641.0933103896,13571.50552473484,10,0.18319755316769426,Q4_OOT,0
19,202975.24621191897,16409.026794711554,1,0.13320470710662746,Q4_OOT,0
28,33833.42707590989,32706.67636120872,12,0.35206797167144277,Q4_OOT,0
35,38113.681970010424,13884.483195076225,9,0.3102731403946116,Q4_OOT,0
57,29007.23451553982,13210.35418909324,3,0.15622811078045076,Q4_OOT,0
48,361655.979530924,19228.73576891225,5,0.3852793374623593,Q4_OOT,0
20,37819.60874816171,12316.691514719572,3,0.5738242641674547,Q4_OOT,0
39,57726.24023782182,10370.134602549098,2,0.20153941312886384,Q4_OOT,0
54,130446.44246929814,23387.348735922642,7,0.046070664113766945,Q4_OOT,0
49,130438.03087817774,9881.411795519209,8,0.18263049953227256,Q4_OOT,0
37,142613.81446963054,31261.473191108256,3,0.629134769577933,Q4_OOT,0
28,204730.18911534466,14142.262630956426,1,0.5733802134892743,Q4_OOT,0
25,43805.910645116564,15369.107960381945,1,0.5014058206107069,Q4_OOT,0
57,71739.90601094632,12798.440298034984,9,0.15309539036509692,Q4_OOT,0
47,139064.40612633142,16712.404206365107,9,0.4231409665647512,Q4_OOT,0
65,81770.9158557593,37606.35963356173,12,0.3141641358290892,Q4_OOT,0
38,37480.526217942745,14783.195366924137,8,0.3626112532048506,Q4_OOT,0
37,23672.04819703027,6804.458714699684,1,0.4225774546401739,Q4_OOT,0
26,59089.34607576389,14033.86179114093,9,0.2823098143597388,Q4_OOT,0
55,66038.37046940823,51378.65593566382,1,0.24005628111941665,Q4_OOT,0
59,49920.173633357655,10374.463180749706,13,0.5153370081008134,Q4_OOT,0
36,184413.57091083954,19523.07682123654,11,0.575104824871118,Q4_OOT,0
31,102322.59183431351,6403.411962427002,12,0.0931238096507745,Q4_OOT,0
33,113118.18928262887,42296.37294767065,14,0.17625897644374214,Q4_OOT,0
49,128213.17992435764,14663.06328377954,6,0.28675941851290043,Q4_OOT,0
29,20638.421236374008,28441.905802661775,3,0.37565268403344765,Q4_OOT,0
68,46748.531441102285,47527.51444298557,12,0.21117124323334763,Q4_OOT,0
40,53578.37556804895,16059.494588946996,14,0.4180731076469083,Q4_OOT,0
47,30236.159544291884,6637.702086203036,0,0.5151363489049654,Q4_OOT,0
62,164849.4491957187,23856.750766306104,0,0.2658618394385815,Q4_OOT,0
48,52172.01788149355,8612.912012276498,4,0.307776393160741,Q4_OOT,0
42,86557.87557278208,6684.336757612637,6,0.23029871275218664,Q4_OOT,0
42,22491.105213536663,7774.93094876535,8,0.2929847672458975,Q4_OOT,0
25,69271.31321471574,8772.605038330728,1,0.14521700593175346,Q4_OOT,0
69,21004.371308052356,50852.211367556294,12,0.5540665324648895,Q4_OOT,0
32,25604.627409503315,6888.575432605092,12,0.30390271705581057,Q4_OOT,0
39,108522.73314232641,35410.42814999175,10,0.2890843189239055,Q4_OOT,0
53,107116.16873779117,9360.590792258728,14,0.09866003934900087,Q4_OOT,0
58,26717.18866939161,5652.946440395591,8,0.38504172101409717,Q4_OOT,0
35,70971.95659215751,7924.8709408135455,12,0.48304303145625055,Q4_OOT,0
27,28834.323096671273,11347.825852530981,3,0.37389286925425547,Q4_OOT,0
44,150302.38976392057,29671.72461383932,12,0.0562322493535844,Q4_OOT,0
22,98731.75507035013,19197.502323235967,2,0.193057200090026,Q4_OOT,0
24,46251.71846735144,5031.811533812932,10,0.20304200345285833,Q4_OOT,0
46,25550.292209536077,21010.108798340145,7,0.44813047540273376,Q4_OOT,0
52,48604.72346453252,28250.092407106982,2,0.4085650746580373,Q4_OOT,0
54,81382.10863702066,10140.787507218076,13,0.24858560417761422,Q4_OOT,0
37,140360.8758786079,6974.714522155305,11,0.12216680541481373,Q4_OOT,0
19,33257.202443541035,16304.517508144017,4,0.39175345508401677,Q4_OOT,0
63,55845.16895818804,17764.062759487977,7,0.014894294379383749,Q4_OOT,0
58,82172.49401048032,8795.977333570041,12,0.06349226349335356,Q4_OOT,0
53,184660.53507470377,40376.43211964577,4,0.2665275946682133,Q4_OOT,0
28,68022.2794961597,36072.37773829156,8,0.11992838445676776,Q4_OOT,0
29,199880.38890635874,7991.890098991347,14,0.2877369555869982,Q4_OOT,0
35,82268.39047629242,13195.951640870013,4,0.08237341779471553,Q4_OOT,0
38,26529.357950932772,25420.107171053216,4,0.21710027540147747,Q4_OOT,0
69,30941.190828599578,15631.013138918124,7,0.5564815148327222,Q4_OOT,0
58,151493.09989549866,8454.87985829033,6,0.5795152883335714,Q4_OOT,0
33,43465.56445187012,25090.442310601575,6,0.13188142312623102,Q4_OOT,0
31,57842.67843571287,12150.492481982137,7,0.5589397571401555,Q4_OOT,0
32,100882.77411148233,22250.156522617697,0,0.46098291807258934,Q4_OOT,0
36,44757.15044686117,33810.51826114337,13,0.19504127106983338,Q4_OOT,0
25,88309.73934348811,12285.032435332405,5,0.2746509648149336,Q4_OOT,0
44,24691.069451084466,12296.8107896693,2,0.3069797605290722,Q4_OOT,0
40,87710.6105532503,7831.732379177747,4,0.026717784353511527,Q4_OOT,0
40,60677.64717659066,57434.50263785642,2,0.05906804726104098,Q4_OOT,0
59,86448.06925325019,17423.183191802724,4,0.2835209295076923,Q4_OOT,0
21,106982.1230898401,17134.002316041933,8,0.19542384059787776,Q4_OOT,0
49,42504.49515730301,18235.22865961781,2,0.4309686195744607,Q4_OOT,0
66,113352.4472938117,10149.79217861042,5,0.18462622518276417,Q4_OOT,0
28,93394.42644960097,38880.01604664609,3,0.06412870548482331,Q4_OOT,0
58,24142.108549513898,7563.859051686204,13,0.38935017701775443,Q4_OOT,0
69,26624.173415346944,6325.047216344053,4,0.2303989907617665,Q4_OOT,0
18,28048.560212648925,18791.870247134837,3,0.42573159180588105,Q4_OOT,0
34,44170.96291752854,5393.579868350071,6,0.16304351298939493,Q4_OOT,0
35,64644.765037778,35575.81957952685,8,0.10370282281331863,Q4_OOT,0
55,91781.61503564952,13356.447618577773,3,0.3209219819422293,Q4_OOT,0
57,93063.88944474902,8010.588278999066,7,0.139677421413829,Q4_OOT,0
27,43425.31892506845,21356.599144779673,12,0.8004989404856561,Q4_OOT,0
56,63544.49915165008,23486.348609626297,13,0.274160349237889,Q4_OOT,0
32,45966.764121644075,37198.833451244995,6,0.08682122818144508,Q4_OOT,0
69,198419.36347935445,10094.017216916029,7,0.13956916621642337,Q4_OOT,0
50,75935.35126721548,10892.84210016917,0,0.39331261879950025,Q4_OOT,0
39,102256.78718458641,11385.134252069343,12,0.438372847988668,Q4_OOT,0
35,23136.887786755484,15833.688539473704,12,0.06388358537061313,Q4_OOT,0
25,50385.92989137769,34259.64939820743,7,0.24498730551597475,Q4_OOT,0
39,30906.100347002786,24659.710672767145,9,0.3343322421176362,Q4_OOT,0
62,66115.22871578488,19615.872145964313,7,0.4414273835179439,Q4_OOT,0
69,52784.63938976337,19650.412305678583,8,0.2343925945516423,Q4_OOT,0
36,20173.521202946915,104400.77610312667,7,0.27300850674278987,Q4_OOT,0
50,52180.86723171409,41049.25426217954,8,0.4988008181710796,Q4_OOT,0
45,31173.968270824153,6720.799609132535,12,0.09589486642512265,Q4_OOT,0
45,33725.939623189974,9648.368055006336,4,0.04951149638017354,Q4_OOT,0
31,82742.59755567348,6730.559109768389,2,0.5372954635771445,Q4_OOT,0
45,91766.373907093,34316.08542575038,1,0.01522870733963633,Q4_OOT,0
30,33214.5980802691,26216.360574159207,4,0.31481984532685536,Q4_OOT,0
60,23434.321312269793,15959.358886509122,2,0.3350802721587515,Q4_OOT,0
68,116584.85051597585,20360.169737231114,13,0.38055947210033647,Q4_OOT,0
62,23717.436101852494,12202.873318073453,7,0.18438927970544358,Q4_OOT,0
23,169890.4770305417,18476.856460777482,0,0.008389751488170323,Q4_OOT,0
52,49582.06415894377,9460.915151907391,6,0.2874602849863782,Q4_OOT,0
21,126295.38955124187,8593.29277576254,10,0.10969351161273397,Q4_OOT,0
67,139819.45210186607,22792.79359026607,3,0.2158690471648446,Q4_OOT,0
43,27225.910689817436,14874.286995426362,0,0.470069455658234,Q4_OOT,0
58,134601.7708107358,9783.007205969083,12,0.2750229444004423,Q4_OOT,0
22,118143.54471231127,13300.495229752292,0,0.36362127531000354,Q4_OOT,0
24,23079.053680167188,33467.91428513416,7,0.5089490894645041,Q4_OOT,0
36,25870.75019666683,5019.097577513039,13,0.1371784122085976,Q4_OOT,0
40,73225.67074202365,40901.03495718344,1,0.15147184911152264,Q4_OOT,0
44,48226.116465251405,18146.2712576896,11,0.23988887594769293,Q4_OOT,0
69,20591.093163594596,11361.255543618558,12,0.2811137048988397,Q4_OOT,0
24,78204.48434697506,6132.891928522445,0,0.4049930336416654,Q4_OOT,0
26,31653.89824105114,10981.94076828607,14,0.05107548372292267,Q4_OOT,0
63,26806.194192044306,13466.107941662945,0,0.43500089595425834,Q4_OOT,0
31,451732.821820263,8150.426632393544,7,0.2208794390245149,Q4_OOT,0
67,105146.08779124825,14303.70909708868,14,0.2629637768523699,Q4_OOT,0
41,56049.2054245732,13207.409425876753,6,0.38690490827508506,Q4_OOT,0
54,31792.803343805124,16519.27805756253,10,0.16423421215464343,Q4_OOT,0
21,123427.77182070901,44644.918985990036,13,0.4964492135929365,Q4_OOT,0
46,46388.734985487805,12525.925510464622,5,0.5002300635882129,Q4_OOT,0
67,83199.79546663337,51520.41776135923,7,0.1171587634921047,Q4_OOT,0
63,56346.115945982136,18336.125033107593,2,0.49425452153212085,Q4_OOT,0
53,96803.75743883947,34111.72604710792,12,0.24081995685684093,Q4_OOT,0
26,68958.32587174687,37249.08188029571,2,0.05920947167103477,Q4_OOT,0
28,23404.737668116584,6148.473064832069,1,0.061893927968403956,Q4_OOT,0
23,227138.1324106536,9321.563843527283,2,0.45030896831411005,Q4_OOT,0
54,40507.37167971438,14016.548056414651,8,0.26493237547766774,Q4_OOT,0
64,20010.070920881903,9787.602377177773,7,0.2118140470159959,Q4_OOT,0
59,65518.32183048083,18228.755657750968,6,0.27752844999805143,Q4_OOT,0
67,77855.55228411616,5680.988300182025,8,0.11602965269897911,Q4_OOT,0
34,39315.135508644154,17636.685424599535,13,0.5588664717951577,Q4_OOT,0
47,60947.75756849402,25913.324145589195,3,0.2243631768218383,Q4_OOT,0
38,36369.44910916281,6841.909542179198,6,0.2282113647002612,Q4_OOT,0
30,41588.099105553396,22246.105716480793,2,0.37479341870349897,Q4_OOT,0
45,143772.31738715456,11212.996707255654,9,0.3481315324359908,Q4_OOT,0
54,106092.96191457154,20934.85526473697,8,0.13729833030771002,Q4_OOT,0
58,30988.5917558121,10858.555773624521,0,0.27784816590042183,Q4_OOT,0
47,22468.417579040793,45404.36411005311,8,0.3030296063862432,Q4_OOT,0
18,23441.165478878967,21785.044968994793,13,0.13625266295857222,Q4_OOT,1
49,22458.135446834247,15330.37986629788,7,0.3684665882344636,Q4_OOT,0
66,24745.745818166964,7216.276140479106,6,0.16883107996387878,Q4_OOT,0
34,57256.681257946875,25559.22222043411,10,0.2754275295016945,Q4_OOT,0
20,28473.648968471887,8892.61144779612,6,0.3028582098866382,Q4_OOT,0
21,100713.67042314634,70670.49343683777,10,0.3563281873929892,Q4_OOT,0
37,94977.27597776937,32333.405632393387,0,0.17350317924271033,Q4_OOT,0
41,34453.34157116471,6319.218328189819,12,0.4912236507364271,Q4_OOT,0
41,33018.85758440532,15451.141382076123,8,0.5750394979210582,Q4_OOT,0
34,186930.61662560573,6045.178209793861,5,0.06936896814661024,Q4_OOT,0
32,100095.65539812489,44879.980116713414,6,0.5348660699932161,Q4_OOT,0
68,24047.764147815804,21928.23987560623,13,0.5828379210650642,Q4_OOT,0
44,110725.64423679972,27464.907124177167,11,0.12073962406539385,Q4_OOT,0
29,26321.01308159912,19055.8248292986,8,0.6144458089906143,Q4_OOT,0
49,41845.78586276085,10557.681211085768,4,0.5877953054397101,Q4_OOT,0
34,41995.58298907812,25721.153763322498,7,0.40077493280147763,Q4_OOT,1
55,30496.83532396418,26145.148038138672,7,0.09230774461017166,Q4_OOT,0
44,38909.56948646327,6217.086193733641,3,0.16276294383972076,Q4_OOT,0
43,32392.412987603988,76223.47374276686,9,0.19932484322056837,Q4_OOT,0
53,35152.33371044281,11145.936299288247,2,0.09099990275594198,Q4_OOT,0
33,31064.073854964823,5437.075082477191,6,0.1808646363445148,Q4_OOT,0
61,134247.58911316807,14029.104065085708,8,0.34189268305997567,Q4_OOT,0
56,43798.42658351376,31366.351793180365,2,0.3246953815601985,Q4_OOT,0
69,59095.185377958675,34071.8921274516,3,0.19671585833930813,Q4_OOT,0
57,161368.07445665132,5260.6824291867715,13,0.19774510530904785,Q4_OOT,0
39,63147.36300767078,5232.12856355841,13,0.4542983053930453,Q4_OOT,0
48,46350.13569398828,16767.085065051455,6,0.4418755828397826,Q4_OOT,0
29,35888.64416121429,19608.61523189943,12,0.3714579797268917,Q4_OOT,0
53,122005.929243291,35595.2559548588,1,0.3307617068235385,Q4_OOT,0
56,80398.25738853076,7180.173267401655,0,0.3022243583231406,Q4_OOT,0
18,62219.40346210617,8521.20017482558,3,0.0483073851820539,Q4_OOT,1
69,22469.30174318746,11892.371712156633,4,0.4025412735846165,Q4_OOT,0
32,21835.329723782772,6553.396315810498,10,0.07681273706712118,Q4_OOT,0
32,22589.88228952148,6843.613909837147,5,0.16603135508205108,Q4_OOT,0
53,79430.19343593971,13223.336170888208,12,0.06308950601416426,Q4_OOT,0
31,79273.13611377624,21777.463420234955,13,0.2090407702968902,Q4_OOT,0
50,37696.72609945382,17608.903875102173,6,0.6594040834080256,Q4_OOT,0
39,60504.34605439179,9715.074215561284,13,0.24783096665013982,Q4_OOT,0
38,48136.613023670005,87628.60200325672,3,0.09316487603751039,Q4_OOT,0
60,49931.42145535403,9854.404348913815,1,0.3049147375602768,Q4_OOT,0
58,126298.59282316644,14309.051015288718,13,0.5465036189689608,Q4_OOT,0
66,159546.8545577514,17405.421872809573,3,0.30492106263209695,Q4_OOT,0
66,42162.625601130436,24913.59917943106,4,0.25447585726521366,Q4_OOT,0
56,93237.00755506541,7639.923392391467,11,0.4903140976658915,Q4_OOT,0
22,26121.141592799773,17210.37061487778,13,0.5170651901771777,Q4_OOT,0
23,25706.96204765373,36029.97239595682,12,0.06336447050973926,Q4_OOT,0
27,23927.000072334646,6094.586005577113,6,0.08028224886344622,Q4_OOT,0
48,49701.33360723397,19676.602586314177,10,0.5860298065888316,Q4_OOT,0
67,76625.90942080283,17332.096599512326,2,0.3780610892213412,Q4_OOT,0
51,98794.1626612851,24147.493844168912,5,0.5528258451804848,Q4_OOT,0
35,64230.78308856909,13991.684945755122,14,0.19556282850137607,Q4_OOT,0
21,80550.30396029964,44488.6128132347,2,0.022494722612845845,Q4_OOT,0
50,61821.13448645774,14255.789844148201,8,0.35464449962735806,Q4_OOT,0
18,48274.68690505008,9325.359681017257,8,0.28639553521799,Q4_OOT,0
21,22043.249809469453,10789.722254847278,1,0.014921436454939752,Q4_OOT,0
50,58886.597202334335,23964.11859954174,7,0.23571193919444927,Q4_OOT,0
38,165505.35173286646,12862.338972561507,11,0.12498996054631181,Q4_OOT,0
40,77057.67087299202,25487.424676042665,13,0.43356061497280607,Q4_OOT,0
18,30001.35579172268,8323.578922720042,11,0.059981785395934295,Q4_OOT,1
20,70411.90492868779,23138.918618737192,8,0.3280738891822841,Q4_OOT,0
26,23692.25394939805,10529.784755159795,6,0.0828098774724128,Q4_OOT,0
68,40724.945780130416,6458.918108242195,12,0.33291040823724743,Q4_OOT,0
41,78427.34857760323,6518.801286995966,3,0.4279708403765516,Q4_OOT,0
20,53799.76007408223,17345.565227317213,3,0.3946709778090123,Q4_OOT,0
24,243470.5317456014,5108.760312697062,0,0.4722204994500847,Q4_OOT,0
39,69691.52307197532,12566.476018243611,0,0.3649022766876677,Q4_OOT,0
50,69521.465528836,5331.728308563187,3,0.272677292537925,Q4_OOT,0
42,118009.7178053897,14359.546409586072,12,0.4162572927865381,Q4_OOT,0
42,44106.48828311676,31438.970268863035,12,0.10390901166419152,Q4_OOT,0
63,145445.764085532,9455.042383744585,6,0.321949442127734,Q4_OOT,0
59,41947.93983175367,9462.62731155449,6,0.3061430928047428,Q4_OOT,0
59,52071.242391003674,24781.268200251383,9,0.42249488900609194,Q4_OOT,0
23,68860.49318167864,32831.29825688941,7,0.25958995486602326,Q4_OOT,0
25,29743.16201634884,43223.696328787715,1,0.10556163304959602,Q4_OOT,0
34,91116.37608831469,9658.289940212464,0,0.6071052739347385,Q4_OOT,0
48,143355.51332625293,12160.70252571009,13,0.09801730187946141,Q4_OOT,0
21,165315.7457549539,46233.21261603852,4,0.5820761213174115,Q4_OOT,0
50,74278.96653138261,14624.9212102505,8,0.6716816110117994,Q4_OOT,0
29,71355.41830155882,30883.23574085334,2,0.423610289436735,Q4_OOT,0
39,36996.15308822812,6599.7545979573215,0,0.08487835970026583,Q4_OOT,0
69,42809.54282460903,9336.428994172767,13,0.10227081507404247,Q4_OOT,0
37,51773.05567240196,15443.306541611748,14,0.2821816448894363,Q4_OOT,0
27,90577.31465314214,11467.097860816957,10,0.520604303577018,Q4_OOT,0
33,38816.599053681304,15986.473318807874,3,0.06861995033285954,Q4_OOT,0
36,26271.516715847254,17616.316735843513,14,0.22158616696073405,Q4_OOT,0
44,50992.42325669,42978.44712625814,4,0.4550229083010811,Q4_OOT,0
61,21718.608401004985,56671.917215455134,6,0.3323400865725324,Q4_OOT,0
62,28564.07719650577,20469.981637131372,0,0.2673857097834616,Q4_OOT,0
33,48209.87828787821,19196.175927741264,4,0.25129301836519663,Q4_OOT,1
50,37374.809387595815,31920.297019288122,9,0.1311062834366733,Q4_OOT,0
23,34113.444469058275,38652.14274494504,13,0.4348748239651704,Q4_OOT,1
35,56131.46855439077,15755.007825240291,14,0.5225079608710707,Q4_OOT,0
36,54981.585372048685,20863.704734310686,9,0.44200486579455117,Q4_OOT,0
57,81643.13158843672,6200.302207986532,3,0.27080032944578747,Q4_OOT,0
56,22754.439774558083,61140.13171976735,9,0.3947202103706827,Q4_OOT,0
24,131506.33951302967,10351.603889059621,5,0.2363602212417024,Q4_OOT,0
49,87696.56913881296,5702.491668802415,8,0.20505018427076277,Q4_OOT,0
33,38617.333936962066,11233.927407799138,3,0.2715350776790363,Q4_OOT,0
25,77512.44430018979,7260.734964071038,6,0.29365622601332353,Q4_OOT,0
58,124553.54325829286,88694.16223292833,5,0.2212566766846722,Q4_OOT,0
20,43134.63719305943,14838.215031064983,7,0.13510837387289037,Q4_OOT,0
62,66753.17683447167,11553.730557684721,8,0.1577104880208478,Q4_OOT,0
27,155593.91525975367,9565.68125534609,10,0.6842071065382497,Q4_OOT,0
33,69969.82428133038,9210.821067416406,3,0.22618263470949976,Q4_OOT,0
58,48195.10333422894,6482.924027734833,9,0.31522311704747197,Q4_OOT,0
25,58420.215690793746,12200.655089503576,1,0.5273601750411828,Q4_OOT,0
34,34034.60647000294,35434.991685138186,3,0.4830150732391213,Q4_OOT,0
29,137664.0247257644,16652.07131143926,9,0.20522235523351964,Q4_OOT,0
30,20508.707001104347,5384.248043873098,4,0.11738420688547127,Q4_OOT,0
40,23490.699324279398,43072.38043885107,6,0.19396354576812846,Q4_OOT,0
26,91837.15229493217,7865.293463726161,3,0.05496684052850456,Q4_OOT,0
38,21625.97994162843,24355.025147467877,13,0.443857794147548,Q4_OOT,0
27,86858.29128918324,6867.288825673603,0,0.1726888012448817,Q4_OOT,0
30,49886.27417950885,43727.42540269649,12,0.49704366691544805,Q4_OOT,0
30,33883.20694936359,10542.513000269677,7,0.1285892966530576,Q4_OOT,0
62,28933.76021259716,5487.552189930221,0,0.09422056691824775,Q4_OOT,0
25,50847.44558947557,37640.42145173241,13,0.24366089285228426,Q4_OOT,0
60,273127.86235413246,8752.851525141692,7,0.42174328561833163,Q4_OOT,0
53,59247.859720790904,6764.522930018592,14,0.20066347429614503,Q4_OOT,0
57,46155.30662041752,5173.721798962457,8,0.25703003438403693,Q4_OOT,0
56,34257.2121842773,6692.975371250912,10,0.1941093482285909,Q4_OOT,0
55,95462.13324933946,14848.957243607845,1,0.18509440860502577,Q4_OOT,0
18,124465.62550133125,39709.03017236269,5,0.2086094025168623,Q4_OOT,0
45,109290.6134731391,10147.55071950299,14,0.36656148027954083,Q4_OOT,0
60,106131.95748996008,56765.26398593108,12,0.0814606861071146,Q4_OOT,0
43,109953.9797793728,31968.201534805274,0,0.26375068118605005,Q4_OOT,0
50,50163.452831766626,20883.69786470689,4,0.05520066640244588,Q4_OOT,0
31,70514.24453455838,21345.498393705508,10,0.3054332937278351,Q4_OOT,0
21,63556.63519722139,35144.63377005838,12,0.19300125901310197,Q4_OOT,0
64,76109.42261985416,28438.947076733508,6,0.1687210185562919,Q4_OOT,0
21,23375.80301194422,31788.98537427379,10,0.13580513124201626,Q4_OOT,0
36,36337.238581227175,29910.970816034023,14,0.10199367196090198,Q4_OOT,0
26,128428.65363449554,12065.304732162449,0,0.4963443875274624,Q4_OOT,0
30,63265.01715736175,15891.013926838556,6,0.4267403889517082,Q4_OOT,0
31,32884.134166023054,28873.935076484075,0,0.34825294089785425,Q4_OOT,0
65,59378.21156476541,23995.412487219495,2,0.3268581389801088,Q4_OOT,0
43,88145.79617677112,5458.419870062766,9,0.34161042703738886,Q4_OOT,0
67,41724.35750758524,16012.345561537717,8,0.3807789985047194,Q4_OOT,0
49,32600.3477505943,12271.240101540141,3,0.05795741638033971,Q4_OOT,0
65,30559.706279170252,22461.335440423034,3,0.16799420540826748,Q4_OOT,0
25,40458.096973096806,10985.94037649495,11,0.4894185083241949,Q4_OOT,0
25,173066.74263698875,8238.22351544881,8,0.4431646878193068,Q4_OOT,0
33,130449.69560105134,17380.21204982399,6,0.37331678916111555,Q4_OOT,0
36,44731.20071735045,8596.408957921161,7,0.17697235135156042,Q4_OOT,0
31,102247.4007005436,27381.32841466897,10,0.2509451920476753,Q4_OOT,0
49,80703.8713145345,29618.305973101604,9,0.24425785425062038,Q4_OOT,0
67,100556.31379983558,34310.387622398965,1,0.19863728633071978,Q4_OOT,0
50,106271.18918390175,83898.9008341124,4,0.20848744780485468,Q4_OOT,0
59,48840.20449076162,14656.944336003791,2,0.28499085041805283,Q4_OOT,0
24,31021.548534784255,14883.318944865292,5,0.24849771475441,Q4_OOT,0
34,52516.643935253305,8828.666689437745,5,0.2642544962235618,Q4_OOT,0
67,49483.142494690124,78240.59796890833,2,0.44843248530761903,Q4_OOT,0
39,82730.12880542225,12561.540040097794,7,0.2894311099893888,Q4_OOT,0
68,77286.60968832843,14852.915790605673,11,0.22905328225102092,Q4_OOT,0
64,125015.54108133406,15556.814748669434,11,0.36853564692428675,Q4_OOT,0
46,63914.823996010906,11829.574652320816,11,0.144265501447389,Q4_OOT,0
18,59823.42637296282,49289.7294496647,7,0.24640469015834604,Q4_OOT,0
22,103086.34703358689,6800.164578228448,10,0.5950768189014661,Q4_OOT,0
24,38225.81266376699,11464.175831200737,11,0.3826297215779966,Q4_OOT,0
30,58167.134024452964,11241.253866719933,6,0.17688755665407244,Q4_OOT,0
23,70945.61041378212,32996.81686830693,10,0.32642619804782,Q4_OOT,0
64,113068.0972433796,8739.046070566535,8,0.3930912472901366,Q4_OOT,0
44,43400.23675803015,5452.612482150625,13,0.2496417400664264,Q4_OOT,0
69,48998.375722915,11488.288442778028,3,0.23719791852218172,Q4_OOT,0
61,77219.72198935259,11378.195048105965,10,0.12229951751864965,Q4_OOT,1
41,48966.23469155961,16721.76349226742,8,0.30889725079393293,Q4_OOT,0
48,26861.1676473641,14947.993712382464,5,0.1305924593774654,Q4_OOT,0
45,20513.262877317276,18519.322893363664,1,0.29557357473485,Q4_OOT,0
35,61065.99865935718,6690.568025016999,8,0.053961562656039484,Q4_OOT,0
50,52764.06006587016,27250.67818399915,4,0.2929450539186442,Q4_OOT,0
42,34985.92333720892,10784.538290836139,9,0.11822990534544921,Q4_OOT,0
19,82350.61824834318,17882.140381445777,8,0.20623895734962908,Q4_OOT,0
56,103861.82535092872,11997.327577459824,2,0.42732657912864325,Q4_OOT,0
24,36457.677151257914,37449.903117246766,7,0.24800498938614007,Q4_OOT,0
29,30950.505454162405,11437.928569842994,10,0.20603108901863107,Q4_OOT,0
21,97722.1259907883,12585.88314774847,4,0.25537105135202254,Q4_OOT,0
37,85400.29627955273,67432.39431889879,9,0.2573768084637327,Q4_OOT,0
55,37779.255293332055,10800.05970553557,11,0.23155317728761,Q4_OOT,0
34,50595.341863726426,22249.088330585808,12,0.2615400360725243,Q4_OOT,0
19,56460.80366656092,21330.37216547324,6,0.3742245281748613,Q4_OOT,0
64,21144.950803059342,26837.634238973813,0,0.1837639414750302,Q4_OOT,0
62,96730.6040353113,16429.93740932908,0,0.33893992867844136,Q4_OOT,0
60,77339.7297905267,17953.36786958757,14,0.6573243661686231,Q4_OOT,0
35,31141.64232520682,6306.046342326866,0,0.11819983407606607,Q4_OOT,0
20,115926.24158799555,5284.0901363908515,13,0.39180728363371775,Q4_OOT,0
34,111004.08209229336,24794.12260338395,3,0.22961751843654768,Q4_OOT,0
67,21094.45568659722,30854.499665653315,13,0.036272071949324705,Q4_OOT,0
65,89263.91696131189,24810.33463481469,11,0.16331589864065685,Q4_OOT,0
69,170379.89538142146,26355.831902747854,9,0.6159855577936078,Q4_OOT,0
21,40910.26101813496,19490.837868589242,3,0.4780942698452267,Q4_OOT,0
69,31560.928001505272,7281.647377379422,0,0.34261729473555746,Q4_OOT,0
43,63836.95094592475,31134.569898169633,10,0.4931132483499076,Q4_OOT,0
28,122305.73939233736,8557.817204577013,0,0.2391238815528403,Q4_OOT,0
43,30308.61739886461,7094.82032557505,4,0.07183940956101295,Q4_OOT,0
65,101875.83233183587,5524.590656128616,3,0.36659692961263224,Q4_OOT,0
52,51407.06123486521,49154.032975957074,8,0.7565284075747467,Q4_OOT,0
56,69921.80355292145,14579.375995792714,12,0.3242971675393556,Q4_OOT,0
46,35998.42558860372,14586.580917524385,11,0.2164828415016442,Q4_OOT,0
45,65895.1892410187,28917.69045189763,3,0.32956716487301757,Q4_OOT,0
64,71914.46854900273,5776.88071870465,13,0.3325904693308517,Q4_OOT,0
55,22353.133185921426,19898.231086075568,12,0.01727316726105524,Q4_OOT,0
28,131146.81242907947,22349.433962794483,13,0.20491604931675508,Q4_OOT,0
32,82573.2703325868,30962.244374312555,11,0.4526068398335407,Q4_OOT,0
49,113706.08111181846,28111.14818105712,6,0.35680476027548946,Q4_OOT,0
46,21040.07459997279,7093.697433747205,9,0.20016468527751838,Q4_OOT,0
46,20855.753262762777,35563.13330621815,10,0.21574397726378403,Q4_OOT,0
20,150435.07635819993,20753.16058559174,0,0.25901995503154723,Q4_OOT,0
22,26947.631779332103,6885.491564261262,4,0.10075780022266123,Q4_OOT,0
65,55250.4431638089,7827.785501777941,0,0.25877959341115647,Q4_OOT,0
66,53770.00109975583,25186.928470383507,7,0.2608824437158571,Q4_OOT,0
46,36608.38161756269,28302.989363252724,0,0.10322282929818638,Q4_OOT,0
60,39021.17079197051,41084.60577333056,5,0.1763302850170592,Q4_OOT,0
61,39975.35815401417,35141.63943091029,12,0.19260301099399174,Q4_OOT,0
22,39743.78552126924,8480.582229046977,4,0.5006442134495593,Q4_OOT,0
46,93915.23699457651,31320.04238813328,8,0.0984436965831075,Q4_OOT,0
58,23307.409599706465,13014.984143309406,9,0.36171822103223394,Q4_OOT,0
30,24505.70014781725,21851.17236297369,3,0.3534075249798679,Q4_OOT,0
52,36629.62991759808,45058.49654597933,2,0.3181694987446249,Q4_OOT,0
49,167097.70492657204,17176.48786395704,12,0.14186786663528175,Q4_OOT,0
37,88845.11337839719,21237.1941260035,11,0.10068401007918489,Q4_OOT,0
67,192028.119926582,43285.77233567679,9,0.1502883056246475,Q4_OOT,0
37,81088.4090997755,11472.737110477075,9,0.31094802120061504,Q4_OOT,0
28,56535.77385752352,14647.48567415803,6,0.19245071035849176,Q4_OOT,0
46,31563.303714540954,9064.83254907739,8,0.3186897186162658,Q4_OOT,0
40,211798.0237310362,16537.99363603664,5,0.2451250351512311,Q4_OOT,0
19,61322.27259337318,8442.165266331307,5,0.12569411432928387,Q4_OOT,0
66,26587.67460924474,14351.229431364369,7,0.394772839303256,Q4_OOT,0
30,34094.26595098004,29758.999704874772,10,0.11262995384905539,Q4_OOT,0
53,37458.494353808266,27348.634116826193,5,0.2880111728427075,Q4_OOT,0
61,68952.26092487984,34289.5685117016,5,0.43080313240237295,Q4_OOT,0
61,42388.91329543392,9119.715531052767,14,0.13100366655913906,Q4_OOT,0
59,98249.54247796047,8650.426026700814,5,0.26341639809566064,Q4_OOT,0
27,29705.710809096898,9511.406697643331,3,0.29030166444345057,Q4_OOT,0
20,96919.14419709673,23581.67003740007,10,0.17202498396738888,Q4_OOT,0
49,117180.69237559522,17055.56624043601,6,0.569927150142268,Q4_OOT,0
46,38218.71427049856,17059.962122284123,10,0.1701531507317425,Q4_OOT,0
28,179215.8868439645,5971.117552431627,1,0.11737052122709267,Q4_OOT,0
68,162507.24599978424,16825.145149329524,11,0.11159744619609681,Q4_OOT,0
35,77387.68993766619,8432.424411625656,10,0.37927507451746156,Q4_OOT,0
55,86636.04692592673,13585.775963845568,12,0.10266027430520762,Q4_OOT,0
27,28945.807266001455,9491.397304410499,8,0.20593974722549954,Q4_OOT,0
67,24272.738868951183,69755.7994914117,11,0.4361298046806591,Q4_OOT,0
32,29642.02461129669,18844.37410813682,0,0.15209026469352632,Q4_OOT,0
18,57054.06077773542,10968.338474075717,3,0.12471382081954521,Q4_OOT,0
29,33067.99499661363,9899.629529008473,10,0.03511277822599617,Q4_OOT,0
36,90702.76702347292,6798.876515820871,5,0.409405969485594,Q4_OOT,0
23,105036.71221287608,22932.894283271697,13,0.21607532200409793,Q4_OOT,0
25,93083.77203483971,6002.610884190533,14,0.4692630603088046,Q4_OOT,0
45,79851.3660194021,5428.081962203072,10,0.14496275664906116,Q4_OOT,0
56,22287.912225759086,39759.6547589173,9,0.07699528539880811,Q4_OOT,0
69,28781.978642528935,41983.47315620551,10,0.2721573973085197,Q4_OOT,0
19,34775.5552275133,30461.534236488613,0,0.10908123156211123,Q4_OOT,0
33,63913.450283963924,17093.005960099792,12,0.43315309665178964,Q4_OOT,0
34,25127.98252621446,36648.2259903011,3,0.35716193348475367,Q4_OOT,0
37,62475.25608681268,26228.57693776711,6,0.290145374718675,Q4_OOT,0
50,99971.97350195191,13406.354740077239,6,0.33408786863164985,Q4_OOT,0
46,27465.09185709707,12596.055138433276,14,0.005298208083568477,Q4_OOT,0
67,57901.97188552654,26153.449634966113,3,0.2931961090958355,Q4_OOT,0
53,89046.67661076253,5124.10733562278,10,0.2058883381420098,Q4_OOT,0
27,74867.89434844354,17722.330330404176,11,0.1421678232435838,Q4_OOT,0
33,66594.79619065009,59450.620141468,6,0.24227238529929196,Q4_OOT,0
28,116241.63192249356,19246.36938141215,1,0.47537508965189873,Q4_OOT,0
27,20037.454485626313,14951.64141351048,12,0.38757729950149084,Q4_OOT,0
18,41652.752580213026,47286.28325755061,11,0.2785322954367141,Q4_OOT,0
60,127308.00722823606,12364.656059017094,5,0.33841036586479456,Q4_OOT,0
43,151541.89390587926,16850.744589179507,0,0.0616549824649994,Q4_OOT,0
31,42888.77082597038,6791.012937674314,2,0.48744708292172567,Q4_OOT,0
68,29476.853071420206,10658.533704645957,11,0.33431500038234263,Q4_OOT,0
59,53849.68500763936,15128.763114433714,7,0.3362430608345223,Q4_OOT,0
34,53330.070948610584,6123.131129015878,10,0.7439293447367917,Q4_OOT,0
63,69491.10906629731,32554.051322572646,3,0.5242720772150113,Q4_OOT,0
39,25879.2801112623,15794.854984386711,8,0.3310916104925071,Q4_OOT,0
21,66784.41271935482,7121.978928729918,13,0.27463051413562606,Q4_OOT,0
19,71464.63326268479,15791.028230874977,3,0.1273229968292613,Q4_OOT,0
40,129922.41723141885,7158.415484921734,9,0.2896221265191162,Q4_OOT,0
58,31016.238939515068,8228.230480459662,9,0.232244658104598,Q4_OOT,0
42,76279.46154239387,35155.58244312261,0,0.29987074287013327,Q4_OOT,0
47,26042.360752304445,51078.71292425116,1,0.06511130020195241,Q4_OOT,0
62,67756.86869456292,6195.66091903258,13,0.036593266396258144,Q4_OOT,0
69,26529.694775314107,86057.26617588321,9,0.3102918644555801,Q4_OOT,0
44,36693.85777802718,19192.167173330243,1,0.32328637520942255,Q4_OOT,0
23,27549.463310941617,8957.985770568263,6,0.20048232720520692,Q4_OOT,0
68,147272.7239653003,18937.097522648328,14,0.35029241642101067,Q4_OOT,0
65,44145.194092328835,28222.749923305582,5,0.37796045267719297,Q4_OOT,0
49,36844.8555414953,23078.57349988584,0,0.30594787421151826,Q4_OOT,0
51,77253.00217639256,7945.003735775931,9,0.32482998062190366,Q4_OOT,0
60,35469.95044504964,6375.979769706693,7,0.5853851694681389,Q4_OOT,0
36,88044.61080379006,23171.583567795667,3,0.2964620132338109,Q4_OOT,0
48,30152.26169215199,7623.407319869661,8,0.38638080040396666,Q4_OOT,0
66,71162.03810011601,11951.901152595368,11,0.2552891649763152,Q4_OOT,0
47,44967.35428729241,8122.5398717124845,12,0.6547171282303103,Q4_OOT,0
48,35351.01174006144,26750.274786484733,0,0.3276239872685569,Q4_OOT,0
46,52145.07502920735,14592.088406684137,10,0.4072925407613992,Q4_OOT,0
43,45945.05787256338,19354.864640058364,4,0.17471663354521916,Q4_OOT,0
57,36137.167442843434,5236.110160444736,10,0.19136283538761995,Q4_OOT,0
23,40029.16165592149,25491.52626378914,7,0.5147681370266757,Q4_OOT,0
38,66370.92309638024,39565.030117330614,0,0.14931364584114956,Q4_OOT,0
42,103771.7516004918,18712.290005837564,7,0.47250122260238336,Q4_OOT,0
60,245404.29275684097,30510.317629169876,3,0.547676379864521,Q4_OOT,0
46,114140.54886338838,12701.029957403647,6,0.31396175854686714,Q4_OOT,0
34,200028.64691554228,9093.364248658652,3,0.14387101582885342,Q4_OOT,0
54,231867.90623576788,35117.536762192176,5,0.3016954837585244,Q4_OOT,0
52,67750.26964033794,40614.52774474597,11,0.385137235563217,Q4_OOT,0
50,82749.82016144399,11687.9237478192,0,0.22466692212926226,Q4_OOT,0
30,22916.812890114874,37815.39539378555,12,0.2919497991098573,Q4_OOT,0
56,24521.732855702234,11831.460029246913,5,0.2631705484183825,Q4_OOT,0
33,24968.700307581974,23440.92263154379,0,0.3260662352455479,Q4_OOT,0
54,24496.448600854488,10186.45490036764,14,0.3454990629706939,Q4_OOT,0
46,207487.21332337667,13752.803759140454,2,0.5770876154872803,Q4_OOT,0
34,32070.7459984321,13825.25319808717,9,0.04035334300870806,Q4_OOT,0
37,187966.5694474936,16971.75802483375,4,0.5114693053382422,Q4_OOT,0
59,25102.72330515686,13348.31766055248,4,0.14982585400247242,Q4_OOT,0
32,63892.7512493489,12112.451647794489,10,0.4063771455214637,Q4_OOT,0
38,40683.9251981377,36603.81594434484,8,0.7388765227948447,Q4_OOT,0
46,38312.08479468071,49508.61636336146,14,0.27438351175492326,Q4_OOT,0
22,37267.118894184634,44111.653070064014,14,0.3302905085146398,Q4_OOT,0
34,59938.9222397012,12691.555129275983,14,0.508184036823083,Q4_OOT,0
54,38670.9167506215,21351.130029222917,5,0.3919508355538955,Q4_OOT,0
50,51431.00976056852,81775.96548272301,10,0.1196456232344882,Q4_OOT,0
57,36664.86170593271,36338.4341075933,3,0.013377489392722791,Q4_OOT,0
24,28497.02208688189,27026.90868480362,1,0.7387792460861472,Q4_OOT,0
69,24736.595705797812,7220.080270524625,10,0.5056720507786555,Q4_OOT,0
24,76136.68596183092,13002.955609780343,6,0.1325835212946794,Q4_OOT,0
26,56570.10581530271,20353.820317686423,7,0.2763880573874891,Q4_OOT,0
53,186492.44442847813,8706.083097810293,7,0.28356823040450074,Q4_OOT,0
48,77811.51792637736,34829.43858951988,8,0.23839334461568773,Q4_OOT,0
34,62264.48764596766,19968.65122082835,0,0.330289676005488,Q4_OOT,0
62,267646.1760685494,12099.189616654134,8,0.15580414704311826,Q4_OOT,0
56,23552.945155956982,17041.11874234499,9,0.36959147891250477,Q4_OOT,0
22,51632.76597291892,5970.866217405952,14,0.008439789025047474,Q4_OOT,0
54,50662.53399921113,27004.19685789265,14,0.21039919901454057,Q4_OOT,0
19,184105.48734071798,6212.9142643227815,8,0.5954275841514339,Q4_OOT,0
62,67002.63067260414,39457.592974877865,5,0.05373571159637358,Q4_OOT,0
56,96348.96075449362,11065.647377833397,6,0.4740613045748477,Q4_OOT,0
26,22358.413430067336,23996.92981787148,3,0.00330312305812571,Q4_OOT,1
68,21578.042704568947,6457.412587942201,14,0.121465940159675,Q4_OOT,0
68,146247.11466519092,45163.09236667107,4,0.1742340519216492,Q4_OOT,0
35,64987.58820046451,9967.151830264687,11,0.253897538515284,Q4_OOT,0
20,144968.24385486316,5510.156137620337,4,0.11847424428785319,Q4_OOT,0
42,61757.05256521729,15026.181747272227,5,0.31867389899608584,Q4_OOT,0
47,54389.62351777342,27803.34930481577,14,0.13713650693729476,Q4_OOT,0
25,113812.22991205378,15913.42152384907,0,0.4872392324143927,Q4_OOT,0
62,43035.38394708299,28046.894061543226,4,0.2190822575581488,Q4_OOT,0
50,79471.4994714277,18822.04342599403,5,0.3600137937339865,Q4_OOT,0
61,55664.66437536356,15976.845495633972,10,0.40680556865131157,Q4_OOT,0
69,57704.14356867652,5057.808387400583,7,0.37400855304816033,Q4_OOT,0
23,69145.62879930371,12111.047023323674,1,0.5966757143144563,Q4_OOT,0
23,44060.35323323569,25189.41035611104,10,0.44290379622340487,Q4_OOT,1
58,85743.76918073052,5140.982245641248,8,0.23984629582168854,Q4_OOT,0
24,33038.14489151427,6833.407853798827,9,0.07751024885764743,Q4_OOT,0
18,46260.056626851016,10489.569406054085,10,0.4451630157509944,Q4_OOT,0
47,53443.20096547982,5502.514734599245,8,0.5758134180836794,Q4_OOT,0
32,52680.210844163514,38766.240270808375,8,0.22544284593356684,Q4_OOT,0
47,216072.08573788966,9746.755961824463,4,0.45940323809940536,Q4_OOT,0
51,23454.976581609204,5614.883979309366,6,0.37477055796630543,Q4_OOT,0
28,110132.19312502624,51587.648425334824,12,0.5454063719364948,Q4_OOT,0
41,35182.30965145142,11105.806406751817,8,0.5734294249542453,Q4_OOT,0
56,123227.6029922547,32132.395437930067,6,0.43306833122072325,Q4_OOT,0
68,61243.637233347356,21116.36688625292,3,0.23322973261047208,Q4_OOT,0
62,102070.98658176645,21371.93722791646,3,0.2019915712974501,Q4_OOT,0
68,29699.277401079373,7028.925894883581,13,0.29106838349168107,Q4_OOT,0
47,476236.6513788311,22605.83921838586,9,0.008855961225888154,Q4_OOT,0
48,128768.03155692971,13083.825388058867,3,0.05562661604098147,Q4_OOT,0
39,53401.498873729026,23688.900288251672,1,0.551969236048957,Q4_OOT,0
36,21641.005071303352,10393.067579851217,14,0.08209827511155328,Q4_OOT,0
43,30099.361454639693,7995.650572257569,7,0.16240718912287427,Q4_OOT,0
31,100941.26512258618,8782.829711451286,12,0.3662836501063524,Q4_OOT,0
56,43669.38592557072,8380.594538165727,13,0.1778791346009765,Q4_OOT,0
46,81503.72337506367,94881.29112878183,12,0.41650854926631403,Q4_OOT,0
23,184822.48875393887,9657.47376197301,2,0.17353281580494692,Q4_OOT,0
61,51659.24852741357,5400.836268926868,4,0.04047044944380848,Q4_OOT,0
18,54816.51673853843,25831.08971812351,1,0.2512704830202408,Q4_OOT,0
68,111189.68392165248,6961.915768663532,1,0.419168406097559,Q4_OOT,0
61,91249.01581246972,10245.687346668681,13,0.2573355881889086,Q4_OOT,0
52,110501.37228192417,27952.451423888848,11,0.15396447555221965,Q4_OOT,0
44,41759.61136298407,20757.602241273955,6,0.1457670426407452,Q4_OOT,0
49,37922.2800060469,32101.660775372577,3,0.20373144100264112,Q4_OOT,0
22,109019.19921396866,37171.632768251366,2,0.13996704480180058,Q4_OOT,0
37,74564.87919236069,32993.00911041246,7,0.19208508899238483,Q4_OOT,0
49,206731.4842543817,41914.29118664125,6,0.29448095265719065,Q4_OOT,0
64,45847.64800544866,10663.248832236506,2,0.5146026220119012,Q4_OOT,0
22,51364.32902771093,25210.858248883647,7,0.6687833100374903,Q4_OOT,0
28,34774.91251041204,33925.88376925237,14,0.12310970484654547,Q4_OOT,0
62,22435.872955349812,15245.553015840944,9,0.07708225039790008,Q4_OOT,0
53,75486.5988646502,21974.297283577893,4,0.5037642717590471,Q4_OOT,0
37,46491.088138143605,17316.663417073512,11,0.09840533202200477,Q4_OOT,0
32,20661.03171245611,7607.271614483539,13,0.20179021116589452,Q4_OOT,0
61,29544.964255884857,8592.973728185782,4,0.36918600336946655,Q4_OOT,0
63,76920.70194130632,16170.57570535911,10,0.28200813774275757,Q4_OOT,0
31,65094.85477378879,13248.717785873388,10,0.11845357315491216,Q4_OOT,0
46,52548.866441317645,22206.77533176082,3,0.1407357106970077,Q4_OOT,0
44,82445.03324237198,33593.34276970658,2,0.09351290633156359,Q4_OOT,0
68,43784.31725475536,12353.927130193904,4,0.03939120253557045,Q4_OOT,0
23,79072.44217108219,6805.181695298446,2,0.5106902627874368,Q4_OOT,0
46,90813.67398561476,30318.684455070455,8,0.4116019663272829,Q4_OOT,0
30,32291.21658674895,9940.84445552518,14,0.24081195833997612,Q4_OOT,0
26,22665.580739336852,14797.609417255142,12,0.49323196182784773,Q4_OOT,0
41,90754.01795944394,14319.96430051807,11,0.6261965530619216,Q4_OOT,0
61,34741.33233773202,25128.48990763263,12,0.5650890567046674,Q4_OOT,0
54,25492.739312864913,42490.01150934775,14,0.16851678107636126,Q4_OOT,0
25,55642.97952152962,5957.241676716312,7,0.28283709056383527,Q4_OOT,0
29,69346.3178237361,9975.508981253466,9,0.39275916697136765,Q4_OOT,0
18,39986.28979466418,29413.521801882296,3,0.2514028775172114,Q4_OOT,0
33,87468.3304487566,24152.522789781764,1,0.12051927626260388,Q4_OOT,0
23,61298.65258274797,17649.695919278565,9,0.043568252018683085,Q4_OOT,0
46,45742.997817338386,41597.228911308885,10,0.32643143500342076,Q4_OOT,0
22,29189.457080341548,36306.752677457305,2,0.09372894553902718,Q4_OOT,0
30,47862.8124673174,5957.358757744459,6,0.47402629649061,Q4_OOT,0
23,46657.02497355089,8148.025986903774,4,0.449118830827914,Q4_OOT,0
59,67697.59972868508,13005.24645918978,5,0.20850249558505826,Q4_OOT,0
65,45357.71977832915,39565.089340960665,12,0.27330110055489026,Q4_OOT,0
25,76688.49505526348,6168.645883365568,9,0.11947258072318655,Q4_OOT,0
38,27329.483234882333,5451.109940066932,6,0.321178010276376,Q4_OOT,0
64,103946.24904697052,17228.543661297626,4,0.45184908793159695,Q4_OOT,0
41,146050.3036834999,7470.6860761416365,13,0.37976725935161,Q4_OOT,0
55,21101.98034595327,9264.080701541963,5,0.49666416042950473,Q4_OOT,0
47,40253.94172678097,10855.639929051013,7,0.115157254219529,Q4_OOT,0
53,46439.79941466852,10403.05047602062,7,0.1919853070749751,Q4_OOT,0
32,24946.896346565998,6843.891554517742,1,0.4115779934972026,Q4_OOT,0
32,68250.3360236611,23927.907493379178,2,0.2587782679843264,Q4_OOT,0
59,125538.29430854971,39355.500062860134,12,0.5467148558974095,Q4_OOT,0
46,148992.21311328994,20804.867969562656,6,0.3855581802290136,Q4_OOT,0
58,22077.698629002713,37551.02363958649,12,0.5501697019409701,Q4_OOT,0
45,38452.3390431937,66849.1421054255,6,0.04376749915159743,Q4_OOT,0
63,104952.25092392419,10149.080916212284,4,0.33104069977376294,Q4_OOT,0
67,167533.4349795651,20599.598864564097,0,0.28192599156578746,Q4_OOT,0
37,47544.41061773914,15895.024212067561,9,0.4111797105410441,Q4_OOT,0
20,72672.10581246042,19513.005001697522,7,0.12404515713642894,Q4_OOT,0
53,103353.3365825676,5806.91117763283,0,0.16953874214742387,Q4_OOT,0
51,41462.27356314821,50660.09901861698,2,0.24703167547993823,Q4_OOT,0
20,36085.18474273321,16402.353230999906,14,0.1389488194856123,Q4_OOT,0
36,39827.27356247557,16198.909643304718,8,0.12806822995913822,Q4_OOT,0
21,29729.870611954902,6650.947856131263,11,0.11880577627970901,Q4_OOT,0
41,101768.57109123419,14438.766951067662,7,0.46437124603271196,Q4_OOT,0
62,70865.55860765596,8256.52512069574,10,0.07611133637457117,Q4_OOT,0
28,29427.153517940726,9546.40993717164,10,0.16691643370955317,Q4_OOT,0
64,62493.1926228448,12974.099305352429,3,0.14774024007190087,Q4_OOT,0
43,92458.96666462363,11701.742570379316,6,0.19203828473447979,Q4_OOT,0
42,56422.88491084107,29285.466956535118,5,0.4202865410080212,Q4_OOT,0
32,92286.39458327538,11968.599210974646,1,0.21686241530135014,Q4_OOT,0
27,39480.82717383912,16105.383747521053,2,0.45641829473217294,Q4_OOT,0
37,54052.599441322025,18438.532289888662,2,0.14926275050815654,Q4_OOT,0
19,52545.46241750567,5320.072605167952,14,0.1202594877500371,Q4_OOT,0
36,22212.35567229736,13311.694126974553,6,0.3390564342871383,Q4_OOT,0
43,122950.56537946404,38765.141421352244,3,0.19366289783032212,Q4_OOT,0
18,44822.581721337134,20325.979783765193,9,0.1197381824975195,Q4_OOT,0
20,43637.53115867582,44655.09648003586,1,0.421328211659798,Q4_OOT,0
46,181804.47422034253,19121.154215916118,4,0.38487908540520205,Q4_OOT,0
59,23225.001817425284,14508.275239895054,8,0.24894565923304654,Q4_OOT,0
60,74738.31947132846,11844.89373526046,6,0.4941147726466694,Q4_OOT,0
36,23245.101979877818,20172.230524127306,8,0.2702108572913813,Q4_OOT,0
21,38479.257125591605,16564.466297815525,6,0.20653073065554628,Q4_OOT,0
26,38427.42268506742,5809.745764169541,8,0.3915772363974131,Q4_OOT,0
51,53836.80796853911,9415.343666895451,13,0.3569268193464274,Q4_OOT,0
65,32852.35631526307,28390.152537127455,0,0.1681990035788656,Q4_OOT,0
18,37900.257362406075,10987.031090293633,7,0.49400057835145544,Q4_OOT,0
38,82355.15907079377,20444.972813824326,4,0.027543067371458948,Q4_OOT,0
61,34130.57865188571,102565.52082273048,8,0.41747437770372176,Q4_OOT,0
31,55374.85711262354,70269.35921195662,12,0.4304617959427313,Q4_OOT,0
21,30574.350840352403,10914.024077552342,4,0.15375217839299893,Q4_OOT,0
69,32133.689408579092,55473.4493411478,9,0.2639282433659925,Q4_OOT,0
27,42437.696275773465,52100.35962134795,13,0.5786846870368234,Q4_OOT,0
55,43107.97313068448,30191.618919152465,4,0.24267900046487473,Q4_OOT,0
46,45280.087445681515,20765.592772983626,14,0.4774298026125183,Q4_OOT,0
32,25882.46260307711,28516.97541190892,5,0.18444972584053007,Q4_OOT,1
40,28985.306195455196,15282.218904985308,10,0.02906988086710178,Q4_OOT,0
63,20452.87112714225,27678.655569912065,6,0.2082848441937947,Q4_OOT,0
20,67955.16803238969,22115.931620257477,5,0.13842602541644647,Q4_OOT,0
27,85745.0774708932,7776.229752560524,7,0.15671848057442694,Q4_OOT,0
54,85199.93542721187,28941.55599810282,10,0.4728342221499181,Q4_OOT,0
30,84064.60019784704,8743.464404663622,9,0.35932407843353364,Q4_OOT,0
32,44345.71566956505,12698.38814153167,0,0.43510600854902803,Q4_OOT,0
45,127357.33243421721,27832.074172026485,14,0.4293461195870986,Q4_OOT,0
54,82865.37438174654,25053.383806361137,7,0.7617255985607161,Q4_OOT,0
34,86675.99840907399,6473.307373115461,9,0.4085523939292717,Q4_OOT,0
43,61608.81845642268,12652.111708338205,12,0.18047245948060958,Q4_OOT,0
61,64977.705612043464,29685.571442865657,4,0.2833261090513351,Q4_OOT,0
29,80569.86186174222,6559.093027647206,5,0.2746395032576203,Q4_OOT,0
52,58704.18052602265,13857.897288304084,2,0.3850756104222446,Q4_OOT,0
50,44614.713091947844,30018.257552430125,8,0.4215104237892616,Q4_OOT,0
32,67079.23839359562,13384.203336360386,10,0.16104132427681697,Q4_OOT,0
39,22372.082975100144,6704.423080069592,3,0.026607392343830638,Q4_OOT,0
54,62011.061716128155,9150.683772406075,12,0.19106435034731792,Q4_OOT,0
51,93780.83392586312,10360.869886271881,11,0.007240609843718638,Q4_OOT,0
61,118729.30130258502,5144.036759303496,9,0.40953853173214627,Q4_OOT,0
65,56538.480549090666,11349.540858198045,6,0.42018213371646224,Q4_OOT,0
52,45270.561937855564,22332.918932957855,4,0.23490695397981878,Q4_OOT,0
25,33768.90187703854,24688.2854081359,5,0.2438718699935541,Q4_OOT,0
65,33412.5316890176,17103.423906471402,8,0.2744112564750825,Q4_OOT,0
29,32338.154078411466,22493.93704341855,14,0.13767685896985704,Q4_OOT,0
41,69265.48785753714,6298.631437789699,4,0.40028086280090563,Q4_OOT,0
41,46233.45111969378,17118.24628178823,7,0.21229866246295592,Q4_OOT,0
25,108163.50666758795,16061.946869540641,5,0.12784076838933556,Q4_OOT,0
38,25879.33213864329,8005.1207878724945,0,0.4600284329991043,Q4_OOT,0
64,56578.58954643218,10106.415731403302,6,0.09468238937516438,Q4_OOT,0
64,40195.3515624692,13641.308384370277,4,0.5805152996293289,Q4_OOT,0
54,161246.45842211702,18906.77187717091,1,0.2671219641501097,Q4_OOT,0
39,165572.1101135314,12979.301935668384,3,0.3074188278593031,Q4_OOT,0
47,134813.32456295897,10851.126078015255,13,0.024203011411424263,Q4_OOT,0
38,64744.24676896443,17039.276716810244,14,0.38600635461022154,Q4_OOT,0
54,40173.18706980269,38262.75723077209,10,0.08267855770586101,Q4_OOT,0
38,64853.71691467478,15634.967132180242,4,0.39115350754157563,Q4_OOT,0
26,39871.49364846114,66085.01214515525,4,0.3944095855633203,Q4_OOT,0
63,36082.58053519338,5660.419199829837,12,0.4185385169945844,Q4_OOT,0
61,34133.11144772811,34707.468146112056,1,0.39701515524363035,Q4_OOT,0
43,40361.310121129616,21176.734740879816,3,0.424036975189332,Q4_OOT,0
36,171534.09868798387,20622.21264534332,1,0.23760393269603264,Q4_OOT,0
49,80083.89289197899,10948.067429037745,14,0.32992915082127217,Q4_OOT,0
34,119324.33675647304,18009.232660697628,13,0.20389056945856235,Q4_OOT,0
55,33025.4401164538,36765.21723095584,8,0.4174001445759723,Q4_OOT,0
49,59011.68509121831,81067.62181964378,13,0.3755377260666942,Q4_OOT,0
69,82404.0173574347,6395.193776583063,9,0.14608198953424822,Q4_OOT,0
37,34549.76177203172,7155.729899466531,14,0.13766392596961385,Q4_OOT,0
46,125794.15100492597,6140.946598240505,3,0.11615733996375047,Q4_OOT,0
23,120242.24175342798,6487.146819606166,6,0.2509283106500708,Q4_OOT,0
67,112822.0918273174,21753.583021417642,4,0.6118852282679828,Q4_OOT,0
63,39693.90001719265,31600.299599969207,6,0.23765139254522327,Q4_OOT,0
41,42558.31400272321,24395.719873533068,6,0.4191035254042789,Q4_OOT,0
24,59891.79109451566,7776.333822129207,9,0.27441397871355067,Q4_OOT,1
31,50635.47484296076,28334.61447763849,5,0.5992417647159173,Q4_OOT,0
31,53631.45754013495,23925.489093676806,4,0.545270301899092,Q4_OOT,0
61,90393.64012183866,13167.45683778683,6,0.09792467575974216,Q4_OOT,0
37,71187.39401268275,42536.85874985208,9,0.3159478559921546,Q4_OOT,0
55,37211.50306230236,7428.672403686682,1,0.15722857628901699,Q4_OOT,0
33,40129.1008655603,17911.8795733334,2,0.46293391094601777,Q4_OOT,0
44,36451.30723016453,20685.40871149349,13,0.17937837460416378,Q4_OOT,0
56,212282.39724610955,16146.051526265246,10,0.35356365123095884,Q4_OOT,0
30,33959.4151616777,25096.473985018896,13,0.23074885385004137,Q4_OOT,0
57,67056.63616465701,28692.14158261419,1,0.04042183501449218,Q4_OOT,0
66,100980.11424371495,20582.277045198287,7,0.7337997146248759,Q4_OOT,0
58,24732.44609528585,40060.34322624948,14,0.2220371184997123,Q4_OOT,0
30,34911.12174084682,6566.623296392442,2,0.21007358669971624,Q4_OOT,0
42,29088.172188543154,14037.216447206285,1,0.11066223843974193,Q4_OOT,0
59,39215.77288516324,29848.41865743308,0,0.2249028838391652,Q4_OOT,0
39,96199.61117942161,8429.778248208708,0,0.4428059647169805,Q4_OOT,0
30,54845.5769690138,44997.961361869544,13,0.5495817156393811,Q4_OOT,0
34,72360.7078433008,6043.959222319616,9,0.3029953372721136,Q4_OOT,0
47,125918.52775210327,9631.647916817208,1,0.29624747455997896,Q4_OOT,0
24,47691.017999508826,34278.19228468292,7,0.2977695873624062,Q4_OOT,0
63,59679.83364714693,12879.638631035192,11,0.27085658819070085,Q4_OOT,0
35,47938.02486354535,15856.267098013137,13,0.23124097383661546,Q4_OOT,0
29,416283.7256766493,17690.462088584376,10,0.029894731388548736,Q4_OOT,0
28,27841.404294770076,20968.884417171805,10,0.20025348128584913,Q4_OOT,0
66,45500.15214871656,10598.58783329484,3,0.3408859990795094,Q4_OOT,0
42,97707.78149769148,58036.21862628386,1,0.27953771498733715,Q4_OOT,0
32,29324.53968853884,14509.119642701218,5,0.11050853134964647,Q4_OOT,0
32,88600.84036056479,42094.531553686094,2,0.19323372371579778,Q4_OOT,0
44,145708.05028114532,6841.009894204466,1,0.27615365536492226,Q4_OOT,0
26,58928.9450109504,21168.89040789586,4,0.10843935643425867,Q4_OOT,0
25,102379.17336426684,30995.484677934426,7,0.13534162910589453,Q4_OOT,0
40,68014.10365518366,5291.987706077127,12,0.07487362661755287,Q4_OOT,0
31,67108.12354008325,5671.960212804163,12,0.19324651153333933,Q4_OOT,0
46,51759.67376746332,6002.554682477705,5,0.08427948888377532,Q4_OOT,0
25,76584.24037968557,11032.175377758886,6,0.45145909745022195,Q4_OOT,0
67,22939.01530889663,29558.90221528305,0,0.1215389481274032,Q4_OOT,0
48,72910.60178537789,12567.994197664113,1,0.6261808617247641,Q4_OOT,0
33,114271.65305253337,10659.131230393457,14,0.4685153808674836,Q4_OOT,0
67,177900.56271690404,6067.428892065759,9,0.21106528179006318,Q4_OOT,0
69,36281.77041062806,30483.84949348289,6,0.3958041482823859,Q4_OOT,0
52,114097.24893435182,42790.75334466126,12,0.41170924860684893,Q4_OOT,0
39,65377.43267778244,55802.33474443602,6,0.4311755405243321,Q4_OOT,0
40,30357.38461358287,18918.732322934953,1,0.40770871162910843,Q4_OOT,0
41,51566.7683260481,6397.676011613688,5,0.27672699505800913,Q4_OOT,0
21,20001.02590856956,7879.177154203737,9,0.5267464170904628,Q4_OOT,0
32,28277.680787511992,7243.034790299661,0,0.32669647606652863,Q4_OOT,0
66,30741.56203035405,20796.637143101885,14,0.10850168294454537,Q4_OOT,0
26,60766.30303436764,37456.87580944582,13,0.2813668451925014,Q4_OOT,0
37,150009.3176547348,26814.853211811795,5,0.2535579249899759,Q4_OOT,0
30,225419.50951647924,27981.188496239538,2,0.5128239762651509,Q4_OOT,0
26,130991.77853510351,6447.56488073712,6,0.40302477825018324,Q4_OOT,0
27,27745.96507329213,17429.631748313655,4,0.4045580306547,Q4_OOT,0
48,24772.109309854957,8853.663976305095,14,0.17700298518368757,Q4_OOT,0
31,41901.42534147668,26403.909371296824,1,0.4896093227555264,Q4_OOT,0
68,83701.94351598919,7863.530998261265,3,0.26693278641235524,Q4_OOT,0
67,51284.21506546491,14515.199612254106,1,0.48905452898565804,Q4_OOT,0
34,37514.585125734,16431.233987061052,9,0.1132351675427937,Q4_OOT,0
52,26642.487675675977,58836.89809069782,9,0.5213072082766977,Q4_OOT,0
46,83576.7195598174,23360.604849835574,5,0.36571959922902186,Q4_OOT,0
21,83913.61499821804,15797.789700644425,7,0.39922954565302804,Q4_OOT,0
45,23456.576004304858,5322.461283214192,3,0.3293641293582485,Q4_OOT,0
30,78458.34138475123,22119.10102125019,4,0.03404102029313272,Q4_OOT,0
69,88625.66129819369,24531.776142622166,13,0.3481062378115059,Q4_OOT,0
34,21807.838823910155,64319.621209783356,10,0.5031603146985293,Q4_OOT,0
65,129873.1041601952,79084.78711816964,3,0.2134701605287271,Q4_OOT,0
26,119599.89295652062,18447.038902083135,3,0.25873742201606453,Q4_OOT,0
40,54430.44592486509,12963.957909683855,1,0.018707002513425237,Q4_OOT,0
50,37970.61582307957,38402.43273680327,6,0.4452972154826729,Q4_OOT,0
31,75550.26690093672,11092.427244447334,0,0.6364892175036144,Q4_OOT,0
30,120806.01509442578,20034.155692434688,8,0.24306376486323056,Q4_OOT,0
50,49622.361045595855,24611.793787470855,0,0.24103604351741495,Q4_OOT,0
47,77587.38130206392,14575.670570981907,5,0.5197558081554383,Q4_OOT,0
52,65298.28525659694,17390.29685633832,0,0.6694039401778453,Q4_OOT,0
40,131159.45183699887,22798.929466421847,10,0.3787809778820089,Q4_OOT,0
21,62802.08014825293,13779.529264678433,6,0.2825866750742462,Q4_OOT,0
59,96962.01435694782,13027.19875623059,6,0.14603420019018126,Q4_OOT,0
65,146557.807395724,24027.848491895013,7,0.18268702748982407,Q4_OOT,0
37,45352.173880822585,7906.861652870575,14,0.48467930220740885,Q4_OOT,0
62,43304.175142800006,17980.743240404845,6,0.26048999633877423,Q4_OOT,0
34,213557.55386006978,12357.440677275576,4,0.21269836343413148,Q4_OOT,0
35,77202.70100960915,14219.55701562913,13,0.07201888979551208,Q4_OOT,0
53,92620.21467068052,6342.642767276791,10,0.3076197363778398,Q4_OOT,0
25,20489.077810850387,37642.599318250446,7,0.136375697269441,Q4_OOT,0
32,69338.70561774955,22041.78801313658,9,0.035961829028872024,Q4_OOT,0
34,63395.51958775561,33472.136270226525,2,0.18963964113653245,Q4_OOT,0
49,56395.34818169069,15145.28883102538,6,0.20285251958151712,Q4_OOT,0
32,86846.07210321388,11666.006854321957,3,0.27839132347887524,Q4_OOT,0
33,66100.47820749143,22494.73465928808,3,0.05015117987294751,Q4_OOT,0
26,74061.7734740612,12201.086260039243,4,0.39095172292748126,Q4_OOT,0
51,20728.321142126453,17586.897071614454,12,0.3945717691474975,Q4_OOT,0
54,65957.4489966624,48392.29890001659,13,0.05155636068179,Q4_OOT,0
39,39299.18556236748,23123.268277826435,3,0.26552600653228864,Q4_OOT,0
52,24720.713536786418,17639.857819964338,3,0.26826680041205553,Q4_OOT,0
22,45603.26667754201,35719.197413507165,12,0.12241694400785971,Q4_OOT,0
38,153868.9601718792,18848.805755315276,4,0.08510888726753928,Q4_OOT,0
42,75434.35476752222,11856.820846626506,13,0.27065241052562633,Q4_OOT,0
23,99743.17115913934,9242.026951058884,0,0.2329291974327538,Q4_OOT,0
23,21819.150470521086,10570.51017859316,1,0.2951307946706133,Q4_OOT,0
22,36400.077282735874,15500.606762389292,2,0.1985318917030874,Q4_OOT,0
56,34484.26520802438,34271.10124826845,3,0.2722753092321436,Q4_OOT,0
65,40399.37130409357,13692.629813490348,12,0.3549281158151389,Q4_OOT,0
65,23643.38823962884,5147.466546692768,9,0.6445491386726282,Q4_OOT,0
47,90848.15274010839,47337.161991523986,14,0.14513885334829785,Q4_OOT,0
49,36050.183232892756,15116.971934620877,7,0.3288810563967925,Q4_OOT,0
30,27075.011790792032,33804.22782329807,5,0.07737662073313002,Q4_OOT,0
34,24073.871854874757,9065.460959609747,13,0.39274608338166284,Q4_OOT,0
21,149501.87497184606,19404.06477874339,6,0.5391806948013413,Q4_OOT,0
69,93558.03607756885,60361.75052956572,13,0.30446215335943394,Q4_OOT,0
27,83366.26016612684,5600.43916240398,11,0.20536754479966396,Q4_OOT,0
57,22990.687403011918,15357.293065062226,9,0.18333238845917774,Q4_OOT,0
57,70711.74199095252,36240.13903647738,6,0.2042941984819905,Q4_OOT,0
19,84798.18158171057,11679.4843946755,13,0.12589576432289876,Q4_OOT,0
56,91212.51371557183,21268.384760350782,14,0.3865580990105515,Q4_OOT,0
51,77315.61164009216,26533.29470578546,11,0.41355481346288125,Q4_OOT,0
21,32092.59462312315,7502.322498715941,4,0.37686296735256275,Q4_OOT,1
66,54975.1927793775,22000.873635988453,2,0.4387469865717509,Q4_OOT,0
26,41166.98958743276,25160.989733828726,9,0.33920116741841366,Q4_OOT,0
36,36857.754288965676,6269.343854976692,12,0.24292309966069686,Q4_OOT,0
18,42629.24428671428,28814.886847682574,7,0.14325180547140942,Q4_OOT,0
34,88449.30528024993,5113.532652162015,3,0.6239092458071962,Q4_OOT,0
32,98895.19899499274,12888.552450117748,4,0.4656176835170964,Q4_OOT,0
30,29086.956729992977,6076.69948577086,5,0.32037159070895266,Q4_OOT,0
65,195268.82559268418,9201.883001944305,4,0.10634436516964055,Q4_OOT,0
34,43472.96759781809,20018.22735799111,4,0.3294954879620375,Q4_OOT,0
68,20293.67566280178,16107.267751942933,11,0.055958199711942054,Q4_OOT,0
30,50593.25483038909,28811.592959789803,2,0.5406952776345497,Q4_OOT,0
22,70061.39228116351,12760.645719092368,6,0.37189254422769696,Q4_OOT,0
18,95310.2072267282,8621.943338367151,10,0.043761803958029984,Q4_OOT,0
29,32423.07762608915,57420.934603896945,13,0.29386143836555195,Q4_OOT,0
27,39403.91944496123,6952.1182255498925,3,0.22926309233089825,Q4_OOT,0
28,37937.35630031171,25669.553196000692,12,0.32342880129671386,Q4_OOT,0
55,117422.61956696687,63870.22082657438,9,0.4340179202984689,Q4_OOT,0
52,127192.72961578734,26503.315547338036,11,0.3586323572964953,Q4_OOT,0
50,116842.66455126625,6701.646965454513,11,0.32413660537646166,Q4_OOT,0
60,54143.57831638936,19381.636675163598,11,0.08664430424297027,Q4_OOT,0
36,21702.915450025746,16019.632128448628,4,0.07744119613235446,Q4_OOT,0
23,49103.74852203386,6915.046207931504,5,0.36481281152786194,Q4_OOT,0
20,101349.40599645974,18418.39812957884,6,0.2593157244974797,Q4_OOT,0
65,48438.576246831406,17172.340897928607,7,0.11418518266314423,Q4_OOT,0
20,52286.20269977288,27399.99648036643,9,0.10723953443443988,Q4_OOT,0
41,29313.521816277796,13444.323649153393,3,0.22916967718437337,Q4_OOT,0
28,27171.34593368517,27950.556553041348,2,0.0817266727191195,Q4_OOT,0
49,25777.346157135747,11753.608804205123,5,0.5852448451910557,Q4_OOT,0
38,76046.87556202983,16816.42287667369,1,0.2765174254385704,Q4_OOT,0
39,51053.42515003476,14159.097268153195,4,0.1254877748738832,Q4_OOT,0
35,173867.82119835448,9850.412538442011,3,0.4382237716590994,Q4_OOT,0
63,53972.13681827384,40771.560862427345,13,0.17612368494076913,Q4_OOT,0
57,24157.07707500957,69722.54000768517,13,0.18069866952067504,Q4_OOT,0
44,39413.49202421776,16396.947391914,5,0.22743601236630104,Q4_OOT,0
42,154008.26336702102,6570.258248500458,10,0.17502673462615828,Q4_OOT,0
57,54702.22379708492,13891.149984125499,6,0.23140438053454943,Q4_OOT,0
69,46699.59773034835,13173.369483573748,12,0.18018767940515748,Q4_OOT,0
32,74657.75772787364,5351.529512101957,2,0.13779126130095093,Q4_OOT,0
20,50826.33302518538,34866.31210698448,11,0.3131525046275158,Q4_OOT,0
33,36101.125634046184,33589.2430781672,12,0.46580343906427285,Q4_OOT,0
25,221487.13435517397,60137.654687833805,4,0.43042832348391036,Q4_OOT,0
58,46845.79963990131,7856.706708561469,5,0.49100584842058026,Q4_OOT,0
21,33652.65137537038,13756.756472684672,14,0.632427584879001,Q4_OOT,0
53,173788.54275075917,70476.68801949488,14,0.4937480206226095,Q4_OOT,0
58,38236.41047304269,16439.483673809813,10,0.06357459521437572,Q4_OOT,0
31,158047.3658946493,36108.467857172414,3,0.137072074113227,Q4_OOT,0
38,84564.6290772144,44109.8262895391,2,0.1319369699235961,Q4_OOT,0
55,38031.69211533009,22078.51731120018,9,0.5347655375642337,Q4_OOT,0
20,27079.54211218759,16962.96267392656,8,0.6531682144369063,Q4_OOT,0
53,72646.28558824532,15274.825582987223,4,0.1778242864602154,Q4_OOT,0
50,86839.26019717414,11000.782615906926,5,0.3464142574778871,Q4_OOT,0
53,39778.9920943685,13350.21061093296,8,0.2710477766622727,Q4_OOT,0
48,132654.7658897622,24685.932456069135,10,0.22531194608998487,Q4_OOT,0
28,23678.69269768979,8512.668029697616,4,0.11971706404524185,Q4_OOT,0
44,89199.89559317606,8932.99039345571,7,0.31859047636402626,Q4_OOT,0
44,120256.17646609257,19696.3466709198,5,0.48638058841403714,Q4_OOT,0
33,27286.432901203232,22883.058021447454,12,0.11162112185415488,Q4_OOT,0
33,60955.34255749794,22759.071477842066,14,0.368495658017726,Q4_OOT,0
68,36098.728836809954,22737.53661007929,10,0.020697019503072945,Q4_OOT,0
31,114330.5460916448,13117.655229928452,0,0.31419149011107755,Q4_OOT,0
55,58437.037030742664,38731.183646876474,12,0.4083273716632367,Q4_OOT,0
65,65037.81912798272,11548.863401232746,10,0.18637483384304931,Q4_OOT,0
60,38760.66877893865,7743.873260270366,1,0.2798668699785236,Q4_OOT,0
46,76530.2920973321,12825.378117370276,12,0.2994206116901805,Q4_OOT,0
54,39307.18187637933,15949.506402523422,2,0.1289807302801293,Q4_OOT,0
46,43244.022069870545,11626.518933630678,5,0.3571950479879031,Q4_OOT,0
49,22189.044843441814,11860.526692425548,14,0.21997863792059652,Q4_OOT,0
23,98992.60035076801,6198.684253740428,2,0.10421236998005795,Q4_OOT,0
19,71672.58126754643,17042.698876372502,2,0.1298277788718872,Q4_OOT,0
23,100963.42744204788,13091.057973573654,4,0.16940540259433687,Q4_OOT,0
60,20889.37275579662,13677.5812722765,2,0.25661278622266703,Q4_OOT,0
43,91021.1893165046,58804.08383413418,5,0.5070236378756799,Q4_OOT,0
33,182257.04774634927,12033.549510848534,1,0.08520232204494191,Q4_OOT,0
28,164804.9932295792,21449.957662392415,5,0.30524401634052356,Q4_OOT,0
57,78902.03980496425,16631.814925073173,13,0.06528363437057579,Q4_OOT,0
45,31286.304351843,5730.523926709249,0,0.09396725951540313,Q4_OOT,0
39,31936.826440922807,5852.817354722605,12,0.3391835259491867,Q4_OOT,0
44,93623.1599176972,5040.381189427861,2,0.49845062816687813,Q4_OOT,0
55,72768.69792755129,6270.774564654971,7,0.34452139876348864,Q4_OOT,0
31,27081.014159613656,7197.225380032276,7,0.7656559437544687,Q4_OOT,0
65,104076.00257154249,9311.223393061236,7,0.1259710568314101,Q4_OOT,0
57,37131.034829227465,5264.723583988796,14,0.10193538512289452,Q4_OOT,0
29,37456.8269350342,9660.598215343834,10,0.24052810347360568,Q4_OOT,0
68,50140.94272907934,29668.01903986577,6,0.7489110258092013,Q4_OOT,0
44,72171.60060148833,6173.6988905785765,11,0.15302392506608156,Q4_OOT,0
53,40027.3767452286,8590.873921664146,11,0.27310813137075396,Q4_OOT,0
68,27908.74005282869,56127.83084281911,5,0.4255774035734894,Q4_OOT,0
26,22126.126360724404,15045.179610283994,13,0.4246015339826721,Q4_OOT,0
43,69152.0038578699,26534.545798443392,9,0.3484852651468282,Q4_OOT,0
69,43453.38781386292,11541.737281399908,4,0.2835120798346161,Q4_OOT,0
33,65649.3496451691,19171.65830951515,6,0.06679169909486113,Q4_OOT,0
62,107459.9402354269,30599.289001241268,4,0.36510598850985193,Q4_OOT,0
27,34780.879918666265,5550.792321547001,5,0.48470544474643557,Q4_OOT,0
48,64272.96106523394,9489.056056085301,10,0.25981622178548025,Q4_OOT,0
40,41223.13499965736,23530.78281555713,9,0.17794349851700153,Q4_OOT,0
44,93117.75928580255,44244.63463923074,4,0.23945312027410628,Q4_OOT,0
66,215999.67352288132,30983.43972950294,3,0.33534548603344333,Q4_OOT,0
20,46656.514195417054,9776.934767304065,4,0.018715459788290933,Q4_OOT,0
34,78651.98967589656,7463.4299650471985,8,0.15914054815040057,Q4_OOT,0
39,28809.393912808388,10485.801646307022,0,0.5476130224499028,Q4_OOT,0
38,32155.133226757614,6731.175166177593,6,0.43638362639346817,Q4_OOT,0
53,59102.1154956947,9429.453754047687,11,0.6746289576297625,Q4_OOT,0
55,146948.63582940612,21635.517357230743,1,0.027799711409072836,Q4_OOT,0
29,60197.20688552996,9643.875646811339,3,0.35721461015330885,Q4_OOT,0
66,179338.2250385031,9377.91401908278,7,0.22505860726670002,Q4_OOT,0
33,71046.667725098,17408.95777336391,11,0.23354089088931002,Q4_OOT,0
24,112390.05859148059,9645.947442800778,9,0.6130883862462354,Q4_OOT,0
47,58021.32276416962,15166.330975442785,10,0.4637545437755752,Q4_OOT,0
65,54854.66989492928,24735.821238505883,1,0.42324861292718713,Q4_OOT,0
35,28641.744108858962,30305.64817659827,6,0.34865041666922864,Q4_OOT,0
34,55559.88659326316,39809.438043417795,14,0.37991930665368917,Q4_OOT,0
65,33511.233695705334,17330.93505483062,1,0.22352667744963198,Q4_OOT,0
37,49359.20078099873,18068.148467187515,14,0.35198367683305926,Q4_OOT,0
58,88003.3867149816,25797.3334374854,12,0.11839276750082967,Q4_OOT,0
43,38901.10771431506,6818.266370585575,0,0.4567863287973862,Q4_OOT,0
57,56232.91246011099,10087.724953783902,5,0.2991549119670899,Q4_OOT,0
27,47535.37813558472,20701.064204899332,6,0.38391422777828293,Q4_OOT,0
67,83302.43087112876,12710.506975837747,0,0.12903546436507277,Q4_OOT,0
38,38846.62904458093,15182.495989265155,12,0.130044075798632,Q4_OOT,0
21,63683.93954015492,9587.995103022613,3,0.060973577722136775,Q4_OOT,0
62,43700.60380192451,15302.92506922853,6,0.4153679831568147,Q4_OOT,0
65,55949.29647011813,18335.231804536816,9,0.1869943388238178,Q4_OOT,0
24,136634.39700887556,14857.973797976687,14,0.28748590683133163,Q4_OOT,0
35,238934.98935864124,22749.384052372432,0,0.7623166733670271,Q4_OOT,0
64,38188.71432691607,23211.98312249785,9,0.290997902244588,Q4_OOT,0
41,48515.02174071398,14902.28563316721,2,0.20724094123558195,Q4_OOT,0
26,31051.484336079266,46355.50042166146,9,0.3184593286556232,Q4_OOT,0
41,40507.9260751411,5747.381228398978,9,0.3378336143006228,Q4_OOT,0
56,21497.81538330529,15206.141334379641,1,0.08339553087430908,Q4_OOT,0
60,25829.210151473115,35472.15528884904,0,0.520868872527482,Q4_OOT,0
29,30580.377944910826,17144.900600676017,3,0.16936268982344227,Q4_OOT,0
63,28035.762589450664,14552.41429406562,14,0.5312094855651003,Q4_OOT,0
61,55735.767672897826,6431.23652158247,0,0.23807753529870967,Q4_OOT,0
48,174878.73563802065,33677.927962956994,14,0.13609760063807055,Q4_OOT,0
35,44344.59855547444,5852.046172295724,6,0.5491845169935733,Q4_OOT,0
37,64455.87700784694,24440.83462197746,7,0.6283407437844992,Q4_OOT,0
45,114492.1802881227,23981.91415282386,6,0.6382778126084604,Q4_OOT,0
29,80226.88955443316,8822.069346658129,7,0.2366843416572658,Q4_OOT,0
19,57957.92233501775,7060.873699503152,6,0.48237700282307355,Q4_OOT,0
54,90963.6282468853,9443.85713219819,6,0.126566356824493,Q4_OOT,0
51,48753.842523301806,67457.93391415777,0,0.4315254788944133,Q4_OOT,0
46,123590.93171834461,17780.30314007451,14,0.3001006003640964,Q4_OOT,0
26,32587.594416042848,8355.32071275253,7,0.07321112740116119,Q4_OOT,0
31,20249.44720250458,12442.484830334712,4,0.3937409661702054,Q4_OOT,0
57,33269.887557461996,12815.538452370778,4,0.5730634220198402,Q4_OOT,0
64,27438.32460732873,36591.984842795166,1,0.2569816590160794,Q4_OOT,0
46,48532.16504241945,16206.69449387005,4,0.4797245573536735,Q4_OOT,0
50,30301.30834813069,62531.15812561069,4,0.28088395694482055,Q4_OOT,0
37,254194.11691724288,7660.801706767019,4,0.5059164281377977,Q4_OOT,0
67,51505.68933488583,5135.4925235635565,14,0.12554590293839826,Q4_OOT,0
25,67504.62798007495,9333.841458425135,7,0.21422268368768868,Q4_OOT,0
18,35600.37848237771,6236.209516489226,6,0.20855692684013993,Q4_OOT,0
67,103257.11285714785,8530.780181848399,10,0.2203360534752267,Q4_OOT,0
19,29307.436094334775,57751.89129598201,6,0.046070765692708904,Q4_OOT,0
61,67237.16897337238,11818.454804712375,0,0.1058661382051213,Q4_OOT,0
33,114929.61268129651,14935.671039749102,10,0.7102623926075227,Q4_OOT,0
59,29078.140975318405,54991.47517946809,12,0.21419952327080197,Q4_OOT,0
64,35760.126425335286,6862.406979391973,2,0.11013879402634098,Q4_OOT,0
23,135271.26293542396,15145.354111678656,2,0.44660649072429287,Q4_OOT,0
35,30724.934893322963,18627.77374261654,7,0.09848898868419209,Q4_OOT,0
39,55375.21548501372,17915.353802408397,14,0.13560130207759624,Q4_OOT,0
35,24788.251762002044,5842.424363912187,10,0.6493720641796294,Q4_OOT,0
34,142189.58428159796,7722.83751356593,8,0.2556585697692219,Q4_OOT,0
21,31238.55996561346,13515.135417263038,14,0.16694978760412543,Q4_OOT,0
41,169305.549236688,10528.737237759373,5,0.41227366097396817,Q4_OOT,0
67,28456.112175044433,30311.91626488668,6,0.09146377884702281,Q4_OOT,0
56,95317.36508075232,5547.9368863036225,0,0.24480259250660585,Q4_OOT,0
62,48501.11228471213,28125.107237003325,12,0.23065853484629345,Q4_OOT,0
45,248820.72315804698,14416.043487359348,0,0.3816334352677298,Q4_OOT,0
41,30906.82172969237,17791.364443412876,0,0.1305208067166265,Q4_OOT,0
56,46273.34448104512,26042.067730245228,8,0.7024682986795604,Q4_OOT,0
64,71879.36764058011,28407.45162509327,12,0.38175664678626614,Q4_OOT,0
65,37972.14840393387,6438.807862212397,11,0.29986589947101466,Q4_OOT,0
54,95648.00354632807,6882.666107334783,5,0.041450159593334555,Q4_OOT,0
20,43984.61877675919,22320.163914349578,10,0.23078160699242062,Q4_OOT,0
36,214779.62636155845,25586.518775639317,4,0.2775406012112887,Q4_OOT,0
31,74337.19312197101,13158.368370435477,12,0.21406976788565565,Q4_OOT,0
62,23520.28970329986,35675.90313077959,1,0.42078121112433475,Q4_OOT,0
54,25393.68143514898,7784.14891492438,0,0.08978732065099541,Q4_OOT,0
19,24145.217211522635,9812.278207537616,9,0.48828951223862127,Q4_OOT,0
55,20940.19923694802,14312.99101694184,3,0.24167537835183098,Q4_OOT,0
36,98912.10741542482,5858.464527018759,3,0.20315632317944185,Q4_OOT,0
67,87364.5603687865,15348.840628030785,6,0.4977065745086,Q4_OOT,0
41,22273.068046425782,32830.61094513392,13,0.06756184238673739,Q4_OOT,0
63,147729.37713843602,12833.221357914297,7,0.6392339834240086,Q4_OOT,0
32,26628.730139390897,6987.025808600057,0,0.18792533993209584,Q4_OOT,0
41,26591.685319015138,16824.795285327764,13,0.1911405111273115,Q4_OOT,0
59,40043.55091864393,5652.185467887354,2,0.12195221091470049,Q4_OOT,0
23,31989.730452631662,87883.8611122909,12,0.15876968687813997,Q4_OOT,0
26,57523.70446785794,15157.033114001537,12,0.2199689414791514,Q4_OOT,0
27,83638.5620814925,13904.878114920428,9,0.19269867418367334,Q4_OOT,0
41,102529.33100650473,15051.254407211862,12,0.4609823587362543,Q4_OOT,0
31,58578.416438529,30487.820828142158,2,0.4010345826024455,Q4_OOT,0
44,34362.49602198966,32131.00341638553,2,0.13922521496745366,Q4_OOT,0
50,67905.3310340102,5648.27678930422,12,0.33717242225055816,Q4_OOT,0
23,165286.5090428552,19834.964034610523,5,0.291999457987254,Q4_OOT,0
30,46019.137381513196,16252.888544881145,10,0.10511101323414453,Q4_OOT,0
43,171968.97504014216,7164.475777766542,11,0.27206936170592816,Q4_OOT,0
38,38564.548304218544,30918.326663146312,7,0.2870433248890252,Q4_OOT,0
47,32724.714265202827,6604.715044320741,13,0.3153441264333683,Q4_OOT,0
20,40021.88862748092,6885.942136604564,0,0.2234711407237144,Q4_OOT,0
43,29427.32446787098,25510.53172338342,4,0.3286120611553118,Q4_OOT,0
20,43983.6960422356,82225.27947498026,12,0.14680421598129442,Q4_OOT,0
53,76933.30985913366,49882.589403100064,14,0.1353991889985503,Q4_OOT,0
64,133908.60618747858,8405.550905790247,8,0.4427590472640748,Q4_OOT,0
28,129831.61765254498,15180.23430009074,1,0.3370210623715899,Q4_OOT,0
29,190538.59187532906,9120.368995160577,13,0.12388746637678656,Q4_OOT,0
35,134605.72780197754,19470.511662429533,1,0.11058588779137228,Q4_OOT,0
26,104265.77151907113,6525.050570014436,0,0.11049985473002721,Q4_OOT,0
30,20271.12776237837,6327.869981404649,5,0.495166608576571,Q4_OOT,0
67,32826.15887885845,5605.5936731249085,2,0.6043654541261237,Q4_OOT,0
23,89668.88570872057,32683.97222016483,1,0.3546645030782255,Q4_OOT,0
65,55743.11996291781,27769.86753933626,7,0.3022867023326062,Q4_OOT,0
22,38195.13669269206,15266.677674496867,11,0.6387476438096138,Q4_OOT,0
20,143843.6509022572,22166.424985083668,6,0.1018952681962876,Q4_OOT,0
23,145301.46194615157,102997.98185163355,6,0.042364402722009836,Q4_OOT,0
58,37616.61705675121,10649.285883605395,4,0.1532268831504743,Q4_OOT,0
21,142495.0187309945,133446.47164796508,4,0.14995639026514457,Q4_OOT,0
18,52428.24345821988,28015.52795652454,9,0.12241015531006758,Q4_OOT,0
26,30284.649308207954,23784.070444879566,10,0.6075540239681866,Q4_OOT,0
26,77309.43652430338,7876.4641216419195,11,0.3255611643565373,Q4_OOT,0
58,29863.633162491977,66756.5901636318,13,0.2732530815733602,Q4_OOT,0
57,173288.1424497786,71017.7896877753,3,0.5362398097478915,Q4_OOT,0
56,85732.43076737135,68645.8194276553,8,0.33121276318080173,Q4_OOT,0
26,129493.64258901648,7667.7397799013215,2,0.10527954755613447,Q4_OOT,1
31,76119.21540099167,20120.334017655536,14,0.5900882349417347,Q4_OOT,0
31,103474.9043668784,17564.019648867798,5,0.5145386575083909,Q4_OOT,0
53,128171.3900448648,34923.82048795912,0,0.3471239333518043,Q4_OOT,0
31,57529.89878717907,11642.638319285603,14,0.05472027214123089,Q4_OOT,0
59,82184.51842150668,33143.143182948486,1,0.2417963202424983,Q4_OOT,0
43,22967.152212665602,12488.280535584841,7,0.19391897374739134,Q4_OOT,0
27,145736.10099179513,23370.04568122284,14,0.04204572010672923,Q4_OOT,0
33,20522.251294842044,18311.317374880855,14,0.22609766604183973,Q4_OOT,0
64,28839.323854182072,7404.414315244211,1,0.4158318087070141,Q4_OOT,0
36,25397.039677619407,31993.1286741646,7,0.14651595463107328,Q4_OOT,0
46,22251.217467475002,5134.034227724087,8,0.2901110511837044,Q4_OOT,0
56,22356.697620452112,15860.93073714935,10,0.2741670613673431,Q4_OOT,0
39,131766.0244994344,20799.19674700877,13,0.23006373045956638,Q4_OOT,0
53,32284.831185229257,36004.66633823853,0,0.625819310005451,Q4_OOT,0
30,25135.341923430642,28340.251610663745,4,0.236878901422911,Q4_OOT,0
49,46944.001865321705,9819.230104694341,8,0.42144857709594363,Q4_OOT,0
68,64789.423697647806,7656.534207321986,3,0.47044695124256997,Q4_OOT,0
69,36328.271403139646,21568.857172351163,10,0.2044664296022215,Q4_OOT,0
34,57019.28456589444,10639.815192887461,9,0.1622214203486517,Q4_OOT,0
43,24906.184540341656,37510.64383769806,1,0.14683148163412554,Q4_OOT,0
24,98005.67911136204,33839.97117729414,4,0.3776413496250163,Q4_OOT,0
32,45678.62704495191,58583.18049808448,13,0.26867502351198885,Q4_OOT,0
62,25718.27873801896,26740.16016393356,6,0.3860470763227516,Q4_OOT,0
54,110173.52583536123,20747.74066577134,7,0.3813817342963189,Q4_OOT,0
43,33000.56182255312,25837.60134772396,13,0.4375063632455862,Q4_OOT,0
56,110910.21769152767,36904.50950740851,3,0.1793582352920283,Q4_OOT,0
60,71122.17522789117,12577.792764765756,2,0.30591176103800993,Q4_OOT,0
35,84712.10544520518,7161.934294540373,8,0.04096751927739144,Q4_OOT,0
40,45830.47541851196,9021.517064963296,2,0.49821157092039864,Q4_OOT,0
28,38453.861758830884,5565.167465435576,13,0.0592612539356413,Q4_OOT,0
50,32770.36821869615,7288.865438608725,7,0.2533035854022519,Q4_OOT,0
41,178165.49141815735,6550.039316602408,5,0.4539782154577369,Q4_OOT,0
19,24593.505040087322,8993.239459902188,14,0.2866034892120965,Q4_OOT,0
22,147621.9803502939,16017.657129143554,9,0.13270154491749328,Q4_OOT,0
30,58757.49451400611,14158.947440234662,8,0.08401260083998964,Q4_OOT,0
65,75271.69884355157,12145.824500662453,9,0.37847494929384307,Q4_OOT,0
65,43663.900156443226,14080.608520103851,4,0.06096202698791155,Q4_OOT,0
29,61651.645351733765,11558.116169585111,6,0.09006802879348644,Q4_OOT,0
35,59494.71807427051,16521.501471951975,9,0.2615020218950698,Q4_OOT,0
35,42154.80915524835,5524.723568176445,9,0.24044257102677738,Q4_OOT,0
30,22725.12017805462,16232.718963935153,11,0.1137030906714625,Q4_OOT,0
26,103391.42113331222,26265.191726667654,14,0.21258655427218814,Q4_OOT,0
49,33783.20924971107,11262.028152391216,6,0.3422031312629149,Q4_OOT,0
55,193300.48452729278,16491.53179391203,6,0.1309888797639496,Q4_OOT,0
49,78952.77357395264,13229.151983115886,13,0.09718134022244777,Q4_OOT,0
36,48347.01584606858,7928.795276962443,11,0.3484784525750371,Q4_OOT,0
39,29082.128975553875,40589.17692330465,7,0.4533717764133442,Q4_OOT,0
61,49052.3626032616,19985.11126945336,5,0.32734216244053466,Q4_OOT,0
32,21389.2268955473,25008.117794522026,5,0.5224335988653247,Q4_OOT,0
65,95186.91061073782,22672.052942341503,5,0.22070685056037778,Q4_OOT,0
44,83385.49570514352,27326.046988307506,12,0.4536219163970652,Q4_OOT,0
43,157774.2308957289,9982.804413770547,6,0.26384349951317676,Q4_OOT,0
47,150876.41598764106,28731.9354205908,4,0.42887156146542965,Q4_OOT,0
62,84855.00119984354,13110.57866749122,14,0.4662661388421631,Q4_OOT,0
45,40778.136090637665,8797.903292294017,8,0.20157252956227004,Q4_OOT,0
67,100858.95793703872,35535.31265471731,5,0.6103376079562328,Q4_OOT,0
19,30963.26952685193,41211.06120706803,8,0.1706852867859465,Q4_OOT,0
66,159139.6617864266,6872.320259172545,13,0.46802542692780397,Q4_OOT,0
23,41285.1056971254,14831.259594300704,12,0.2624105515698266,Q4_OOT,0
27,48569.83112269745,30911.225978775325,6,0.2636186971976678,Q4_OOT,0
58,33495.7278925483,11481.879066514666,9,0.12099046925328459,Q4_OOT,0
24,41482.21985662142,16857.340965664967,5,0.3385666705287709,Q4_OOT,0
56,26996.53738688063,21490.456022971426,9,0.19687658408627232,Q4_OOT,0
34,135598.99902696742,63127.04364433641,7,0.2891191260241653,Q4_OOT,0
49,100885.16738553286,29820.263121253654,0,0.07716340555811024,Q4_OOT,0
64,47368.03197936028,12087.120943591179,5,0.16465476445634208,Q4_OOT,0
56,23223.76477108097,5245.0691211036,8,0.5800214567905693,Q4_OOT,0
41,46030.94340443918,7042.572409510004,1,0.2883924233498254,Q4_OOT,0
54,62368.3591066728,32680.5278553901,1,0.23485147325675318,Q4_OOT,0
63,45775.12851128615,6060.812436486119,8,0.32334677959376423,Q4_OOT,0
21,118543.70131265918,7632.72754530354,2,0.2124077284392803,Q4_OOT,0
39,78296.55287468023,33621.13787927029,7,0.2545499551024811,Q4_OOT,0
48,42810.6937792584,7691.590923751235,0,0.23699245758277437,Q4_OOT,0
25,70672.32280980243,11270.434311843495,9,0.262349653864002,Q4_OOT,0
19,82230.03865752538,48262.83141400362,14,0.17005687634421854,Q4_OOT,0
43,75317.624918474,5261.744341509366,9,0.2221124564158822,Q4_OOT,0
60,100599.98629576313,10003.377842585565,1,0.34268568024579593,Q4_OOT,0
50,38908.758936602884,7258.462269941698,9,0.32599065675098265,Q4_OOT,0
47,103422.59065415662,9259.099612940594,14,0.04040882382904101,Q4_OOT,0
25,33217.02609523254,20297.682447505722,9,0.401636689377003,Q4_OOT,0
21,25912.1471958862,30109.035254470524,10,0.4990272883325703,Q4_OOT,0
33,45823.867541997985,7464.7822659185895,3,0.22331371472143,Q4_OOT,0
22,136886.86256128608,52854.81355495856,14,0.4590237858710725,Q4_OOT,0
54,27712.193603809603,63794.53626042451,9,0.14324229136731356,Q4_OOT,0
37,73674.92550656866,21338.744190212867,12,0.38885448480198076,Q4_OOT,0
62,163772.36971039485,12350.107023593366,0,0.23812457511231633,Q4_OOT,0
22,31751.054404794304,37075.94711505896,1,0.08138786679292428,Q4_OOT,0
64,40356.13174054255,15436.979643031567,6,0.44880186842110054,Q4_OOT,0
62,53131.76110316559,53705.061914941994,12,0.22412513363152725,Q4_OOT,0
21,165352.1787667964,12463.924094557788,8,0.3067752580671621,Q4_OOT,0
56,50130.13672406283,16985.247866283025,4,0.31893935373414767,Q4_OOT,0
20,169704.86204662584,24102.02449252204,8,0.22277749846451764,Q4_OOT,0
64,151106.12037983633,35938.46711856136,0,0.11253813952824133,Q4_OOT,0
19,73606.11519175475,19245.472545568075,14,0.09855679058252959,Q4_OOT,0
32,107506.54210171924,73630.16663846986,1,0.3581558408309609,Q4_OOT,0
31,64093.85321570871,17658.007929476564,3,0.33201872054473724,Q4_OOT,0
69,166206.96722079633,44986.242320904574,4,0.1638246234407512,Q4_OOT,0
61,108030.8626000098,14479.24938438778,8,0.48389261288574953,Q4_OOT,0
27,52896.28006403186,5731.74577619518,6,0.13079001538094404,Q4_OOT,0
69,22950.241032039925,8701.836741477868,13,0.4459050624024411,Q4_OOT,0
40,21134.21104542167,8617.527004107074,1,0.2660256254399853,Q4_OOT,0
39,102138.00469134137,26654.34665247436,4,0.24150615593480812,Q4_OOT,0
69,63034.392683376456,5869.984168526141,0,0.6532323963420552,Q4_OOT,0
52,39689.24709457005,12009.49352845182,11,0.27932715346819814,Q4_OOT,0
50,40967.10861460035,10067.513141373502,10,0.13252868376335433,Q4_OOT,0
62,76271.88787774055,18768.479015010118,8,0.17471336607408025,Q4_OOT,0
40,61944.831338529526,37890.189664863814,2,0.49282477252118884,Q4_OOT,0
31,23096.51820236326,18700.92301935586,6,0.07609935960743767,Q4_OOT,0
23,127660.90229727619,11343.276037344222,11,0.39177669977705926,Q4_OOT,0
49,122698.83077499027,10993.821025907002,7,0.11762716853749056,Q4_OOT,0
39,84579.10289659168,51359.99511890581,11,0.18190342821065314,Q4_OOT,0
60,171554.12482982874,9904.289592899218,8,0.3920820153431321,Q4_OOT,0
64,42614.42608302333,15142.177717026358,9,0.365286161909402,Q4_OOT,0
53,20470.851750777263,7654.045056107056,6,0.18838861286727787,Q4_OOT,0
58,24170.67993838925,11388.501654771873,1,0.37795467405404953,Q4_OOT,0
53,93295.95861595444,5863.981088163297,5,0.37200049375774685,Q4_OOT,0
21,100708.85586653043,18849.44079363672,10,0.4252357150926851,Q4_OOT,0
24,58322.88038311377,16639.829336063263,12,0.16464004826725057,Q4_OOT,0
22,64359.80410000255,11992.678814368006,0,0.11567670488972233,Q4_OOT,0
61,20863.643023804176,20676.63422843974,13,0.1568144265814889,Q4_OOT,0
30,60797.59880759021,18703.3530190795,5,0.21405478561305774,Q4_OOT,0
31,58997.842303419275,46600.290424495164,14,0.1372072871280503,Q4_OOT,0
49,35146.576052999684,27726.130560389636,10,0.05475360684117879,Q4_OOT,0
45,41320.43033035527,10720.769448275667,13,0.17354673789699268,Q4_OOT,0
65,229321.53589790952,22825.339651233124,1,0.24208064700267606,Q4_OOT,0
39,23724.324368724374,24674.827262469455,9,0.3351921345586414,Q4_OOT,0
66,49615.82124986296,10991.507544903729,2,0.052992975769829836,Q4_OOT,0
42,43141.98703623585,22984.286703483947,3,0.47438527659536406,Q4_OOT,0
67,48152.52107911755,7521.596972970992,4,0.46172521936618494,Q4_OOT,0
55,41347.77206142057,6583.907378254007,1,0.13409736519742396,Q4_OOT,0
19,26908.15442651288,39825.857399229055,2,0.376588633070686,Q4_OOT,0
52,62507.34807690178,9715.892189702101,13,0.1879486154710721,Q4_OOT,0
48,45231.48961016669,14543.755140082802,11,0.02804136191609525,Q4_OOT,0
38,38167.368248117855,41696.8687336385,3,0.11856998226597971,Q4_OOT,0
38,76488.21823780355,15612.07219626952,14,0.04460371700490403,Q4_OOT,1
38,26144.806153003374,8252.285730844591,13,0.43304824408474774,Q4_OOT,0
68,86356.94160995883,12219.218714820676,6,0.3438641043111752,Q4_OOT,0
25,23537.677502656727,17969.709349926346,4,0.20304384557633823,Q4_OOT,0
64,24121.42528804642,15673.75944674298,9,0.22196574044150008,Q4_OOT,0
41,169125.77477402086,18380.95803683209,6,0.16425973358173673,Q4_OOT,0
46,46873.684351973214,10792.43295146639,11,0.10194919735469617,Q4_OOT,0
20,35449.92237871763,9093.257820691817,2,0.1157613142043853,Q4_OOT,0
39,128958.59875363566,44594.99190878771,0,0.09718162565142517,Q4_OOT,0
61,43765.27601184162,11171.07508990665,11,0.061619496590316,Q4_OOT,0
37,23586.545149325513,42640.65259939287,9,0.23760871247635812,Q4_OOT,0
61,121218.62354134051,23531.484668351757,9,0.6294237798511451,Q4_OOT,0
53,75851.80312042145,7154.784693774929,4,0.5762932882438974,Q4_OOT,0
23,40110.32143063772,6985.951035521801,4,0.32097369150111965,Q4_OOT,0
37,115867.30109031007,20068.746179637375,10,0.22188399481855547,Q4_OOT,0
58,35262.621578908336,15852.264108184216,1,0.2886105095466629,Q4_OOT,0
50,62359.354738350165,31672.561028083892,6,0.26337882998467266,Q4_OOT,0
47,106526.9635327157,26920.546233694768,11,0.20644272297347363,Q4_OOT,0
24,81030.7643838232,18895.407287111593,1,0.39085928116024554,Q4_OOT,0
33,72876.15058191607,21517.320530265202,4,0.17743761567063718,Q4_OOT,0
18,29820.714695862007,15658.154261337797,7,0.26383855673421625,Q4_OOT,0
28,64013.35391608336,21322.44195768157,0,0.2720451626166934,Q4_OOT,0
23,59584.47130194081,39540.00186836383,8,0.0631745801515224,Q4_OOT,0
43,33309.6406988803,15056.644619260745,1,0.400647434047342,Q4_OOT,0
22,117471.68941899188,12080.414625308786,4,0.28914350211909046,Q4_OOT,0
22,21260.95588264487,42474.11924492166,6,0.13787596008955316,Q4_OOT,0
44,67593.15038782454,20063.12715469433,13,0.20703423723684924,Q4_OOT,0
66,73288.4343797629,21064.737654400666,0,0.10680995035399858,Q4_OOT,0
34,27242.588867985305,21199.10421532286,11,0.49234001394107596,Q4_OOT,0
42,30225.879048061033,12042.170159261372,9,0.36146748846805327,Q4_OOT,0
69,120995.81573699579,7028.4813319407185,3,0.10740243949018913,Q4_OOT,0
19,66789.63044128017,17878.59433779319,8,0.33606047753339385,Q4_OOT,0
34,44306.939405164754,10106.686971887026,3,0.11331880042531003,Q4_OOT,0
45,26418.11702004614,6296.033348084851,13,0.6856436485278983,Q4_OOT,0
49,20698.509926621842,12006.151826233909,8,0.2810751863656061,Q4_OOT,0
47,41030.75387950454,21510.86499389212,12,0.35529023510174174,Q4_OOT,0
19,76941.92394902284,6994.364307202495,14,0.3656891681572184,Q4_OOT,0
58,91579.33138804862,20786.547472551785,1,0.22372699096226098,Q4_OOT,0
30,23849.214116849333,25538.63845235405,11,0.6033084796314895,Q4_OOT,0
43,47810.30691506449,7711.794241766838,10,0.289706320042727,Q4_OOT,0
38,54185.23248081444,21158.567478418252,13,0.18430338948118535,Q4_OOT,0
60,87296.7833339557,6728.46876477286,13,0.1851152945156809,Q4_OOT,0
41,64738.658106830175,28842.888834310703,14,0.12398185495670923,Q4_OOT,0
61,58990.19456612581,21436.92786788674,4,0.5049682912465501,Q4_OOT,0
50,103920.25285555402,5462.497109857619,9,0.025125426648466648,Q4_OOT,0
30,51302.397100251095,17668.76047398023,2,0.5082624353379327,Q4_OOT,0
66,204689.14339277716,106387.54237658996,13,0.3198061037750836,Q4_OOT,0
55,22169.86758010526,9180.793190101198,14,0.07826711480183492,Q4_OOT,0
61,49738.21705966444,30910.29196615942,7,0.5533036970171029,Q4_OOT,0
23,39632.40294197884,9903.026873945786,0,0.3679471930781064,Q4_OOT,0
58,118329.33440350872,5906.889058300421,0,0.2162323300457853,Q4_OOT,0
21,172383.89103902422,9387.011406674468,8,0.07946443641695902,Q4_OOT,0
43,34379.01461311754,32648.07696773957,10,0.3913219845841078,Q4_OOT,0
50,22538.853954278246,31531.616051185556,8,0.31016093430295966,Q4_OOT,0
27,29745.619273995257,22133.893515835764,11,0.5375737399882191,Q4_OOT,0
58,39225.371182850984,13294.786318590455,14,0.25249144507162063,Q4_OOT,0
19,28879.761712521067,6047.723195697732,0,0.19648746472303935,Q4_OOT,1
46,23603.56021279797,6336.1474262511,13,0.28029933298721327,Q4_OOT,0
34,35086.19667015795,12690.56817566754,0,0.403110588547461,Q4_OOT,0
35,43954.514862335345,33634.74113434104,6,0.11256808572160341,Q4_OOT,0
61,51184.14441460326,13223.812855162585,7,0.17385813318998297,Q4_OOT,0
69,110457.9271258544,6048.538247156486,11,0.028137359128790795,Q4_OOT,0
41,61194.76715124484,21038.473162375587,9,0.32932990168271525,Q4_OOT,0
50,46887.316502691334,5573.470932985282,12,0.3608411110226988,Q4_OOT,0
66,124673.98506317695,20689.192899171518,6,0.21057858829581713,Q4_OOT,0
28,34132.75996790342,25024.65404172709,6,0.28694694140608856,Q4_OOT,0
39,35383.22209569438,35682.25868413647,7,0.20807766197138566,Q4_OOT,0
18,55582.7712734231,9964.891600165,6,0.5700231495948669,Q4_OOT,0
40,40270.46711280149,5634.825464469752,12,0.23691753611885716,Q4_OOT,0
52,52160.06714906651,25225.155927440614,10,0.23214296286522754,Q4_OOT,0
53,37017.6608509872,20560.354667329677,5,0.13930510855144868,Q4_OOT,0
56,34353.30330919957,16077.20681640479,8,0.5620705227154588,Q4_OOT,0
21,50330.74228554458,39148.06264444549,2,0.3290490680789333,Q4_OOT,0
62,78956.69092797564,6813.800024995755,14,0.42426320713473603,Q4_OOT,0
33,116505.23046378957,24015.827467150684,0,0.245210944398662,Q4_OOT,0
31,42944.2759945444,33701.116009496225,3,0.13579872921917022,Q4_OOT,0
25,106991.35182532454,19607.31832247969,1,0.08696954690116794,Q4_OOT,0
35,21569.519027456226,15390.437843222311,11,0.5695642668875339,Q4_OOT,0
40,99359.05805121122,9352.63876852967,9,0.45344811835861154,Q4_OOT,0
51,159289.5329203739,14120.657759088033,11,0.32982310541256227,Q4_OOT,0
56,57215.74404439106,50522.79587492914,10,0.15991068382673088,Q4_OOT,0
50,59432.3358562768,10076.263815324059,8,0.004857259227399091,Q4_OOT,0
64,96172.81674981347,15862.902582798442,13,0.6439005993364314,Q4_OOT,0
68,118207.55617178236,5699.460093753508,12,0.4143351671075375,Q4_OOT,0
34,31727.238850974674,8634.741157169154,2,0.2349863730442502,Q4_OOT,0
44,30170.951819208112,10893.563718183072,6,0.05586682277074716,Q4_OOT,0
60,176898.46735023623,16257.356781740114,0,0.11064581282370112,Q4_OOT,0
59,141736.6321967785,29815.0928168148,2,0.18537919172143108,Q4_OOT,0
69,59053.65957697714,14213.115227548093,0,0.045945111294785644,Q4_OOT,0
33,68492.59296059547,7559.481456752861,0,0.24257543161814984,Q4_OOT,0
51,28330.964286947223,31937.907321272407,10,0.23613901228235853,Q4_OOT,0
40,48002.83779817724,12825.004029131345,6,0.347763754152236,Q4_OOT,0
68,49185.26120149043,21321.582082452253,13,0.5330026098489098,Q4_OOT,0
33,112551.62902398565,55847.910780618266,11,0.2373623635527535,Q4_OOT,0
42,46096.7731646171,9539.857052674382,7,0.23032131951999488,Q4_OOT,0
55,112277.86653835616,15880.0367161922,5,0.5321296234174956,Q4_OOT,0
55,189358.14809059654,59824.48807516766,8,0.14357549693982527,Q4_OOT,0
55,136453.0529401948,9447.225175477875,4,0.3459639063106837,Q4_OOT,0
35,20288.981325886707,11358.480293730972,13,0.07892943286357655,Q4_OOT,0
69,87721.08287685804,8955.624197602174,13,0.1693606192750784,Q4_OOT,0
55,51668.68603009233,7012.230603159167,7,0.08308265910313443,Q4_OOT,0
34,456795.6011891106,27483.502731092365,1,0.22155384195985026,Q4_OOT,0
58,81986.62462794047,5988.254787993086,11,0.26874898787219115,Q4_OOT,0
68,76668.0158623513,13678.22559984213,11,0.10655461869316359,Q4_OOT,0
35,73129.11895131061,12787.878741663983,9,0.3781845154198669,Q4_OOT,0
28,96702.14054785232,6388.386960653376,4,0.20247724335211195,Q4_OOT,0
62,29126.871740316274,26333.498986716473,4,0.0562004217365734,Q4_OOT,0
36,62442.81083202463,12067.985967247983,7,0.29123813869048665,Q4_OOT,0
44,82103.49374269672,17566.143858220938,13,0.3255995814486863,Q4_OOT,0
44,70171.83370573379,15290.162263771115,11,0.31339666929226057,Q4_OOT,0
63,29101.162959138972,8163.457446616543,6,0.3095049956938001,Q4_OOT,0
48,78728.89700921121,57758.55925389009,8,0.11751860630595366,Q4_OOT,0
57,27677.89939674175,10235.482608622158,8,0.12826724259508254,Q4_OOT,0
52,45411.082445135464,12919.3278934139,3,0.4399526244286022,Q4_OOT,0
26,57757.358042563596,23024.75031817824,14,0.09140271909024716,Q4_OOT,0
43,47689.52405759315,26550.032735290566,2,0.15015762225519472,Q4_OOT,0
23,101450.2042798089,12660.3073686296,11,0.5246097186252734,Q4_OOT,0
62,108463.9514684176,51106.51371606644,11,0.4226872206162653,Q4_OOT,0
54,20099.37589404608,22930.15166533948,13,0.37381588219597633,Q4_OOT,0
47,34173.382734787374,7364.829898907132,6,0.35942290747672395,Q4_OOT,0
19,40230.355152719494,13560.783661376237,11,0.1489586004181041,Q4_OOT,0
67,83751.04720772376,31917.59153803957,6,0.6780916659643837,Q4_OOT,0
49,81621.88577131611,8632.316467708908,10,0.45299809860813706,Q4_OOT,0
31,21166.466672343027,21538.3487314076,6,0.14763789366279312,Q4_OOT,0
46,40089.203391029405,20631.361747414005,2,0.4109902761074604,Q4_OOT,0
54,35459.359326292004,15401.880687898902,10,0.2956444550750914,Q4_OOT,0
54,161575.4343623817,12734.303675055111,4,0.24029705543422705,Q4_OOT,0
41,51846.43913893272,11845.75565570035,5,0.04482281880272025,Q4_OOT,0
53,115257.47709968645,70856.26039509388,13,0.5719742500928185,Q4_OOT,0
69,24079.773325320675,19635.546898797802,6,0.6107993092361566,Q4_OOT,0
33,46492.510400321145,15293.478847524075,2,0.82719650870857,Q4_OOT,0
34,106685.7176728396,19076.5313862002,5,0.34708241773905757,Q4_OOT,0
39,93392.03999880294,20106.76352669054,9,0.1355332771662839,Q4_OOT,0
39,74347.2199278574,14796.489904356413,8,0.22316167271728365,Q4_OOT,0
63,105954.61263206736,46815.458226729424,2,0.5880767006016128,Q4_OOT,0
32,103696.39242592291,15434.002034933206,1,0.0714127455179657,Q4_OOT,0
18,36237.3555040334,18188.91212094448,7,0.19560235180428315,Q4_OOT,0
18,37766.22927135522,13716.20265313472,1,0.08285063847404556,Q4_OOT,0
33,34423.91548129559,6723.971345620861,14,0.0791063856724331,Q4_OOT,0
39,36397.868497202115,9316.385427978326,4,0.3184227896330332,Q4_OOT,0
24,103664.98179717355,14569.92832731804,9,0.12153132779699108,Q4_OOT,0
69,213594.07719016247,38082.68062896423,4,0.10045392684044625,Q4_OOT,0
65,50478.49769464998,14314.925743069392,11,0.3169829620118173,Q4_OOT,0
26,62825.47563711792,30733.573064486674,13,0.7368198233798015,Q4_OOT,0
27,53967.912507316796,7500.0285486693065,9,0.5633976410369708,Q4_OOT,0
40,91888.01438958748,21415.32522549368,7,0.06866723084639655,Q4_OOT,0
24,90474.53012387101,6919.15172795027,14,0.04164865928613046,Q4_OOT,0
26,83205.42094329241,6578.128099131088,3,0.1068387519367349,Q4_OOT,0
56,31155.560259871345,21177.82282373865,4,0.44631003688044185,Q4_OOT,0
24,147652.0250273018,15714.317674300017,5,0.29772086994413943,Q4_OOT,0
23,69272.80365372662,17242.070719480034,13,0.10674239985467203,Q4_OOT,0
42,103340.31567424635,6350.0186513607105,12,0.3665323551884894,Q4_OOT,0
56,139730.98595184577,24184.95343509613,12,0.27239180210774466,Q4_OOT,0
39,80277.44159479122,26399.167892562204,14,0.4531579793410274,Q4_OOT,0
66,22871.15301144233,9535.44601252213,3,0.25967179803761165,Q4_OOT,0
62,25632.211341837352,12093.71209849023,11,0.3377095344115807,Q4_OOT,0
59,84970.41392755022,35439.94518769339,9,0.3980666113437909,Q4_OOT,0
31,46269.20224431985,22112.52830450519,12,0.28578937490306217,Q4_OOT,0
43,134625.86293740457,24590.729557908195,10,0.5067750306261317,Q4_OOT,0
34,29639.80584949533,14657.946806527798,0,0.10970102893393238,Q4_OOT,0
63,62484.374325746285,13117.120750636677,14,0.07156440212996848,Q4_OOT,0
66,99450.48969574114,11029.837091730558,6,0.09158631236490301,Q4_OOT,0
58,44297.33036548383,66847.66951705833,11,0.7112220598243587,Q4_OOT,0
31,20217.414878215473,10098.091769908911,3,0.4005641825757344,Q4_OOT,0
42,36758.36186101493,43872.13194123498,2,0.47900811182632713,Q4_OOT,0
21,103632.0251781702,36386.88181859104,9,0.34495024186539414,Q4_OOT,0
18,26975.94786229825,8857.645843456317,3,0.29080334867616997,Q4_OOT,0
37,40290.797108189494,22297.17088413445,6,0.19537160325507766,Q4_OOT,0
27,29473.04496348647,16309.53825479139,3,0.05486286929268504,Q4_OOT,0
27,54693.49536057471,37921.10241839042,7,0.2998893281267648,Q4_OOT,0
51,38713.946352566534,12984.338415385322,2,0.21842586616724616,Q4_OOT,0
42,81638.2088752593,29811.002064998385,5,0.46380614083615446,Q4_OOT,0
28,91313.4107015194,22044.371073360915,12,0.33682244013572266,Q4_OOT,0
54,115176.95342483092,6023.2932412724895,7,0.5400385297303323,Q4_OOT,0
50,33446.43663181413,13921.603048528503,1,0.35878647251159734,Q4_OOT,0
46,30205.925585714336,15053.565118634619,11,0.21251867543291386,Q4_OOT,0
57,66616.88469633315,10332.713585836533,11,0.1436986402023926,Q4_OOT,0
61,48843.14345109732,43637.368074729566,10,0.5443090901345013,Q4_OOT,0
59,75114.83576276575,5413.777648015989,3,0.047952503544425054,Q4_OOT,0
69,29734.58346208012,41319.43639134038,0,0.28224034431326395,Q4_OOT,0
46,35118.78164607161,37551.7950899859,12,0.16697967430737387,Q4_OOT,0
43,48245.754955921366,17551.835241501525,12,0.5936229347754538,Q4_OOT,0
65,63174.32822286457,28592.814103443805,6,0.3886849035221833,Q4_OOT,0
32,50579.6257163486,15166.747179648866,13,0.15434293274886296,Q4_OOT,0
59,50640.376304215926,14592.400302746228,1,0.304444152989707,Q4_OOT,0
26,28805.890360676865,5649.190080118124,13,0.1596736225047264,Q4_OOT,0
28,80939.84275422282,46359.60975692323,9,0.1129865779570476,Q4_OOT,0
39,170262.7325421013,15348.803296466302,6,0.2519340475260149,Q4_OOT,0
18,21225.640221352824,7686.819989238435,14,0.3929052542128089,Q4_OOT,0
66,37188.44273232018,6108.224121175592,1,0.3866149418218599,Q4_OOT,0
39,23884.049700182313,10292.244342639122,6,0.27598777033872024,Q4_OOT,0
29,24563.66363561358,39258.04827943249,5,0.10250570319980806,Q4_OOT,0
62,25787.415835947508,15432.38276773742,11,0.24043697356480512,Q4_OOT,0
51,40476.86159282159,14263.676253665779,12,0.5134736135475854,Q4_OOT,0
21,215684.83040737195,15019.521476563306,13,0.17914915350656804,Q4_OOT,0
33,47003.49992780929,51890.576526126744,4,0.5988459888290673,Q4_OOT,0
43,143037.69699030428,28770.22306010971,9,0.2729553032934722,Q4_OOT,0
55,48774.82710052396,20433.502784963304,3,0.1615278943817651,Q4_OOT,0
36,40497.64952525381,9170.252707772022,12,0.16177840326100704,Q4_OOT,0
38,25664.740646998318,18340.592027923176,2,0.40357178524664544,Q4_OOT,0
67,24347.20541761788,9634.750273416172,11,0.2969355110253782,Q4_OOT,0
31,27865.45677463682,30104.28628107755,4,0.7708849271271191,Q4_OOT,0
38,123168.763493365,16970.905857632162,5,0.39483180258116907,Q4_OOT,0
57,54744.948207298236,56344.84827806677,13,0.1094863263429553,Q4_OOT,0
67,23996.92915154028,41533.545247635,14,0.3530611957980708,Q4_OOT,0
67,45036.53123748177,25608.234375467655,13,0.1482376675038336,Q4_OOT,0
31,24653.34185667593,12375.167450410165,4,0.05912450491859727,Q4_OOT,0
22,66107.16095850697,10840.696593574641,14,0.5219355071301176,Q4_OOT,0
22,66435.17115489079,23462.955479155615,12,0.13823214427625444,Q4_OOT,0
66,104979.13946123813,8890.087208167786,3,0.43593124414283946,Q4_OOT,0
49,129454.53956498143,22812.282061699025,5,0.15207633398082665,Q4_OOT,0
39,87316.8798348725,7731.072874930086,0,0.07163291957500015,Q4_OOT,0
42,42086.96421011378,31069.79756950589,14,0.5759055432165865,Q4_OOT,0
45,73413.9786017226,6926.310595395858,7,0.2607332350398096,Q4_OOT,0
35,93998.81646342884,15701.030971545963,13,0.21933072087607136,Q4_OOT,0
67,73150.80443256383,13186.808542771116,13,0.3349034491602401,Q4_OOT,0
36,43868.62929910294,24396.478957898373,3,0.20440639795795837,Q4_OOT,0
52,42087.48761242365,45027.9533887591,8,0.35111860660425764,Q4_OOT,0
33,79454.05836775257,24978.281336834265,4,0.09570189183053866,Q4_OOT,0
37,30158.738798435326,11335.152112724467,2,0.1832314310379054,Q4_OOT,0
52,54670.056490195086,20863.60064493155,12,0.24509818348000476,Q4_OOT,0
21,38218.911937611454,16360.613591239286,5,0.1515352381893492,Q4_OOT,0
50,78496.44967281446,7545.818266942221,8,0.4241950761184099,Q4_OOT,0
19,34475.59589594885,21008.032696605205,11,0.37529077013457396,Q4_OOT,0
30,189876.7903899608,18547.43307462109,11,0.38937325020151803,Q4_OOT,0
62,106400.40888573443,10148.57475179815,12,0.47310944507676833,Q4_OOT,0
47,48210.46344497065,9255.332434518155,8,0.7720193058817958,Q4_OOT,0
65,45927.253191935684,12748.195221525273,10,0.18023419600412863,Q4_OOT,0
58,112681.58028201868,17558.618420562234,3,0.39492784054770746,Q4_OOT,0
24,106616.73446023244,16226.658699123524,8,0.007825207358919159,Q4_OOT,0
59,87710.33512438212,8637.325894042759,8,0.11356508952402142,Q4_OOT,0
40,80742.94866704952,16872.834239837684,4,0.6812479447610315,Q4_OOT,0
42,40385.9048777179,32059.160614659922,12,0.2710708671723088,Q4_OOT,0
61,67784.7818428483,44488.2245329502,14,0.20914823200068844,Q4_OOT,0
31,45466.38622260005,24830.555319450617,9,0.07939798259382778,Q4_OOT,0
48,76314.09197043402,16681.53217839878,1,0.23810151672385615,Q4_OOT,0
57,176573.3234885964,13439.820917613952,3,0.5987915144401844,Q4_OOT,0
23,107723.32787539375,15200.303789134645,9,0.23109445554206967,Q4_OOT,0
49,55340.77081549097,5202.7746632957105,3,0.20890876546822568,Q4_OOT,0
62,50952.3694936762,16065.464597582692,9,0.5152728894273702,Q4_OOT,0
63,55099.08751817967,20670.206732756516,14,0.29118565826574394,Q4_OOT,1
28,69237.56257774183,8018.47465242649,6,0.16667263057598564,Q4_OOT,0
28,70076.73722265958,41467.18298919703,5,0.11208152160121125,Q4_OOT,0
66,20982.444932775586,16279.179886983264,12,0.34919998914100114,Q4_OOT,0
28,31866.012946259667,28515.16621774541,3,0.3409832098088183,Q4_OOT,0
60,90444.88329217334,19311.5196793284,3,0.1377395926767032,Q4_OOT,0
45,63989.07468791391,35120.5309932259,8,0.47566967538818644,Q4_OOT,0
42,95624.20593742024,9999.187210322527,8,0.3155410091354715,Q4_OOT,0
19,54225.15703894297,5105.079066618957,12,0.18434754192440236,Q4_OOT,0
30,136210.28959299374,18927.62592366113,10,0.24197016004832023,Q4_OOT,0
68,241335.19582284323,8939.384273069592,13,0.2569144984435088,Q4_OOT,0
47,63151.330464530816,7354.985882813937,10,0.5339652162002899,Q4_OOT,0
55,28667.352188680903,15496.739233712327,11,0.562126805083562,Q4_OOT,0
27,26126.304355060212,8048.553152163371,8,0.06172525349062127,Q4_OOT,0
60,52973.321361260016,7508.398921798935,13,0.2954497174848381,Q4_OOT,0
41,123500.95386049923,23633.712197962097,7,0.5846771132692931,Q4_OOT,0
53,54960.49739695235,15713.955542500593,0,0.09116583682098274,Q4_OOT,0
57,24642.58926129899,6994.442657981918,14,0.3868296101047932,Q4_OOT,0
21,99743.52412784616,19848.16591885961,5,0.47251346217450474,Q4_OOT,0
44,59532.11342777507,9125.995168223328,11,0.6016203478059311,Q4_OOT,0
23,130409.61215973496,7173.078753860089,9,0.08155719505905605,Q4_OOT,0
68,160811.83451847313,19511.46609051393,1,0.07787171811863582,Q4_OOT,0
58,88559.23596039372,6099.062019821787,10,0.36174242838575116,Q4_OOT,0
49,42322.98445508856,26297.471078864175,13,0.16641173379071206,Q4_OOT,0
36,89490.83492591597,40716.23845590279,5,0.09564946414809757,Q4_OOT,0
60,52145.12393051287,45066.137971896154,9,0.17455379147474173,Q4_OOT,0
60,30509.029474915522,13275.042435603873,6,0.2339331010325669,Q4_OOT,0
38,32246.344027268522,16674.686426994238,1,0.5126521175469224,Q4_OOT,0
27,38232.233339048755,16435.194593793152,1,0.27870579470511453,Q4_OOT,0
64,61324.604435314766,46172.68643801376,9,0.33963063777620056,Q4_OOT,0
40,115433.21827880511,12411.037606630842,2,0.18632412638202334,Q4_OOT,0
48,30046.082459736986,9391.519155676564,5,0.36026836233655857,Q4_OOT,0
69,29901.514184268966,10745.23379743864,14,0.1179783803970914,Q4_OOT,0
20,49469.860642185085,10784.126951862974,13,0.3223207504014019,Q4_OOT,0
50,41747.87551903143,46409.108214891785,12,0.5023881467892807,Q4_OOT,0
61,113814.11627246498,14199.628512512489,2,0.22769179180524254,Q4_OOT,0
69,37488.043214629135,13200.650725247759,12,0.22785999878618315,Q4_OOT,0
58,106303.46028195535,25626.73498582605,1,0.15187894017769327,Q4_OOT,0
32,21104.333971622094,50922.60753706117,0,0.17032267606458917,Q4_OOT,0
49,59559.03078659682,6021.503675925889,10,0.4405650692120238,Q4_OOT,0
50,32907.60377805358,10856.560332929233,5,0.018226416077708644,Q4_OOT,0
35,59206.43712426093,9246.322451727097,1,0.10112680947224476,Q4_OOT,0
50,26841.55378214622,16914.007758848013,13,0.17621723202398049,Q4_OOT,0
65,24221.784147519476,8857.62023801144,5,0.05862236395183417,Q4_OOT,0
27,34688.66215083266,40948.38179444224,7,0.24956849302203185,Q4_OOT,0
22,52938.87183741194,7524.88451787972,1,0.11405750168098051,Q4_OOT,0
55,57874.112512299704,21942.704266415716,12,0.38375443822088684,Q4_OOT,0
32,23235.352703168264,6081.580776924077,11,0.44431642047849973,Q4_OOT,0
67,44442.54926927191,12027.304461403284,0,0.2535267168698094,Q4_OOT,0
49,21058.390926615153,17029.279185728155,1,0.11017994070628938,Q4_OOT,0
61,290249.17592623434,51526.40641130115,4,0.2064124994033555,Q4_OOT,0
51,155705.60587303073,9707.206927307934,8,0.34498856893520197,Q4_OOT,0
31,36022.254214428634,22987.28015553522,1,0.18407318161892786,Q4_OOT,0
37,38887.64047601341,10322.418288399836,1,0.1610924460565891,Q4_OOT,0
26,21608.900020163317,63742.4452959592,6,0.26984849830808194,Q4_OOT,0
30,33889.693324034,6202.70891751286,11,0.13476902690512924,Q4_OOT,0
40,28406.844439387238,8825.687574611635,8,0.16864470592448624,Q4_OOT,0
57,35498.112341210246,22472.42336941016,13,0.24821660780737131,Q4_OOT,0
36,29893.262863616892,5728.874644478957,4,0.20287101664294616,Q4_OOT,0
45,57936.26103268037,19670.33774573578,6,0.0634787433070032,Q4_OOT,0
57,60352.405248616684,11346.10150939862,9,0.10038409272285424,Q4_OOT,0
31,20556.54233686157,8765.417331402605,6,0.04405805848377975,Q4_OOT,0
41,59861.218540304195,32200.607077714743,11,0.10596597756835366,Q4_OOT,0
25,166547.58162675466,10493.381744492981,9,0.2795560478451929,Q4_OOT,0
22,36435.57740741325,5284.118371806114,13,0.07608660312812257,Q4_OOT,0
21,27556.08691619226,13036.81494276629,1,0.30823517408334994,Q4_OOT,0
31,79748.6739857342,5851.560395017247,5,0.12712451818540424,Q4_OOT,0
48,268970.5691264707,8848.65446349461,4,0.12861069140753478,Q4_OOT,0
32,95196.1251994948,15693.378973073484,14,0.15047494313577597,Q4_OOT,0
53,20711.21155525345,43355.23146421105,7,0.24917035352016872,Q4_OOT,0
61,99385.98819724115,11096.670461385236,11,0.08012509516242357,Q4_OOT,0
33,39024.262170016555,28104.30214135656,10,0.05796479251806766,Q4_OOT,0
53,31545.27845984201,6668.134365088136,13,0.42129905337859974,Q4_OOT,0
68,58061.61676937948,5787.58529231364,8,0.13470778045399415,Q4_OOT,0
20,91334.22428316034,19204.42009696738,12,0.43092171501999577,Q4_OOT,0
59,78098.88319134149,57311.664662484705,13,0.19574634490666973,Q4_OOT,0
23,56731.879007918724,10909.487190996242,8,0.24840332042117214,Q4_OOT,0
37,59340.56311182458,25829.03791384289,10,0.5843386899345362,Q4_OOT,0
43,111162.92153715914,15607.162168818233,8,0.2019663202320962,Q4_OOT,0
40,34544.63501913824,24362.981516269163,4,0.1838600204223689,Q4_OOT,0
40,53763.60329509401,18464.335853681718,3,0.32199873684648167,Q4_OOT,0
54,132197.99425507215,33792.72887926795,6,0.03933500345497978,Q4_OOT,0
39,124977.25060774916,7479.426675036206,6,0.44517523039201523,Q4_OOT,0
58,20080.361907759652,7338.280916513711,9,0.06268143672589072,Q4_OOT,0
61,105435.92423264465,19231.054851558863,10,0.44355184875562875,Q4_OOT,0
65,32991.452090424515,12018.440322010249,9,0.3708406179177458,Q4_OOT,0
49,40684.04644291416,10890.661671200945,9,0.10478168667087817,Q4_OOT,0
46,98890.62358324745,8001.936663165721,9,0.41492285158083436,Q4_OOT,0
63,104755.5874594862,11974.32698947729,3,0.2888548698455499,Q4_OOT,0
31,39214.73894279514,10220.80657655652,1,0.23756673852745178,Q4_OOT,0
68,132827.48661659987,5716.377448301472,9,0.16197340930840923,Q4_OOT,0
32,265854.6348143665,19414.80547624689,5,0.35409011120907646,Q4_OOT,0
48,151299.95356978182,19887.990485554503,14,0.10258953894999219,Q4_OOT,0
33,108748.60910058417,7952.837140728558,1,0.3692283247891421,Q4_OOT,0
36,96568.23468446548,52937.665049835676,14,0.2340698686647194,Q4_OOT,0
48,53014.3111660737,6620.586330607888,8,0.08502562949282291,Q4_OOT,0
65,178391.65554337183,8441.048054111243,0,0.36476438178485643,Q4_OOT,0
47,43058.58228675062,5696.176204860989,8,0.2969674275718539,Q4_OOT,0
25,52915.65412908184,5605.0359830779835,11,0.3104759874544593,Q4_OOT,0
64,58793.237927903865,13811.016173398832,13,0.1899887234436816,Q4_OOT,0
28,79510.0870853418,17546.289323795798,9,0.17333107587972174,Q4_OOT,0
67,20575.93451120387,29015.75029618002,11,0.30867718093726304,Q4_OOT,0
64,24831.980464741933,5786.207305287835,3,0.1642798742847535,Q4_OOT,0
35,336899.04535980645,30278.88306835822,2,0.29865042653729773,Q4_OOT,0
45,51343.45500041875,14167.6268015859,6,0.5538393289762168,Q4_OOT,0
18,29235.794541091454,7710.510922304687,9,0.321609154887537,Q4_OOT,0
46,33345.3199104235,14426.742817092663,6,0.2855782518479552,Q4_OOT,0
33,109228.0494977976,8018.109729966312,13,0.5982338249823741,Q4_OOT,0
40,35174.993178058925,25015.831462099253,5,0.22002819246858382,Q4_OOT,0
65,89814.41874125697,5850.853233648636,2,0.1532040922403117,Q4_OOT,0
67,31679.067783018963,11351.446253787271,12,0.6720972147244814,Q4_OOT,0
25,26359.080834136203,26114.103518724,11,0.18198124049837208,Q4_OOT,0
36,33036.55438085909,6488.785152031043,1,0.2563406689700769,Q4_OOT,0
64,59518.47349257021,7527.371686167825,12,0.17151871505896307,Q4_OOT,0
48,147706.82629124488,7386.2213755609755,5,0.15794043064429578,Q4_OOT,0
23,44539.73199548654,28479.961942359725,9,0.34484430093998075,Q4_OOT,0
26,72165.86783818467,25668.232723994624,12,0.3331320870248078,Q4_OOT,0
36,36790.36145615886,39977.87836207181,2,0.3348556469508467,Q4_OOT,0
44,30228.49921413748,47137.640080406956,4,0.18682434410941343,Q4_OOT,0
55,75494.80887471669,57306.806063925054,7,0.18460634734466935,Q4_OOT,0
24,56623.854500537534,8451.366694011216,1,0.2950802901835371,Q4_OOT,0
49,62288.66032367737,8000.228218123504,2,0.21358052971060928,Q4_OOT,0
36,31492.156391634453,17229.845099426413,4,0.6244984351867727,Q4_OOT,0
61,41756.90570046784,5490.735961672939,8,0.12924202982610694,Q4_OOT,0
65,119866.79251630002,22059.385765020794,0,0.26400795899366575,Q4_OOT,0
44,30283.594455919287,11880.474577962683,7,0.08518088660761658,Q4_OOT,0
62,66353.31530094531,24397.967353719938,9,0.2843413168789184,Q4_OOT,0
24,22154.3576919767,9031.494514504848,8,0.17470009190612992,Q4_OOT,0
67,51622.20334607271,27415.381358294493,3,0.33281066835111434,Q4_OOT,0
37,86373.76373903928,32164.315495908595,3,0.4225561185648322,Q4_OOT,0
19,50989.27821096748,12862.652895504561,3,0.24497562301449344,Q4_OOT,0
66,37670.138700426076,26931.05083016006,2,0.5144924281673459,Q4_OOT,1
58,33862.720358769075,13552.309721377089,14,0.43221134485622087,Q4_OOT,0
18,87696.39048574801,5494.55348460488,7,0.10758117285317223,Q4_OOT,0
19,99797.86919010707,33933.27352921119,6,0.29339352447404443,Q4_OOT,0
31,72775.29954649805,34670.30994089773,13,0.16341746355991887,Q4_OOT,0
53,22028.473324203143,40598.81866913678,4,0.09714607584488365,Q4_OOT,0
57,63889.95979385736,5354.1878876156225,8,0.13978888819181512,Q4_OOT,0
31,29891.29842201924,29045.30055988295,4,0.3366971677794451,Q4_OOT,0
37,22640.839034986922,6405.0147259333435,8,0.48112270920254074,Q4_OOT,0
25,24948.253663054544,9316.615948094506,14,0.47323040757933693,Q4_OOT,0
63,42575.695618048165,61264.77977820819,8,0.3978196012350718,Q4_OOT,0
57,30315.860932359366,13497.595614805652,7,0.15877827459646449,Q4_OOT,0
58,34436.79103916778,5331.927500408321,3,0.2066225649464772,Q4_OOT,0
44,76438.92154274922,13571.90440515724,2,0.42993728986478397,Q4_OOT,0
57,126514.96130838867,11478.278828021423,7,0.5170480014740904,Q4_OOT,0
54,157422.82824767235,11005.989463018872,2,0.059375691613873495,Q4_OOT,0
20,28001.309156187144,7601.177611946212,3,0.20270131732330507,Q4_OOT,0
31,81503.00834775397,32287.883485623526,0,0.49368072180604256,Q4_OOT,0
18,113939.29482370311,10879.14277802057,8,0.11185745863505728,Q4_OOT,0
67,43147.801912764946,12272.907440573312,9,0.37474226133169275,Q4_OOT,0
27,39451.121375539675,24848.576032162415,11,0.18823899430735888,Q4_OOT,0
29,118403.26610549803,14916.933903584486,10,0.7485823008372715,Q4_OOT,0
66,62849.67303861268,7807.158311639154,11,0.2798498805196695,Q4_OOT,0
32,29279.782068167693,51613.05102967376,6,0.24706300347226784,Q4_OOT,0
68,33812.33612607776,29640.532014743945,1,0.1610553212619549,Q4_OOT,0
25,29174.44109078091,50280.50323825385,14,0.3038595878212469,Q4_OOT,0
40,46894.94708233322,25862.232595277645,11,0.19892933359228548,Q4_OOT,0
56,115539.95517011182,6526.473469920187,11,0.2411899644202895,Q4_OOT,0
39,20255.571521080117,26385.026999967726,1,0.303749169146433,Q4_OOT,0
18,24703.30789763336,23436.446692153262,0,0.29673336141533796,Q4_OOT,0
43,56166.324705828636,28854.616149155907,3,0.2948855292662518,Q4_OOT,0
55,39641.57546205336,37259.80851710674,3,0.26083700433710455,Q4_OOT,0
27,45423.18680480511,17647.47437036006,0,0.35114017016339666,Q4_OOT,0
45,78130.92817662747,7500.823706871153,4,0.6139485737283356,Q4_OOT,0
29,25123.83995469602,35881.36145248657,5,0.5240726860504115,Q4_OOT,0
19,105368.5127769684,23019.295631565612,3,0.16879488534787773,Q4_OOT,0
18,25448.90969360427,13341.619518332722,12,0.2744504483123959,Q4_OOT,0
48,98388.86008730732,9137.112778006647,1,0.19429696670142713,Q4_OOT,0
36,97931.02229685687,23563.631501960943,13,0.36968572561861224,Q4_OOT,0
29,113065.89135282143,6957.275606648059,8,0.40133842753473326,Q4_OOT,0
48,60336.81652394632,47439.646637162616,8,0.054271902258250966,Q4_OOT,0
40,54360.340585695114,25658.56426944631,7,0.47960404639691223,Q4_OOT,0
57,69453.93800456612,7843.511339694571,2,0.08751147211679677,Q4_OOT,0
23,22859.663081762785,8764.668922550725,3,0.11468145977780589,Q4_OOT,0
26,60077.218969082016,46433.27567150589,6,0.34519418227026893,Q4_OOT,0
24,40496.596438930545,9279.856313343698,2,0.4498891029829086,Q4_OOT,0
21,65527.47445050534,17700.18161405916,14,0.13737479885105222,Q4_OOT,0
41,208257.68559833238,11825.250808153385,14,0.011526015307555221,Q4_OOT,0
38,79051.8674508589,33843.626427462485,11,0.31570853796536236,Q4_OOT,0
21,72971.4576182919,44378.19887258314,4,0.4482463521440118,Q4_OOT,0
21,43963.810867658154,27571.39491875133,0,0.2080415377135982,Q4_OOT,0
40,78053.0367209215,22981.04777192248,12,0.11408692636913202,Q4_OOT,0
62,50542.70783419193,22601.2150228222,3,0.3974079729553943,Q4_OOT,0
18,41903.6354856691,29525.00209110747,11,0.3905580368209115,Q4_OOT,0
51,49852.82450959568,18263.861645185338,2,0.45713506655914565,Q4_OOT,0
37,22494.81973839966,7831.749738656664,14,0.25706059563856126,Q4_OOT,0
54,89499.89501276474,9937.476084408572,4,0.31369795590428007,Q4_OOT,0
56,92328.9837569333,9588.458795867808,9,0.5405284866358397,Q4_OOT,0
41,35744.18101568442,31976.14871411861,14,0.2642701095163408,Q4_OOT,0
69,41529.10725607544,25786.697696903295,5,0.08806568370334898,Q4_OOT,0
21,21853.408976690847,9622.775562912851,8,0.488845482697725,Q4_OOT,0
31,46280.241213382236,47200.50801282852,1,0.0795148935826546,Q4_OOT,0
49,132208.10292147798,11867.689987577378,12,0.2877675529483689,Q4_OOT,0
26,449056.7388668098,12968.452344495134,0,0.4400569657120305,Q4_OOT,0
48,68332.98716816053,10436.876295670772,3,0.2719915241162644,Q4_OOT,0
28,86611.78007958352,20471.14878525574,6,0.08997964350345425,Q4_OOT,0
69,31085.129816893168,5935.93036258138,9,0.12245630968755851,Q4_OOT,0
20,35088.098444382085,44426.5271406515,13,0.10420657174760153,Q4_OOT,0
30,67159.50473192055,15816.66319194153,9,0.08494290081760651,Q4_OOT,0
69,54034.189959599826,19225.50371737741,14,0.48340790347557966,Q4_OOT,0
24,43174.80596908281,14537.162829205547,14,0.785467049140022,Q4_OOT,0
45,54316.93006457886,11078.401982852178,14,0.18476646465056773,Q4_OOT,0
34,127239.82271050921,18796.40271830433,7,0.26578276976665977,Q4_OOT,0
45,77023.92136807617,26527.529328287103,0,0.055149838734309425,Q4_OOT,0
46,47121.67921263624,21298.217031306074,0,0.21755228867578166,Q4_OOT,0
67,72246.03993161868,13053.922944157981,8,0.6235959819309226,Q4_OOT,0
38,155523.2866411194,32591.0077522919,5,0.48626287210822144,Q4_OOT,0
38,58665.83643073225,6443.193794643965,14,0.3158231820697872,Q4_OOT,0
58,42746.55138696353,22657.33891691782,13,0.2578561282349485,Q4_OOT,0
55,126998.39753057268,10606.879552359,10,0.13262954970752933,Q4_OOT,0
69,48817.1572761821,14529.243570690747,12,0.06231578405201039,Q4_OOT,0
63,39202.98675857281,43847.403830116775,6,0.12884472431421864,Q4_OOT,0
56,141380.41439693794,32630.86495965716,5,0.43667204229508666,Q4_OOT,0
48,71146.52475441349,7652.317027072351,13,0.11567891146148364,Q4_OOT,0
51,20444.909039841732,17215.983119675162,9,0.19853819386094676,Q4_OOT,0
57,54491.83621157019,8100.696144559473,0,0.29630508529810035,Q4_OOT,0
34,21709.66960743435,16065.863303435723,6,0.3179400738809849,Q4_OOT,1
37,36371.05210811679,20930.278639065724,8,0.012822483639733078,Q4_OOT,0
23,29893.009747769844,21051.649024017242,13,0.14871176116010995,Q4_OOT,0
27,51287.0732367754,5653.144899021083,9,0.5084941054404736,Q4_OOT,0
42,30453.84036359562,30594.310012678947,3,0.2468773968043316,Q4_OOT,0
56,33027.85501028362,7064.1173551395495,11,0.5422915570191824,Q4_OOT,0
69,24068.904976943402,19343.378648147576,1,0.09024878797769563,Q4_OOT,0
67,49714.53886310486,51708.1479683782,2,0.6062097246251968,Q4_OOT,0
25,67089.27857093263,14901.499213039038,4,0.22482588097453832,Q4_OOT,0
46,97315.40700065551,39110.97437667321,2,0.07449765516915008,Q4_OOT,0
59,60551.50259088375,7196.556968435913,14,0.36392924410716754,Q4_OOT,0
52,70747.81175129052,16330.709004686318,10,0.40950331080384406,Q4_OOT,0
45,48648.374649075064,47134.281968732656,8,0.4924937172669875,Q4_OOT,0
22,38768.36225617599,11532.529945707953,8,0.12383573566928273,Q4_OOT,0
52,73024.10072220169,20674.756085471476,7,0.09365233923630628,Q4_OOT,0
44,33036.85596183866,23930.272621604243,2,0.10888058965859211,Q4_OOT,0
39,93594.55253239347,6771.895300318116,1,0.24980948154503815,Q4_OOT,0
25,45447.88512065165,46140.030376323586,0,0.411272417927844,Q4_OOT,0
69,32682.02257545425,18131.28849141328,6,0.1744173899390903,Q4_OOT,0
44,21208.815629074328,39720.07886261301,5,0.30294368487501827,Q4_OOT,0
44,79655.48002835482,16901.380408145043,14,0.27771008009804377,Q4_OOT,0
38,58510.62654905273,11689.803609854018,3,0.13212069107259747,Q4_OOT,0
23,109597.64009076328,29656.217416319796,5,0.181021629955823,Q4_OOT,0
48,153045.1401899123,11602.87420140838,12,0.30755573457153035,Q4_OOT,0
50,64374.0965638358,30376.678945847332,4,0.4276838682781769,Q4_OOT,0
27,116607.35998489248,7311.133574927406,3,0.40530384518710566,Q4_OOT,0
35,141087.2709171214,34885.79600771074,5,0.20406099136061143,Q4_OOT,0
34,76556.1231912408,28557.09282467063,14,0.2699376804552307,Q4_OOT,0
25,25524.61962072544,15404.625726310402,8,0.20501819734642893,Q4_OOT,0
63,79060.02662506874,10452.22601073412,0,0.06190198669219673,Q4_OOT,0
64,24925.687701578772,9341.6995821307,13,0.1320246225293324,Q4_OOT,0
36,28747.607449629897,7160.117144414557,14,0.3649138373656049,Q4_OOT,0
19,76491.53770284871,28273.2834476501,4,0.43043251844742725,Q4_OOT,0
46,84572.21405273309,17795.81136697714,11,0.5469490034506291,Q4_OOT,0
21,113497.76130719396,21142.824508244896,8,0.4440100790708303,Q4_OOT,0
27,71220.55775909679,42279.525695820324,2,0.44454707266696175,Q4_OOT,0
58,41274.25306823812,6784.427195558725,4,0.5546561857789933,Q4_OOT,0
61,58247.91473841664,11781.990867508073,7,0.39169195734792644,Q4_OOT,0
38,28302.431351528903,33883.520682304836,2,0.3689263771166768,Q4_OOT,0
63,356414.87839127507,29507.886199615292,7,0.2147120593266127,Q4_OOT,0
43,44445.18877805749,11639.990932937058,13,0.3037408474913031,Q4_OOT,0
69,36730.97281271758,16133.85560611784,0,0.29780147347259506,Q4_OOT,0
65,134422.4197744999,8493.8013626607,6,0.28290410781448855,Q4_OOT,0
51,51845.32628423582,27544.380791983713,5,0.37733572351829064,Q4_OOT,0
37,74206.61216458493,21941.48467265546,13,0.24356521558785615,Q4_OOT,0
46,87065.45649149043,5069.671477377704,4,0.529412701573458,Q4_OOT,0
43,46130.547986486825,5060.578251707533,9,0.2568307686481909,Q4_OOT,0
54,33200.507981359704,22424.328439479388,12,0.10116013361845967,Q4_OOT,0
43,86483.34403994403,21333.493683329463,7,0.5651922811404433,Q4_OOT,0
46,113972.90239749693,6860.779476588429,8,0.04255851785761122,Q4_OOT,0
44,57311.282905972075,32967.47709701212,4,0.2864332868181143,Q4_OOT,0
66,22598.56359104886,13398.644776140745,9,0.3373486283515883,Q4_OOT,0
27,137245.58378299588,7159.723511369966,2,0.21041797013006858,Q4_OOT,0
40,21017.516765532637,48359.47803357086,5,0.3568636297991614,Q4_OOT,0
50,22243.382100133673,22579.20491405528,1,0.34238043304147436,Q4_OOT,0
52,33909.64808285353,28362.134277143778,9,0.16609048722553,Q4_OOT,0
30,32102.583595417444,10724.323007871131,14,0.16803596913867136,Q4_OOT,0
69,21890.4023281188,15898.938889510897,11,0.15149104992308546,Q4_OOT,0
44,46604.92327871725,50135.554917719164,11,0.06405566877205557,Q4_OOT,0
56,172276.6444138135,6711.526624046336,1,0.11715465030016943,Q4_OOT,0
30,268431.3628397339,15886.094464899206,8,0.7086916887046867,Q4_OOT,0
35,86677.28713750961,23707.99597664978,1,0.529763312258468,Q4_OOT,0
69,75100.98547451584,10014.787119770672,4,0.5845106297930333,Q4_OOT,0
42,29627.09955508056,27665.077774052854,4,0.47436138422774166,Q4_OOT,0
36,99246.77272106834,6006.720681554784,6,0.3644514043313607,Q4_OOT,0
69,33505.15726800857,17061.36067217846,2,0.07388375695576402,Q4_OOT,0
67,35322.80673146453,26219.032905704164,4,0.22572489737266352,Q4_OOT,0
56,41492.33518711245,32936.16163283416,5,0.08018304113631021,Q4_OOT,0
40,109505.02133071776,40842.44324281051,2,0.3243848641649965,Q4_OOT,0
60,37811.932790998384,8765.920523098419,5,0.45071615548161165,Q4_OOT,0
68,80812.66604053721,7830.867247593571,12,0.019017333927481252,Q4_OOT,0
56,20568.79991291316,20108.613512537682,9,0.1380157616750096,Q4_OOT,0
33,57067.05226843848,9861.2788803943,13,0.5828159111927919,Q4_OOT,0
44,67733.03460245271,14308.97208955066,5,0.2778251874081433,Q4_OOT,0
33,46972.36144649861,12720.723327755593,6,0.3883235364208149,Q4_OOT,0
32,84967.89203632667,5633.803046481584,1,0.3675849314557177,Q4_OOT,0
59,49641.38168316311,6040.284824682606,11,0.34828090885516505,Q4_OOT,0
63,87288.20499508473,58406.43150999522,0,0.20904819435801922,Q4_OOT,0
51,277410.084121395,19594.61450000514,13,0.2777139540986538,Q4_OOT,0
65,35224.209624735166,15127.488409217223,9,0.11461532022833427,Q4_OOT,0
69,23757.1031396648,19882.03572669603,8,0.3269198424601412,Q4_OOT,0
40,24872.523673733813,21635.13464543718,14,0.02277733593552408,Q4_OOT,0
30,36337.47200212375,21952.540329366057,8,0.280733438080387,Q4_OOT,0
66,46531.94149032017,5157.23113811992,11,0.34683675128803626,Q4_OOT,0
54,20568.51138160918,17331.20467596103,12,0.3954660145748717,Q4_OOT,0
50,190451.27583557257,25011.297572254567,4,0.16275698351922172,Q4_OOT,0
47,51695.8076623487,8698.944452057629,1,0.7406790918791009,Q4_OOT,0
34,73161.52779146365,9300.155390593736,2,0.35987866830379966,Q4_OOT,0
36,43133.46534462209,6669.536966319899,13,0.1182916487439486,Q4_OOT,0
20,56759.02349739629,27632.013058972494,2,0.29649198703081353,Q4_OOT,0
64,24534.9827513439,53675.77721629848,5,0.343390908592305,Q4_OOT,0
19,148940.57053728687,17598.894261459056,2,0.42872286456431963,Q4_OOT,0
43,92261.86489396237,34213.34507560343,4,0.3844279155599168,Q4_OOT,0
40,85997.74187629335,47956.21645924862,14,0.4611065958191272,Q4_OOT,0
36,21823.005844521296,7322.355720434041,3,0.37941067597525036,Q4_OOT,0
44,47456.14327237886,10013.013814989217,4,0.20857095045334573,Q4_OOT,0
53,124780.45993288186,32820.23465934336,10,0.2574015027829578,Q4_OOT,0
23,37044.57870724382,16850.07071014266,10,0.2640902913217122,Q4_OOT,0
25,38133.02864432585,10568.931068702419,0,0.2866460139027154,Q4_OOT,0
38,90766.73590936216,29994.552570535085,1,0.12938328989926015,Q4_OOT,0
48,44049.36806395724,8219.141989776277,0,0.19886318352174415,Q4_OOT,0
53,40165.0217766997,42311.806292537585,8,0.3958586118769283,Q4_OOT,0
44,98309.17038548582,23389.261582974374,14,0.07175154184353602,Q4_OOT,0
40,54978.58643057574,17799.116789390544,2,0.16895856755217656,Q4_OOT,0
38,229940.73740073876,18847.506567941717,12,0.17471825399507868,Q4_OOT,0
54,35857.84335839871,6398.857614101286,7,0.31651711648499004,Q4_OOT,0
56,47165.594337029215,8648.346103937713,1,0.08266586631421459,Q4_OOT,0
40,114991.23231180244,17778.887056340915,7,0.6233796200903905,Q4_OOT,0
35,56704.08115980102,15617.014286549607,8,0.25132979499948455,Q4_OOT,0
63,43591.647058694245,28090.5194645021,10,0.5261099515895712,Q4_OOT,0
63,68867.32401937818,16138.663354806375,6,0.17869644934768614,Q4_OOT,0
57,163705.84861216988,10463.11350691865,0,0.10157191592073758,Q4_OOT,0
55,64305.233497881716,25903.975456849937,14,0.21322877913647623,Q4_OOT,0
65,59155.02820712802,15123.565080691638,12,0.3112000020759221,Q4_OOT,0
25,20985.35040461786,12606.88362762835,6,0.54923517536644,Q4_OOT,0
30,23818.828109199534,39997.098407968486,5,0.3646740519419785,Q4_OOT,0
57,32192.20677689251,31568.415250091086,0,0.09182178746423918,Q4_OOT,0
41,43337.90970600175,7904.198091132171,0,0.13541035082901662,Q4_OOT,0
46,77230.6617127617,13609.074355435814,11,0.31353651456695913,Q4_OOT,0
43,33472.095892437654,10849.02203987191,14,0.2732640414466408,Q4_OOT,0
66,78075.97546451187,30473.564652986286,1,0.5143262845573753,Q4_OOT,0
58,95657.06595735942,11542.310623501446,6,0.18467863789107974,Q4_OOT,0
21,53732.384590845635,5594.567408068048,9,0.4479930796251968,Q4_OOT,0
63,86231.79262807943,8976.565241771987,5,0.19001656591495908,Q4_OOT,0
26,111341.8302265907,38656.31136575703,7,0.4051324879983774,Q4_OOT,0
50,29265.962366107306,17893.39868134866,5,0.44319871755246093,Q4_OOT,0
59,80711.33314043295,12861.609235492055,3,0.45833136944470537,Q4_OOT,0
38,25831.943884806977,51573.272514596254,1,0.07434453723547471,Q4_OOT,0
42,27130.308341327003,53219.949963710074,11,0.22814918577046872,Q4_OOT,0
38,22511.834545947415,26849.547059271994,6,0.14340012961724805,Q4_OOT,0
28,32283.802393611037,12193.776275762188,0,0.2670519256392991,Q4_OOT,0
41,67188.83125105783,14725.656914592015,14,0.2933136953303961,Q4_OOT,0
60,40633.00108031245,8198.365986920078,4,0.38564037598295753,Q4_OOT,0
54,100350.05584077342,24275.806529982507,12,0.37000460523165274,Q4_OOT,0
44,33934.847871872174,13454.617898523404,10,0.14441098583254955,Q4_OOT,0
47,25733.519572786674,55475.97128200286,12,0.21971764322037218,Q4_OOT,0
42,30787.377718870383,21379.017533779435,6,0.23897802198829207,Q4_OOT,0
49,45999.181141693116,14056.54944605137,2,0.1561890919361628,Q4_OOT,0
48,33457.48389597983,20814.68766084486,14,0.12044498622058923,Q4_OOT,0
27,27881.42346779511,16159.076321578423,14,0.23512350169085877,Q4_OOT,0
63,22138.034709394266,32901.48022364604,2,0.032102408388019296,Q4_OOT,0
43,51954.75845887421,14639.62488026854,3,0.4748182758039756,Q4_OOT,0
35,20910.747657350825,24554.312549399438,12,0.13770603340674195,Q4_OOT,0
65,115580.89311822705,6606.242094432903,5,0.20117461421853408,Q4_OOT,0
52,40351.718838326444,5561.742022579363,9,0.4045280229578402,Q4_OOT,0
27,65212.0876496178,13012.816317840065,2,0.19032983057350336,Q4_OOT,0
44,93914.72312168381,14979.993635642386,0,0.5995317039440806,Q4_OOT,0
40,42190.48757578963,5202.307095132845,9,0.4168699322478295,Q4_OOT,0
61,94264.06603177288,7688.692485032667,3,0.11982149968212936,Q4_OOT,0
41,53072.42937977378,16020.158594851517,7,0.4534177232307081,Q4_OOT,0
34,25376.683131310954,53330.17947654442,7,0.018728651592694077,Q4_OOT,1
61,21826.745546615504,13076.654367145013,5,0.24271484297450419,Q4_OOT,0
45,112359.4652843846,15849.48908242837,9,0.277426165270219,Q4_OOT,0
44,63299.096099274604,15135.70116831997,5,0.3501155698277723,Q4_OOT,0
23,29089.8090516194,21471.94604313926,13,0.3989299593507688,Q4_OOT,0
22,67683.39443745755,6156.847319423372,13,0.14296780752120353,Q4_OOT,0
24,32731.549229360207,15014.444753850245,13,0.36044873199207006,Q4_OOT,0
21,34153.238378394315,22398.80803692828,9,0.10438391425547847,Q4_OOT,0
32,45834.28115168857,27401.484933494245,3,0.5629253034662137,Q4_OOT,0
23,130603.63067251045,9966.295051816105,1,0.14555843616042782,Q4_OOT,0
22,55770.06116212338,13301.894217002946,4,0.19123589896343177,Q4_OOT,0
18,156628.12974962816,5621.296293639421,4,0.17826163286008131,Q4_OOT,0
64,25370.559480772743,29316.072872194833,4,0.12651322873180568,Q4_OOT,0
59,39713.36998337344,22311.24640113048,12,0.3050580745255632,Q4_OOT,0
26,20272.24780347588,14638.31730537101,2,0.2825518659635675,Q4_OOT,0
61,244804.39678032335,25106.70516540694,5,0.168649348788175,Q4_OOT,0
23,23497.451314865917,27107.26758934646,10,0.02441698880924371,Q4_OOT,0
31,193693.6655731508,25822.56648648283,7,0.5541042908565127,Q4_OOT,0
50,61717.689377229835,19826.532917090393,11,0.1864871790319714,Q4_OOT,0
18,215298.6322351099,5319.054285247423,5,0.2403684248656325,Q4_OOT,0
32,24018.451640996067,6909.426300727284,0,0.49705745863600176,Q4_OOT,0
61,222058.3912399327,8606.859818504832,12,0.5705096217994697,Q4_OOT,0
29,20523.278001978684,16708.04860723536,12,0.2159884861515975,Q4_OOT,0
47,109573.1655740452,28555.08806317499,8,0.030705703395526175,Q4_OOT,0
49,20050.831375837442,7917.893855048419,6,0.2544127965245086,Q4_OOT,0
60,63507.012256138114,7919.1314254508,13,0.03529673423434423,Q4_OOT,0
20,35150.67997895879,14215.178976019157,8,0.41460738251995094,Q4_OOT,0
60,27241.00562278386,10051.407706973288,13,0.3672463151183572,Q4_OOT,0
53,130658.74238490961,29410.30866221463,5,0.03987597306585365,Q4_OOT,0
20,33089.20068908583,5127.410947611427,14,0.37611425336895266,Q4_OOT,0
27,38549.050052100705,5264.739098687831,4,0.45844330164802355,Q4_OOT,0
35,52528.28763143925,9559.431729274585,0,0.0664623946625745,Q4_OOT,0
63,60491.15512245145,12543.608797881241,9,0.33184940272643454,Q4_OOT,0
52,57634.729645934734,24032.571192749278,9,0.756880179831196,Q4_OOT,0
68,108897.83942211622,13771.469317627867,9,0.636869022352247,Q4_OOT,0
35,74844.00034056802,29344.277744657287,13,0.35086744200448955,Q4_OOT,0
62,66572.19621528659,26979.607451079286,4,0.1534020215766242,Q4_OOT,0
68,105246.15074478905,20782.460824900805,12,0.3837366224356046,Q4_OOT,0
52,66263.47901058612,34513.21586359112,10,0.1945840415443748,Q4_OOT,0
41,194768.7653251661,7265.577744432562,1,0.4992297651060824,Q4_OOT,0
24,49631.755014661256,21261.818713138626,11,0.6191311711507252,Q4_OOT,0
34,74597.79376562528,33289.898907861876,10,0.12753929850161935,Q4_OOT,0
19,55785.736569140936,16423.405095782866,1,0.3966549529004733,Q4_OOT,0
62,45793.24841255531,8738.27177750254,5,0.2010145517212933,Q4_OOT,0
23,29593.031174077245,35680.35726329879,4,0.07910587727844198,Q4_OOT,0
68,68397.28670349068,13980.43638685925,3,0.3330329795652798,Q4_OOT,0
53,189039.08135947204,6374.238843762343,8,0.26696854262790914,Q4_OOT,0
53,34101.39065990213,9848.588179885712,1,0.22516545980279323,Q4_OOT,0
18,47662.27275498916,61168.94873191496,4,0.11870908011028086,Q4_OOT,0
68,296852.5554415382,21105.70206905337,9,0.36015471055186016,Q4_OOT,0
18,165984.78322764262,5989.607017725592,9,0.2697849853359103,Q4_OOT,0
49,79904.05885966207,11102.790253915016,9,0.3804498763913527,Q4_OOT,0
38,167703.48956720458,32351.38751056231,9,0.1537426813959187,Q4_OOT,0
36,36871.97658426901,24643.841005525963,14,0.24699843108983838,Q4_OOT,0
39,22529.778101332227,42768.05736938155,14,0.6602654960651688,Q4_OOT,0
51,70190.39260514414,22626.4887878021,13,0.40188612379403843,Q4_OOT,0
20,108963.1823726184,11621.3325756909,6,0.16166766844082356,Q4_OOT,0
22,44922.90786152564,6745.786280729324,9,0.10593125079194607,Q4_OOT,0
64,25330.95451542288,9527.900667716782,3,0.29197419953928505,Q4_OOT,0
44,113638.98995674656,14438.2036364637,3,0.6994978154661807,Q4_OOT,0
25,44614.31172899189,15336.600925503632,6,0.3922562818367239,Q4_OOT,0
39,94820.41012326701,13165.225413460736,7,0.22516024108661212,Q4_OOT,0
27,64877.92063764488,13035.474963642617,1,0.1123113564880412,Q4_OOT,0
24,138268.16333660757,17152.977719529703,14,0.13708893344739398,Q4_OOT,0
22,118233.28243528845,31653.577112031417,3,0.30465244956079285,Q4_OOT,0
69,35888.224618888315,20669.06818180999,2,0.27148467353352085,Q4_OOT,0
67,59218.3201861554,12683.834362483532,3,0.4080661426770121,Q4_OOT,0
68,30548.76809465447,14380.32099344133,4,0.2657623267616833,Q4_OOT,0
18,40065.702566548614,6111.127580793054,10,0.6042945955364019,Q4_OOT,0
38,113907.23601077433,21728.11861696743,8,0.3293188433909817,Q4_OOT,0
20,71712.55697061919,42845.26513553988,6,0.2467429186714307,Q4_OOT,0
69,24503.268631276806,15431.79953794538,10,0.6770437726212926,Q4_OOT,0
66,64818.54561915578,8120.574648157941,4,0.810648614266948,Q4_OOT,0
66,37604.089083046914,10745.911331331601,10,0.24103604283151442,Q4_OOT,0
54,24663.726117002363,10585.794870245081,6,0.3502917990024505,Q4_OOT,0
54,45779.90691660166,8444.180930520462,14,0.32280746913461345,Q4_OOT,0
43,25609.220184476762,32053.21530229372,1,0.07370385795023114,Q4_OOT,0
25,46928.340147521536,5134.361439804211,3,0.13883504607649985,Q4_OOT,0
46,53607.09338053598,16781.437012870716,6,0.12872373807409246,Q4_OOT,0
45,76309.47085193236,9202.923920185578,14,0.08337050744899581,Q4_OOT,0
40,105208.90930783756,31295.629704508523,13,0.32516591857856386,Q4_OOT,0
69,21937.959795694558,11965.515313249096,12,0.18366654908222793,Q4_OOT,0
48,135280.8355019237,7092.401499885437,13,0.19161554640829512,Q4_OOT,0
68,66193.17421338215,19378.724067691524,12,0.0840290033170129,Q4_OOT,0
64,45742.206572607814,62885.3797585693,1,0.34835452596250394,Q4_OOT,0
32,48292.542972730844,44735.277733295545,2,0.3261767117018187,Q4_OOT,0
42,80255.29372539524,29384.246041631966,5,0.18677463704549527,Q4_OOT,0
31,43834.461993567806,12124.309244901375,1,0.3006425759912863,Q4_OOT,0
25,64957.625209404665,7624.773923430578,1,0.1413720012267358,Q4_OOT,0
53,40241.653677090566,15011.197727729079,5,0.49023133916363715,Q4_OOT,0
33,39928.23624217698,7790.349802729987,2,0.4206161272413564,Q4_OOT,0
42,38645.15462264692,6806.377976951854,11,0.2940319697262619,Q4_OOT,0
18,119709.4808224767,10188.535981641708,4,0.2978910473406041,Q4_OOT,0
49,74965.16937363362,9022.602724454813,5,0.14387491393500954,Q4_OOT,0
21,182524.02623769356,39254.57017076059,14,0.1333878014543882,Q4_OOT,0
34,47702.69383274994,10176.666649556795,7,0.3695893500880382,Q4_OOT,0
69,24577.274758880973,31118.27134205031,13,0.2161123822550859,Q4_OOT,0
29,123382.6002382995,43315.15290849535,1,0.5198633371930657,Q4_OOT,0
25,71754.14094404624,5001.934404503772,9,0.17511995515261036,Q4_OOT,0
69,37691.46530414534,21411.24563595768,0,0.14186350597219433,Q4_OOT,0
31,146126.62598413328,29078.931292480916,2,0.039164862087839945,Q4_OOT,0
28,25852.015841879547,10831.446281320143,8,0.3385408422513605,Q4_OOT,0
52,85636.65622354859,6815.307579432687,2,0.2252167335660824,Q4_OOT,0
69,134683.8903731464,15588.300509411663,10,0.04373495840376217,Q4_OOT,0
63,45295.82631138881,19405.699573651407,6,0.3158209630355185,Q4_OOT,0
27,321126.790001143,9479.64006032966,4,0.26713731960663584,Q4_OOT,0
44,68506.72717284299,9918.519026482209,9,0.04432968571617473,Q4_OOT,0
29,47184.95557919252,26702.181252066384,13,0.2705817650573883,Q4_OOT,0
61,187565.31532715156,5527.220223468909,14,0.40776333518379865,Q4_OOT,0
58,45947.89114989994,6409.549461096196,0,0.3520432120366099,Q4_OOT,0
21,51937.31460369453,5574.453465861541,7,0.12642736017175543,Q4_OOT,1
59,135404.44283428992,14821.114139511767,1,0.38521841327139184,Q4_OOT,0
63,82589.49477219564,46477.550332684135,11,0.38539441262031143,Q4_OOT,0
32,140658.25965452148,40655.15515280535,7,0.13967308216522198,Q4_OOT,0
22,29937.2847434769,32249.525633066594,9,0.09025874570014514,Q4_OOT,0
27,60734.25162856069,22867.13817502193,12,0.2346879420791399,Q4_OOT,0
32,46588.7615955286,12631.105573871933,13,0.15081756688788095,Q4_OOT,0
38,190671.96530398758,13068.285213708601,0,0.16233951873160452,Q4_OOT,0
39,27666.435365689103,13945.198580240198,6,0.09651394280673639,Q4_OOT,0
40,43807.297645220184,33685.69420504755,0,0.12904740995518177,Q4_OOT,0
49,32078.810873917457,10252.56644263806,14,0.436901832217459,Q4_OOT,0
69,61210.160398241205,8089.562242053613,10,0.260506623174617,Q4_OOT,0
