age,income,loan_amount,credit_history_length,utilization_rate,time_period,default
25,31158.193905154032,10994.697738079652,9,0.07512679816041298,Q2_Train,0
56,41538.955255571826,5351.335331477179,0,0.4257162728114381,Q2_Train,0
41,72535.00510573489,16207.878551590862,2,0.1211265365076865,Q1_Train,0
57,20283.954805411617,40830.212479132875,3,0.34903408918249573,Q1_Train,0
41,22658.618407756385,8109.301583015084,0,0.3252443587142892,Q2_Train,0
20,143935.81037697426,18852.095573567494,13,0.2560675417408065,Q1_Train,0
39,139550.88174641432,39632.12389167448,12,0.030659174823016652,Q2_Train,0
41,59599.91473180263,15893.657355820409,12,0.21071377578343997,Q1_Train,0
61,175086.05184359863,13985.80645242848,9,0.3243481318568298,Q2_Train,0
19,53009.677658775414,11442.404136061334,1,0.06531634961546041,Q1_Train,0
38,98083.78562002213,23647.00615140956,2,0.17798318825049286,Q1_Train,0
50,52435.24010048827,18107.595719681318,6,0.553124351409695,Q2_Train,0
29,96456.9191061244,11396.57546474498,1,0.6989215192737227,Q1_Train,0
42,39761.33968521947,5081.465295006853,11,0.27928140853391886,Q2_Train,0
66,24050.930186441157,35052.17119284607,6,0.2552485266205725,Q2_Train,0
45,103445.33368340477,12581.809180771983,1,0.08907301712061871,Q2_Train,0
33,47287.29627481625,36975.18217794673,7,0.04324002090855135,Q2_Train,0
32,92408.98271066794,20783.179505153836,1,0.24627145209662538,Q2_Train,0
68,114682.28459959752,63880.23360942105,6,0.3624849542583057,Q2_Train,0
24,119907.08561968754,19517.89931828048,2,0.5190392565301223,Q2_Train,0
38,79090.09157581229,19322.419007666263,0,0.31940453336797364,Q2_Train,0
26,69030.29885512628,12470.227767527653,11,0.5768399060605478,Q1_Train,0
56,20741.668212960696,34803.1568071676,7,0.18771756282066604,Q1_Train,0
35,88927.03871827267,20809.9700196769,3,0.16788777442989655,Q2_Train,0
42,35038.428828874756,41654.2662659698,1,0.20332148762244134,Q2_Train,0
31,60091.2479852379,7746.445218501587,5,0.4383802230184918,Q1_Train,0
26,20795.0064761335,10730.152024796058,0,0.2566664215690585,Q2_Train,0
43,106859.31961933251,32157.626984374405,8,0.7463364957547776,Q1_Train,0
37,77265.22136240013,8323.690770023648,6,0.36998999123769327,Q2_Train,0
64,181874.70228935673,22255.485664694246,7,0.49039586183726175,Q1_Train,0
52,64032.24663896852,17054.02954308536,2,0.36003640926241565,Q1_Train,0
53,35095.66869557867,21611.775849019286,4,0.0876729249929288,Q1_Train,0
67,58631.211481820996,9388.823002702606,0,0.3063746273473,Q1_Train,0
21,70753.98257930359,20760.310437522065,9,0.5604386453368485,Q2_Train,0
19,38109.763422854885,32905.95686047041,13,0.20946439570584185,Q2_Train,0
23,58883.99988652496,11497.022862479378,14,0.06702981487559874,Q2_Train,0
59,30522.891411076762,11045.498766192233,9,0.2707989844490646,Q2_Train,0
46,62967.640576668884,26954.457265142246,11,0.5793824513994738,Q2_Train,0
35,77834.20183368018,11014.203667810534,9,0.4518294070700503,Q1_Train,0
43,26414.399121107046,10944.882000862552,7,0.29387835446047234,Q1_Train,0
27,35742.096047737694,40956.81387909969,2,0.06950758053960557,Q1_Train,0
31,78646.08882875278,8592.18612242744,5,0.12632830227408898,Q2_Train,0
40,59538.56696996108,12058.357217314926,13,0.4631838225620878,Q1_Train,0
57,80360.51105179498,41226.65889898325,1,0.3554048319143462,Q1_Train,0
33,74781.89625819962,25516.44698790384,3,0.44210158688418805,Q1_Train,0
62,35400.45719330358,23184.365154484647,10,0.27050618062475856,Q1_Train,0
64,49198.892685027764,22494.890676702027,14,0.22987383303197723,Q2_Train,0
41,60643.757568972374,17652.01071654859,3,0.23139698344610699,Q1_Train,0
43,56450.167657584105,10085.100765626416,7,0.6574332619751394,Q2_Train,0
42,117870.14677234404,10590.784347144843,13,0.10232613248240915,Q1_Train,0
62,72748.92742747457,31845.72818240984,14,0.36535112833445405,Q2_Train,0
58,30459.473073825357,8940.256964883087,0,0.24597595214409107,Q1_Train,0
46,23254.495196075946,15785.608987341304,10,0.2580683683044274,Q1_Train,0
32,47613.96976935799,22145.505234992557,8,0.22448918117872574,Q2_Train,0
62,20786.687555720157,7087.236180527801,13,0.49614559685792514,Q2_Train,0
18,39158.0882922474,45401.97725285975,7,0.15053715345302782,Q2_Train,0
42,42944.992802199034,9529.439642685255,13,0.20062800588582572,Q1_Train,0
24,43547.31359047734,10759.258975917393,7,0.4529761017669508,Q2_Train,0
25,55770.5429275554,9297.053211760567,10,0.08075336397786033,Q1_Train,0
28,67894.02510642668,8966.007213912384,14,0.24538379319013479,Q1_Train,0
68,28430.3878502632,30619.721493141966,0,0.09856331012782252,Q1_Train,0
34,62980.55497816201,7751.773748581481,0,0.39808328338960547,Q2_Train,0
25,107512.4264865374,11384.134907648648,11,0.43891933262887933,Q1_Train,0
52,47214.551021503736,12776.679515368607,1,0.383077942586588,Q2_Train,0
50,50906.52802362581,6015.662245356631,7,0.21638047650608053,Q2_Train,0
56,61912.7849642611,13849.418157351958,10,0.14911184784381168,Q1_Train,0
26,24487.607981843714,5300.332334873284,1,0.413572969766219,Q1_Train,0
25,85451.04427548732,10705.791585057174,5,0.10736974371797806,Q1_Train,0
29,122450.71899834558,67083.55722358995,3,0.2908342602332837,Q1_Train,0
50,150591.4859498716,5475.4948229033935,11,0.7128674174734254,Q2_Train,0
65,99830.50430527338,17947.492131887622,3,0.3368893421796261,Q1_Train,0
40,71567.11553992052,11970.264147046373,5,0.42700308443267465,Q1_Train,0
41,96039.34410673552,28769.37223168897,9,0.19249395433742475,Q1_Train,0
61,41439.23101919466,17473.464941481336,14,0.3206682944264211,Q2_Train,0
57,39778.898490826454,5494.6057115186495,8,0.7280243054640677,Q2_Train,0
44,50250.660074021405,23779.243644166676,11,0.33817686908214484,Q2_Train,0
52,31923.0929228614,13041.094900332737,7,0.5081228756914178,Q2_Train,0
18,31278.459661685207,6882.668565922177,7,0.08116006804562828,Q2_Train,0
52,118010.92794267918,5952.623173162156,4,0.3535775000817724,Q1_Train,0
54,76623.01017987267,33827.28256500645,5,0.38941236399726986,Q1_Train,0
64,59487.978462910505,38291.17305842597,14,0.28960592610062125,Q2_Train,0
31,45619.570448100596,11303.18049941204,0,0.15901359161759462,Q2_Train,0
20,48177.69831337486,7689.992256293355,0,0.2732360022779145,Q2_Train,0
22,50340.231305331574,16840.37200792391,8,0.6133588096833978,Q2_Train,0
31,44550.04526831543,25299.147345429457,3,0.3787810313846684,Q2_Train,0
26,50609.26900520979,38131.27956266317,13,0.13515557331031436,Q1_Train,0
32,21283.20893397787,5350.0809138908435,14,0.08336414604754779,Q2_Train,0
32,62239.15119639974,21764.161135489885,8,0.20246571546769576,Q1_Train,0
43,55340.3406585519,17025.15589192886,8,0.17256718420675307,Q1_Train,0
59,111631.72917170644,50178.164003204816,2,0.5122676495098033,Q2_Train,0
21,37771.66401548294,34386.31315493743,1,0.2352411205112664,Q1_Train,0
54,106110.58368506483,32034.92125563639,14,0.09641601007268055,Q2_Train,0
40,55852.16126219837,9607.837757097717,4,0.11099774024186293,Q2_Train,0
56,83288.78181408095,7136.07642506549,9,0.3334135541579157,Q1_Train,0
62,38626.450657264686,17143.909333552514,9,0.7180996803693901,Q2_Train,0
32,38268.37740697372,15683.025568232892,12,0.35177491352094,Q2_Train,0
60,75068.40739790292,11615.001971808822,1,0.49966996875583075,Q1_Train,0
46,81108.34487584361,21307.13860503555,11,0.29955736244675774,Q2_Train,0
53,158238.72624769792,6499.672543533367,9,0.348590009760976,Q2_Train,0
30,32734.199031589946,19592.958905861167,14,0.752836746897773,Q1_Train,0
49,51576.04442564878,8569.215665039368,1,0.3978641995021328,Q1_Train,0
24,34418.34689018577,7070.916935046076,13,0.10459146687636493,Q2_Train,0
68,24174.089441336022,41054.02255685971,1,0.24961457745605206,Q1_Train,0
19,35765.280332100556,6400.111125719812,8,0.33941763010743337,Q2_Train,0
59,37619.555998543736,5887.731434588788,12,0.37711483338508317,Q2_Train,0
62,42346.53785767146,15243.563672580463,4,0.7435653140113068,Q1_Train,0
23,244760.3614021708,10687.120480710146,11,0.18187006775619838,Q1_Train,0
45,96383.16587500689,5073.790592099121,0,0.6241698127721,Q2_Train,0
61,70161.01375588623,10105.831890008412,6,0.3069123229697738,Q1_Train,0
37,130634.36766719692,36499.02074033751,7,0.22169660370926933,Q1_Train,0
47,40905.461999492756,13186.49843294366,5,0.21872228328348323,Q2_Train,0
45,133277.5004969127,5278.5110751829625,6,0.2859366296614498,Q2_Train,0
42,35912.09077277785,30224.13655708053,1,0.3691575307491911,Q1_Train,0
56,143550.70572205022,9123.046410605233,13,0.21928063098559983,Q2_Train,0
50,108158.51669592397,10545.085591524487,11,0.8847196942559458,Q2_Train,0
18,217015.82826275827,5694.687345916002,5,0.18766575264121318,Q2_Train,0
69,33443.22395841045,33716.71597788039,5,0.6587733948757725,Q2_Train,0
30,40088.614028265394,12139.945442758079,3,0.1619093798563186,Q1_Train,0
58,174667.03019182588,40888.512036556815,10,0.1710675427541375,Q2_Train,0
20,40253.756411980576,35311.65896183383,3,0.31811260484442183,Q1_Train,0
56,61644.81544594258,5959.455383659628,1,0.19226697765026474,Q1_Train,0
25,45227.28125521379,41188.897128758654,9,0.043000188587371244,Q2_Train,0
44,30745.043901199446,5453.93390538662,5,0.11909040592041785,Q1_Train,0
26,58510.001701674584,26774.22803781323,3,0.03702214075658788,Q1_Train,0
54,114657.8108724894,40535.35794111673,2,0.3004319120106333,Q2_Train,0
50,22537.567513493523,27077.221552485673,13,0.11859833672930642,Q1_Train,0
68,130013.42742449984,25427.79159841053,0,0.451171000955436,Q2_Train,0
41,69161.6380126588,13251.195970510167,10,0.5661891241109634,Q2_Train,0
32,37568.014300321156,5972.167195807748,13,0.25503474843974605,Q1_Train,0
49,46819.52387115081,28265.2318227025,10,0.5049232327568699,Q2_Train,0
41,38291.625691614245,15748.892256983554,12,0.07104759576336583,Q1_Train,0
58,51745.8202216112,16405.675036361354,2,0.028949390704300138,Q1_Train,0
69,20991.377221100756,12744.784874454133,0,0.561251065913758,Q2_Train,0
69,57259.80311907455,19694.39164079802,3,0.5130964169206194,Q1_Train,0
29,26090.832112891534,40694.11387719541,10,0.3780046094902547,Q2_Train,0
56,259660.7773516438,6634.2095329306885,11,0.38438425010436716,Q1_Train,0
19,38010.33200818977,52973.065905043826,0,0.16117215856278486,Q1_Train,0
54,96877.30991521751,14313.68423908515,4,0.29292762952208656,Q2_Train,0
66,37395.45635531458,12242.564582102495,0,0.24330010059038132,Q2_Train,0
34,90514.46658038936,23359.96640765417,4,0.24159401989923773,Q1_Train,0
66,44103.95066069333,10756.072750673475,11,0.2811879943329392,Q2_Train,0
19,46480.120967314186,6061.876932031901,6,0.13354355664712286,Q1_Train,0
45,96690.038228753,20111.954701794755,9,0.1847650607967207,Q1_Train,0
40,74960.61885234038,8481.9035590143,14,0.48609059332556365,Q2_Train,0
54,135069.05119439,5278.701611801395,14,0.38182866458413517,Q1_Train,0
50,135438.5755247195,33739.438219836484,7,0.6014448853186547,Q1_Train,0
18,27012.755940077423,12804.242428507237,8,0.27290730123616913,Q1_Train,0
61,54123.80996847399,10284.46206250948,14,0.31254534289919145,Q1_Train,0
43,38619.31683367453,7331.340013541438,14,0.376746962615859,Q1_Train,0
49,55032.033871273765,15712.39267810691,1,0.3551391665280301,Q2_Train,0
23,28823.337864617388,14862.175892368457,12,0.24705895071351974,Q1_Train,0
21,25194.797071514782,31053.302489345635,4,0.1579095671029453,Q1_Train,0
28,62413.686795013455,14940.60477894016,0,0.3734599815668599,Q2_Train,0
55,28738.188085009548,32659.435305925126,9,0.22969627310354873,Q1_Train,0
41,24467.07547227155,20795.23467326668,12,0.2932109530990084,Q2_Train,0
69,112244.86669001433,35031.029831879234,1,0.7476307785733989,Q1_Train,0
33,24699.489923756664,35265.41705548649,7,0.27456097378495753,Q2_Train,0
46,69115.70971257068,32929.446591526816,7,0.4245534750467717,Q1_Train,0
20,54181.15323127623,55315.46043201114,3,0.23987693692011725,Q1_Train,0
36,94649.01404745116,30899.37415595259,12,0.2859384534091146,Q2_Train,0
37,62871.57622176384,44709.82209265576,7,0.35447935981137135,Q1_Train,0
49,44307.900278107525,7369.594640167888,12,0.3636455823974077,Q1_Train,0
24,26765.582702882704,8523.619232001001,9,0.17315753055826708,Q1_Train,0
58,57786.54133299944,47169.72690217467,1,0.42819619942538406,Q2_Train,0
56,95103.99478741153,7125.570962990532,2,0.3486364948009745,Q1_Train,0
18,25295.519965237334,5653.4190582983665,11,0.22280480941512554,Q2_Train,0
28,87005.23156152354,51225.16753340852,9,0.35959083290186794,Q2_Train,0
45,81229.57556984822,29646.6757310651,3,0.061622453051988324,Q1_Train,0
67,56909.67693101878,7099.698525616461,12,0.05814580758500857,Q1_Train,0
40,107554.3738063505,11361.159727438338,5,0.15420523657932275,Q2_Train,0
48,62952.98823419787,38703.92781324345,6,0.12253773683287915,Q1_Train,0
47,123608.09018037534,7135.2714285840275,1,0.23595914660588418,Q2_Train,0
59,83830.94548457532,11445.992744650546,6,0.17957408178723,Q2_Train,0
52,71484.7330993743,15227.306307783103,9,0.24219996796554633,Q2_Train,0
33,84181.56842513883,9680.312324239689,10,0.420140735822239,Q2_Train,0
65,25078.196629636564,10872.647144909279,0,0.2948217397077217,Q2_Train,0
69,22040.377272786376,35664.06301618717,12,0.5795615782099828,Q1_Train,0
66,52602.53941898928,46413.55932963673,14,0.32050041876378405,Q1_Train,0
19,65726.06269372503,13738.66121671162,10,0.2506857432878303,Q2_Train,0
65,36906.92963492959,19946.587577192033,0,0.1632442464293192,Q2_Train,0
49,25026.863840782855,35102.64718448042,0,0.29240168368328445,Q1_Train,0
36,36726.085096053095,7695.232638597025,13,0.22854375551600584,Q2_Train,0
65,82709.25239363755,26506.86791652317,5,0.38538014045585095,Q1_Train,0
33,61947.824401205275,35142.64591639905,11,0.11027831816770728,Q1_Train,0
20,208697.3712002989,10040.01652201382,1,0.3316302738989381,Q1_Train,0
37,35929.24547161558,36536.376486642606,8,0.21823510974164925,Q1_Train,0
41,28620.919007826466,6267.644033557136,1,0.31766745432884225,Q1_Train,0
50,22672.03453517917,29176.403569730177,5,0.2039437259293539,Q2_Train,0
66,34032.13503009241,11737.536025231331,0,0.28199729654833877,Q2_Train,0
53,63727.811614408005,14403.120509696635,2,0.13883239671560518,Q2_Train,0
55,23602.817614229527,18535.080893614617,10,0.3263434565313605,Q2_Train,0
57,22442.873394826423,46198.32623213576,5,0.568045106079936,Q1_Train,0
37,23153.53329892033,14424.118112784194,2,0.16025719896894228,Q1_Train,0
52,162258.0138911711,12371.94537925497,6,0.5960952395410983,Q2_Train,0
65,114813.16045483998,38552.25678529359,8,0.31853613735143577,Q2_Train,0
42,113197.17055876664,41267.91144363401,11,0.1263229420120773,Q1_Train,0
52,148993.90742830123,11569.164216588371,9,0.1113723160131662,Q1_Train,0
46,34207.394328746224,54750.54383552286,3,0.20717593367096301,Q2_Train,0
63,83445.85001070773,5609.243040461796,5,0.19978617450776903,Q2_Train,0
35,124386.94207169328,15903.057359137334,4,0.24888350579432528,Q1_Train,0
52,58326.87340284496,18078.721759643537,2,0.5871633449861181,Q1_Train,0
50,28676.46504532919,9862.846662857013,2,0.47309930308410136,Q1_Train,0
21,53068.99243035245,12203.172867034284,9,0.40280009697645164,Q1_Train,0
65,43902.383941060296,5436.384888793102,7,0.18013695552108108,Q2_Train,0
37,119499.6123845254,58527.356837532934,2,0.2965108063260566,Q2_Train,0
24,83863.94912405818,9469.882183646372,7,0.43235814630693914,Q1_Train,0
20,28164.769673258612,5140.94968430643,8,0.3623947377180593,Q1_Train,0
34,127349.91994029263,20573.36328001776,4,0.3425016253516962,Q2_Train,0
50,29138.49268039897,20681.616717209672,14,0.02445373880534978,Q1_Train,0
65,32601.91077822723,47290.60551742484,9,0.5364371510803537,Q2_Train,0
68,49023.007193342404,8151.636388020006,13,0.38532192430944373,Q2_Train,0
39,34547.538415098345,17440.383249273378,11,0.42807219637003807,Q1_Train,0
63,43400.55441755983,23973.72931548904,3,0.20644782855689298,Q1_Train,0
47,113561.70343979039,37458.974291645696,1,0.30715296778243034,Q2_Train,0
55,68092.5613206412,17306.024004966126,10,0.29400752454916057,Q2_Train,0
62,32039.927472437645,18674.35994670257,14,0.5128815589034134,Q1_Train,0
68,83025.3700506445,12028.507540076916,12,0.6542891408382578,Q1_Train,0
51,79477.08149580163,7431.558626445341,6,0.23093967441508714,Q1_Train,0
47,34427.854761399925,8889.927955632631,8,0.11858397470908263,Q2_Train,0
50,27526.06882740768,7183.75586890272,11,0.5528763459757049,Q2_Train,0
22,25754.21413250581,13254.891331254505,3,0.7693134633944329,Q2_Train,0
52,98502.44527902562,32338.96789546063,2,0.44678007689924637,Q2_Train,0
61,22563.754994893134,21009.631010691715,13,0.45361464577673144,Q1_Train,0
45,67066.80598549882,17099.434018018394,6,0.13572533432430317,Q2_Train,0
47,46104.78667503484,10265.601668674582,0,0.07079009154861628,Q2_Train,0
46,39028.49045163625,6199.619590698881,0,0.570700009922148,Q1_Train,0
52,24848.73874864737,26349.013662818437,8,0.37472719352194384,Q2_Train,0
41,22901.490973796506,12602.804211352497,7,0.17068775377152717,Q1_Train,0
66,24352.981429429332,35717.559104176995,14,0.4416920401823138,Q1_Train,0
52,29464.2351808894,5416.030698193492,6,0.4222702665658136,Q2_Train,0
69,21604.52233307452,6118.475259114025,9,0.23967464702443855,Q1_Train,0
49,86283.20059926792,23063.343527445206,4,0.4767811623314094,Q1_Train,0
50,32505.447709518085,8544.06639914894,7,0.24401459116406213,Q1_Train,0
35,32299.93650182157,48850.29909082489,2,0.3816751729003997,Q1_Train,0
42,44824.49060645276,8966.919572303383,4,0.2855293356473943,Q2_Train,0
48,77749.09305400164,23780.297235863618,9,0.2509587915028272,Q1_Train,0
57,153569.28401748778,111272.76361262602,2,0.13500803193958763,Q2_Train,0
63,62213.27021005477,9790.083008144451,5,0.6364962943208131,Q1_Train,0
67,170666.51535562324,7158.38364512672,6,0.2454408244941988,Q2_Train,0
49,24358.130032516914,11025.983623691147,5,0.05553385972162464,Q2_Train,0
39,21512.63998217566,8551.76515824177,13,0.7469164455169546,Q1_Train,0
59,59399.18284900987,23584.10721147007,7,0.2897993267610743,Q2_Train,0
19,56321.37576656154,5421.918636098665,1,0.017247949417265127,Q2_Train,0
57,20981.325054662902,15453.159023438402,4,0.46228963666673434,Q1_Train,0
65,100960.85870740151,15147.577791172725,2,0.3020786280114137,Q2_Train,0
56,84880.96927514978,5771.610454067949,4,0.26568533483297957,Q1_Train,0
46,98827.44821005696,15512.76744238939,7,0.16213339254330367,Q2_Train,0
59,75582.19278521644,9366.28669194128,2,0.13519207264216423,Q2_Train,0
43,75407.8859059135,14706.324159872618,6,0.3109870387883718,Q2_Train,0
52,75034.99293010929,13129.175900823522,4,0.1891762752860659,Q1_Train,0
67,56081.73517815777,10460.117574562744,13,0.3157873217339302,Q2_Train,0
42,42576.54397576011,13930.461989964057,11,0.35370701489577266,Q2_Train,0
41,85502.83948152931,14637.77744815532,9,0.315717353470296,Q1_Train,0
30,37737.127295918064,31908.685317121264,9,0.34953853251929096,Q2_Train,0
53,48401.16840878186,13515.082996815996,3,0.1830834991319689,Q2_Train,0
62,36191.18774627302,40346.42520636088,1,0.1447722847985079,Q1_Train,0
37,203827.6280750448,26142.87839371089,5,0.49916520768729167,Q1_Train,0
18,34970.977408460865,6181.052987852828,3,0.1636128667187596,Q2_Train,0
25,38501.98302751224,7504.0328941767575,3,0.19710773977843848,Q1_Train,0
63,28812.25291361294,6277.942568453282,4,0.13581815830082183,Q2_Train,0
29,67471.60145053349,15525.129308427595,14,0.18058272319824287,Q1_Train,0
68,105896.11283035376,33598.68861341529,0,0.1303477105049779,Q2_Train,0
32,30760.841632419302,13386.809309074533,4,0.22365177400216116,Q1_Train,0
45,31057.61201415436,12939.89501275304,12,0.11358676065840226,Q2_Train,0
19,67610.81408243824,9137.032138857989,14,0.32189473360286563,Q1_Train,0
39,26430.73526323856,16013.998412168961,12,0.3125251048711702,Q1_Train,0
68,69416.01507635307,12436.68598440811,3,0.14875612248835143,Q2_Train,0
42,20005.93259748571,26045.018912813164,0,0.28119232511551945,Q1_Train,0
39,20924.460982467754,10855.301377353298,9,0.5992611010312275,Q2_Train,0
39,44678.201273091574,7053.829904786945,13,0.352540136698482,Q2_Train,0
66,78777.34452042641,12337.816050342353,2,0.20148712777469524,Q1_Train,0
59,48116.32186207449,12801.188434714497,0,0.3109887187746584,Q1_Train,0
60,208464.1810828276,9956.455982302841,3,0.42896876462330374,Q2_Train,0
54,28864.325527240777,27365.67460245449,3,0.12070614264870502,Q1_Train,0
61,30812.51476554077,5766.444518605405,8,0.15143780627631062,Q2_Train,0
56,44039.86916677347,12651.705626440502,11,0.2002402996736271,Q2_Train,0
23,33999.220328263735,14800.042305008204,3,0.2977316472057574,Q1_Train,0
62,48167.85542135622,17726.348952807533,11,0.16542153478361502,Q2_Train,0
49,52060.56332295769,8150.245576095422,14,0.19987836353428673,Q2_Train,0
69,88172.20595150231,19276.599748122397,5,0.14842282411279778,Q1_Train,0
64,28631.788885684695,24864.4899302109,5,0.17649846111336684,Q2_Train,0
52,64919.13944339248,17219.706924541388,0,0.24705389798124713,Q1_Train,0
69,25758.5691992287,22350.947479604816,7,0.2939094244799172,Q2_Train,0
59,25300.572851300025,13211.193245980056,2,0.1363706041577068,Q1_Train,0
36,29837.735329140065,23007.552789149853,7,0.4676699584139457,Q1_Train,0
45,222060.38481917995,5064.354985321672,3,0.4991246751745493,Q2_Train,0
43,46731.082685094916,8105.696158933502,0,0.42121135212494437,Q2_Train,0
29,37225.96218669719,5001.535666494074,3,0.20590155902833537,Q1_Train,0
64,39148.94332716934,7810.657615221078,10,0.23685099919512168,Q1_Train,0
51,28058.744829265637,5443.031782198125,8,0.07326435503015097,Q2_Train,0
49,98793.10218792857,15994.546564594637,1,0.035976817585260286,Q2_Train,0
42,25290.316493999984,32398.675115936665,12,0.4229091554533866,Q1_Train,0
62,24063.188765324547,8077.503512771834,2,0.5109222167180454,Q2_Train,0
18,69089.00546443419,35556.89568765781,11,0.7520353742616087,Q1_Train,1
56,60666.846303016995,9656.028636396597,1,0.22554823141808733,Q1_Train,0
22,31989.961745133827,29528.196097581484,8,0.4841828838860668,Q2_Train,0
39,78255.29987711077,36452.03107496606,2,0.4388723189622658,Q1_Train,0
20,50663.76659362938,6586.811617838922,0,0.25575234527940327,Q2_Train,0
43,33709.45372582624,6185.66416475802,4,0.2980356083953931,Q1_Train,0
33,131220.1212835979,20940.310265821783,5,0.6447929211089934,Q2_Train,0
68,197324.57880457048,6756.862472989127,6,0.3829717622773797,Q2_Train,0
46,177092.06398444503,15746.32991895282,13,0.4248384641014592,Q1_Train,0
64,53855.465844520375,39785.75922624493,11,0.35978539478593097,Q2_Train,0
47,75494.21261364003,12128.463168424547,5,0.11093495388850919,Q2_Train,0
63,26771.42903846311,9667.973602237855,1,0.29157597760017234,Q2_Train,0
69,41266.91190622424,14848.221892554422,6,0.07823172064535694,Q1_Train,0
33,37227.32654501166,11323.418704069016,9,0.12005110472487072,Q2_Train,0
65,115202.84567011868,8239.264119540983,10,0.25825918813765386,Q1_Train,0
53,95960.86179422298,6986.3931623434255,9,0.6182107169123205,Q2_Train,0
47,115904.1845391373,46604.62732257549,7,0.23044260380725642,Q1_Train,0
27,57886.20565091691,16474.418571156653,7,0.333930195577362,Q1_Train,0
22,108189.55295204726,20031.940536003436,11,0.43332609518444115,Q1_Train,0
53,47713.2580288171,7796.432325379536,6,0.668443869528432,Q2_Train,0
51,23189.276807897593,7462.038449599751,5,0.21818257556107612,Q2_Train,0
69,60689.3822131877,7664.375225096974,6,0.07160825742326007,Q2_Train,0
48,29394.283671084937,21497.024372349373,0,0.25065177965618224,Q1_Train,0
27,188365.35841427546,25662.29499362489,7,0.2758577017440191,Q1_Train,0
36,57429.09043015691,42931.92721206201,3,0.29460140429342924,Q1_Train,0
49,60322.378223145024,12617.261111516811,14,0.2927613674753582,Q1_Train,0
62,38029.08377788149,9718.563431339036,1,0.6171142749421556,Q1_Train,0
33,54815.47375800216,33142.14679511102,0,0.11435390048016819,Q1_Train,0
41,120723.24167644548,11317.566208724864,0,0.31470013596484364,Q1_Train,0
33,99171.2940783823,35499.37741202456,4,0.35598599115378876,Q2_Train,0
66,23730.04206403732,11230.076497677035,8,0.34458488155261185,Q2_Train,0
45,35621.01568338592,17324.286512761806,9,0.3007772216796315,Q1_Train,0
49,24180.370189576795,6632.612593531829,14,0.25319048437798763,Q1_Train,0
44,89531.02404531534,43277.67602155936,6,0.23822199102591404,Q1_Train,0
41,25261.710514934573,21652.858118225246,14,0.130354588957449,Q1_Train,0
29,61239.4131444559,71499.81623882857,13,0.40057043225937605,Q1_Train,0
50,47698.365677058944,13511.3967726598,7,0.062214982580441086,Q2_Train,0
68,47712.79814011857,5078.826812007519,7,0.30497605798671196,Q1_Train,0
29,40278.04021706765,21536.949156092785,4,0.7922295060930642,Q1_Train,0
20,40664.91616612337,7662.773499597775,6,0.1457065847689921,Q1_Train,0
18,30945.177443044762,13914.27865302064,10,0.351296723795616,Q1_Train,0
50,118552.26812236726,5193.065225219772,6,0.25768938627972565,Q2_Train,0
57,27928.1508709817,14736.969419527228,1,0.23274689375522706,Q1_Train,0
27,139631.3644409816,38939.5768007183,14,0.3376997912404845,Q1_Train,0
60,36666.599152900206,18623.6491770824,2,0.059414006498027604,Q2_Train,0
61,134843.48394364474,13714.849267821613,10,0.1483036318169455,Q1_Train,0
67,92336.74298061777,23714.832228300787,7,0.30507026403328913,Q1_Train,0
40,111269.74738548773,17705.239196342576,6,0.16051472601449124,Q2_Train,0
25,162331.56257322239,16477.527046046973,5,0.09830730659453375,Q1_Train,0
46,77168.29229984358,11417.508912373392,3,0.1379241019657506,Q1_Train,0
43,71867.03327053072,5286.780565100257,4,0.3419039295605688,Q2_Train,0
27,82171.68343386544,29004.69999068696,9,0.17534726135059645,Q1_Train,0
43,145119.7372056301,20911.654385962414,7,0.24435523030555797,Q2_Train,0
51,34285.11562162821,10913.103800083682,12,0.27481963652789504,Q2_Train,0
68,67497.70255328341,6550.524143818693,2,0.22483367180459682,Q1_Train,0
58,45574.11316396448,18417.966511470695,10,0.1250446848989993,Q2_Train,0
28,126631.4743086777,7193.579544298788,8,0.467695465579759,Q2_Train,0
46,98298.35981215845,14856.677293191166,4,0.5028173168455448,Q1_Train,0
42,23837.05583306768,33422.71694390362,4,0.09620465749993895,Q1_Train,0
38,36837.05396545701,33391.259645701255,8,0.36229697531664173,Q2_Train,0
27,68605.65879118547,28476.594466866198,8,0.1994980317317142,Q2_Train,0
41,135866.95812039502,10757.155358439431,13,0.25158212067508345,Q1_Train,0
66,99746.38644937958,40224.609917195354,2,0.583250278723239,Q1_Train,0
52,77234.22211540522,58715.17323602444,1,0.44606723283885946,Q1_Train,0
65,31570.702399853268,10142.104801973264,8,0.3970265759653583,Q2_Train,0
53,25853.879106076143,51911.9129140077,4,0.26564667474480597,Q2_Train,1
56,62790.54824112363,71848.80923560646,0,0.2628137409842671,Q2_Train,0
49,30491.80355587051,36532.422458804045,1,0.3319242989400147,Q1_Train,0
41,66234.41531449913,22685.134611936286,1,0.1462651706032651,Q2_Train,0
49,26325.753769139294,22161.42092622659,3,0.3583520497606694,Q1_Train,0
54,38690.339390605426,13708.097359918627,13,0.5824512598827688,Q1_Train,0
29,49325.81857033697,49361.975526238806,5,0.1437289204572258,Q1_Train,0
30,26388.27004653866,10656.993915486544,13,0.17123367535125983,Q2_Train,0
40,84711.95739128454,11563.519033095505,12,0.29357856643298436,Q2_Train,0
42,62165.88700813598,12236.498949643294,12,0.15072768096351818,Q2_Train,0
52,58150.8054383774,30901.880277551238,2,0.12412294868650733,Q2_Train,0
58,50113.65904136475,28491.772459204294,13,0.18333827534482244,Q2_Train,0
34,22554.15439751184,14388.320122823798,13,0.7722322519685668,Q2_Train,0
37,72136.3331891994,34144.3670067037,5,0.46929012252512475,Q1_Train,0
65,27330.29051164417,8750.601344372417,3,0.35611624967566236,Q2_Train,0
42,64504.46753764818,19535.701202937213,7,0.2888796759988885,Q2_Train,0
39,61938.85623185007,16901.398618361934,8,0.1475794186794046,Q1_Train,0
30,197031.9105583609,25370.09432367021,8,0.22742863017647572,Q2_Train,0
53,26029.481806785905,10590.871345608139,12,0.09460396258866136,Q1_Train,0
29,121303.92569004836,8657.014148021182,5,0.3569721736085015,Q1_Train,0
29,83662.2430029881,10086.179170460928,14,0.563610548502879,Q1_Train,0
24,70073.28651963128,6029.868770029234,1,0.19902589944125446,Q1_Train,0
45,22694.332337985834,27251.620248761712,1,0.24646492511050055,Q2_Train,0
31,37355.052141355016,23837.39691636426,13,0.1833205395379301,Q2_Train,0
64,49320.41872803075,10251.216881953034,6,0.36368439840432054,Q2_Train,0
33,115062.49457018451,34740.275871229256,5,0.17304168879123538,Q2_Train,0
29,135016.79848811246,25737.15976635596,7,0.27269176251811245,Q1_Train,0
42,26286.979950496243,11139.20236389707,3,0.2029668624785667,Q1_Train,0
69,38601.65000881397,8571.027537270964,12,0.6727560251967066,Q1_Train,0
38,95348.71703900794,5413.871672094269,6,0.3878989993113805,Q1_Train,0
40,109288.81241242413,14446.654047416234,1,0.12166061932272144,Q2_Train,0
56,146633.9945291915,26270.562870372643,11,0.22436453380690927,Q2_Train,0
56,21723.126712267283,5431.5403472591215,0,0.1814180801728041,Q1_Train,0
31,249471.64326660783,11815.33162251991,9,0.23525607823412714,Q1_Train,0
48,52913.292706917826,9177.894434462773,6,0.09193347933044008,Q2_Train,0
52,67843.23338767707,15973.886331689115,4,0.3457904319375292,Q2_Train,0
40,97953.51222569849,11594.72012898594,4,0.277663244398608,Q2_Train,0
46,103562.46618815688,20683.402780939577,6,0.15141395670087984,Q1_Train,0
60,30778.938349096235,18171.53719469645,14,0.31514496684491516,Q2_Train,0
35,124710.7177961502,18624.948265625106,9,0.3398274495559244,Q2_Train,0
29,68066.93915346879,31030.977752234754,3,0.22037836016025406,Q2_Train,0
26,281994.4907659908,8392.590817940923,0,0.38665506428368235,Q1_Train,0
61,32156.90381938288,27957.538926687237,0,0.22985479174124065,Q2_Train,0
30,92101.18645096822,29361.356604906374,7,0.1001533716765288,Q1_Train,0
26,34152.39629637987,20906.85121715806,4,0.3996269825501427,Q1_Train,0
44,103481.6671661444,14809.678463034326,9,0.09354690962882702,Q2_Train,0
19,88624.63856913632,24761.738337424285,0,0.27713677620106547,Q1_Train,0
22,61044.357658265886,17546.013228628424,9,0.21062814574499056,Q1_Train,0
46,69900.76203443132,8438.291600006853,6,0.23470152266423464,Q1_Train,0
54,33860.12262123455,8257.303762840076,10,0.5736708978479635,Q2_Train,0
36,34743.097746211664,14895.412582444713,5,0.2555193785844623,Q2_Train,0
65,25970.408813426446,51516.644341153355,8,0.5869579557152325,Q2_Train,0
62,76931.19274875999,6584.650737204384,1,0.1192310158349923,Q2_Train,0
69,37791.820512222286,54498.33543142973,11,0.34905357691478295,Q1_Train,0
42,89876.44589339099,25751.16431456807,12,0.19345234362845487,Q2_Train,0
62,42762.912507439134,17536.016360414433,12,0.05497350077737546,Q2_Train,0
53,50446.72941872562,8703.068401103701,1,0.3135262475019079,Q2_Train,0
23,59620.32201734562,9119.321203266842,14,0.08539085515473309,Q1_Train,0
48,59185.056786199624,5591.401519136758,14,0.5540875167034683,Q2_Train,0
36,206177.85018871372,12151.62981887722,13,0.1553160271338925,Q1_Train,0
61,42869.17639579125,19143.89967559499,8,0.1749423250304926,Q2_Train,0
56,31639.75486237524,7336.940718480268,1,0.10566493151428603,Q1_Train,0
44,141402.8470540368,7886.2331276130735,0,0.5324365828407268,Q1_Train,0
27,29608.85553945329,23413.040154677157,8,0.3111740388486162,Q2_Train,0
36,28138.588982903293,7181.206974909371,8,0.25435531682736673,Q2_Train,0
56,73753.23621279787,62143.27324440357,7,0.0742115240009228,Q1_Train,0
20,28157.769144536414,5222.673851042206,3,0.4095083429767879,Q1_Train,0
62,148253.2507131055,10904.711995270518,13,0.4590655645291033,Q1_Train,0
45,27559.913995488507,18139.318543901645,0,0.38821264685821044,Q1_Train,0
37,43196.48454236497,5737.095061673983,11,0.274748804808271,Q1_Train,0
25,44302.657541686174,6970.373066498535,6,0.25933827561235506,Q1_Train,0
58,34124.38838507037,15269.729170451967,5,0.431680979899066,Q1_Train,0
56,63067.57657919965,21603.277374652578,2,0.4155873400930236,Q2_Train,0
20,29064.4786354552,15308.979921663127,7,0.01282851808378251,Q2_Train,0
30,28361.086179357175,14171.045315172158,14,0.25241635375361143,Q2_Train,0
45,81458.03363966299,42109.58555864181,3,0.43146863201718394,Q1_Train,0
66,203792.0325312611,86741.9694308616,5,0.2948747287292959,Q2_Train,0
50,94173.00525388037,33950.76001188122,12,0.3632828781898734,Q2_Train,0
61,55330.68774151275,13518.138496162435,14,0.16532624946819444,Q2_Train,0
62,35649.78515316413,19047.013499794906,11,0.3374739084654596,Q2_Train,0
62,127114.56361793265,42531.22920566673,4,0.31844459577515927,Q1_Train,0
54,78997.73659240993,28598.979720027954,5,0.0422205775285321,Q1_Train,0
53,34614.88164713138,30567.786935596894,1,0.45499602888181756,Q2_Train,0
52,42031.2202783952,12319.398419061552,10,0.2420976021239505,Q1_Train,0
36,30615.06383247277,9466.822265761974,0,0.25964667692748916,Q2_Train,0
35,127129.19113038431,36683.45069829532,8,0.2569287022958585,Q2_Train,0
64,37613.696980153065,24402.911665033735,1,0.2739583774986112,Q1_Train,0
66,42177.17240379643,25987.683737093637,3,0.26449287321631637,Q1_Train,0
31,25213.578932425327,22586.996904769698,9,0.5752919701723328,Q2_Train,0
32,90956.66469779976,41636.576389278234,9,0.38100827353105376,Q1_Train,0
18,36036.60924356574,6905.768671823849,13,0.08928083689708838,Q2_Train,0
20,34584.487323784066,14524.622165083983,13,0.15953548413732865,Q2_Train,0
40,119206.9466017869,60250.11056041978,6,0.41954938433901906,Q1_Train,0
28,102983.51726927886,5112.987286111695,2,0.20189480433471135,Q2_Train,0
49,32074.301359235647,5784.539318563572,6,0.14439191454010072,Q2_Train,0
33,209465.81268843255,38050.58142458096,2,0.3000388109968578,Q1_Train,0
53,110271.16891741545,16544.278651303524,6,0.33262249852221076,Q1_Train,0
54,41118.9171120042,101427.69461178382,4,0.23254273263753078,Q2_Train,0
44,85228.47224345178,9377.727715591662,4,0.3294733529972366,Q2_Train,0
34,61839.24322504309,43264.945873502176,1,0.2605647738842577,Q1_Train,0
26,30934.667724309944,6972.344221141905,5,0.6483568780364367,Q1_Train,0
30,154741.36724698986,51012.381599725064,14,0.31856041146892883,Q1_Train,0
65,78937.37682899815,11146.155729765927,6,0.1526271580438629,Q2_Train,0
30,54814.01952906446,13807.34887725958,13,0.38707019261413456,Q2_Train,0
63,42455.15317566628,6437.399567807377,1,0.1415450035959578,Q1_Train,0
23,120790.25379725576,15729.063026207346,8,0.23604747829747266,Q2_Train,0
35,45064.09673616465,24370.1159303016,0,0.08869314928597131,Q2_Train,0
68,149435.0484736929,8993.62047380377,2,0.1737353705087624,Q1_Train,0
64,43631.54201098556,8556.472034194414,5,0.07828749633198304,Q1_Train,0
42,62655.7400116478,30400.007952784206,6,0.30642514805748633,Q2_Train,0
19,21377.50392307158,27393.168354712245,1,0.14781156784364372,Q1_Train,0
47,81940.78280104254,6161.429048317964,7,0.23064085159612202,Q1_Train,0
67,76646.36029900736,31075.84595758788,10,0.5235381682551651,Q2_Train,0
62,41799.009121207215,6742.074227562372,14,0.6694751665660661,Q1_Train,0
50,33448.64605415191,16469.23843552316,5,0.29706433547761874,Q1_Train,0
18,50927.087543505244,8402.456369779538,11,0.2798022417688018,Q1_Train,0
49,40837.686946172165,15480.092507465059,8,0.33516439359004024,Q1_Train,0
66,79649.01115624371,11687.276384572786,8,0.36310604014506515,Q1_Train,0
38,55720.08258922521,6322.153111613723,9,0.10936908215775352,Q2_Train,1
43,28675.78764524267,13660.440052012016,12,0.5150958145527189,Q1_Train,0
39,75855.10605638541,33300.937549285365,12,0.0751201234345458,Q2_Train,0
44,149227.6558789597,8824.941581180105,6,0.16191498064497276,Q2_Train,0
30,37861.59809221823,19182.523247437653,14,0.3160801489961646,Q2_Train,0
50,48454.228532923094,36166.47486375568,8,0.0617292953812672,Q2_Train,0
52,51765.652969626346,29226.554453777266,6,0.2565656027746706,Q1_Train,0
38,35328.0987868266,32920.70089555827,4,0.0707690518628037,Q1_Train,0
34,91028.70798317263,33294.19895876935,3,0.1743583310193583,Q1_Train,0
22,31508.71792071349,31941.51717700518,10,0.26672171841527165,Q2_Train,0
48,59290.69437129493,18909.56689929481,7,0.33710577383230805,Q2_Train,0
22,101553.78999788198,81668.46305222437,8,0.41669009512564453,Q2_Train,0
55,58502.392429644286,8002.144830628653,8,0.1760273507817611,Q1_Train,0
40,23014.11201824772,5500.601351400378,3,0.1482287836640863,Q2_Train,0
27,73992.47016562118,26535.684145199422,0,0.008469805115410138,Q2_Train,0
36,84704.55638728889,10322.038461830289,7,0.5145746584132178,Q2_Train,0
31,44510.10283425044,8493.140877630942,11,0.15487678613194883,Q1_Train,0
26,69278.95566075513,14287.105059147156,2,0.4020467171524911,Q2_Train,0
63,60311.479665319,6727.493051094098,12,0.17666858404135136,Q2_Train,0
18,182343.03234789876,16736.34861924008,7,0.23103599620140372,Q1_Train,0
68,30341.031151748255,6529.518208288114,9,0.17535657683650313,Q2_Train,0
62,41637.5789743567,20156.36169000189,8,0.09808478345266596,Q2_Train,0
21,121233.94619375742,16880.79168698668,10,0.11234149875799611,Q1_Train,0
66,40476.3923052217,12680.155721502451,5,0.35852742163557483,Q2_Train,0
49,47376.18322997798,26184.0750183791,7,0.1381174399249081,Q1_Train,0
51,45072.16736748986,20373.248831636058,1,0.13536063325105926,Q2_Train,0
25,38244.21308292093,24364.546097372007,3,0.18009328579030712,Q2_Train,0
51,106169.64670749281,22648.44030003906,3,0.31869852717955527,Q2_Train,0
67,39026.94678914176,10604.374626255481,2,0.2658062490830453,Q1_Train,0
61,87856.45589962683,24103.9663863253,5,0.5312781400346167,Q1_Train,0
22,42033.38831680493,12816.14590683315,12,0.27241949595234694,Q1_Train,0
47,25242.923113657253,14226.61105404547,10,0.24353617440380318,Q2_Train,0
34,38293.83375509233,54528.8978726353,14,0.13663495318383528,Q1_Train,0
64,33178.79268870478,20707.48855756643,0,0.1527373727421769,Q1_Train,0
32,32407.64175912467,12079.78915806122,2,0.7963886858841093,Q1_Train,0
28,113030.7334147205,7950.065073879203,9,0.3779417853619169,Q1_Train,0
68,69922.98607779601,11829.661769669401,7,0.36226130969708686,Q2_Train,0
56,24098.96208918471,52961.96626223293,3,0.25061376923699286,Q2_Train,0
55,53310.6701710461,9812.382364396048,13,0.2474191390324119,Q2_Train,0
51,91678.00947995888,10213.70075227758,7,0.675008374627026,Q1_Train,0
35,79574.31983678929,20039.672923339353,1,0.35449147456431285,Q1_Train,0
47,33651.41934162234,6083.580968627463,8,0.3097092381140889,Q2_Train,0
51,44559.028197497,7557.729069963751,0,0.32826754871474395,Q2_Train,0
55,62242.266888075734,12412.48200166631,9,0.2096640081545533,Q1_Train,0
41,38640.605328648395,21678.864538724676,13,0.1589025829698682,Q1_Train,0
59,27872.620320839982,30707.442058882036,11,0.20754901968214914,Q1_Train,0
46,72008.75985315634,16489.914049252555,8,0.27185360484870336,Q1_Train,0
21,35867.87231312379,10635.12569903221,5,0.1148688541644523,Q1_Train,0
27,44234.08654659639,16648.145272474056,12,0.06315767503733784,Q2_Train,0
51,40713.206813404635,11955.531685871982,2,0.3563355078169962,Q2_Train,0
30,26455.80213209896,7260.814520982909,6,0.27262400878312415,Q1_Train,0
60,35916.03448308809,7711.953638436639,5,0.29862098030647544,Q2_Train,0
65,38958.686870155274,12712.267645704778,4,0.2411823447112602,Q2_Train,0
28,256002.89785991967,11139.817784837509,2,0.1854151962053471,Q1_Train,0
68,48231.671127571855,28505.37282760176,14,0.09403439103312365,Q1_Train,0
64,121933.85242004834,16182.971202745672,3,0.3191016095543507,Q1_Train,0
40,133413.93504390022,17859.754210141164,12,0.4037557812659638,Q1_Train,0
48,22401.680171306245,12631.79203809776,3,0.28792216353478045,Q1_Train,0
28,167582.64186195235,64047.27061227692,2,0.14107716720382468,Q2_Train,0
25,21750.46830796837,8647.090465392816,4,0.18780833607732583,Q2_Train,0
21,46753.32093075372,10024.84870882484,1,0.4146385509733476,Q2_Train,0
20,34277.923461161845,13092.260235126676,13,0.11645131915597615,Q2_Train,0
49,77726.66670088629,41910.33435002442,1,0.7453759690042903,Q2_Train,0
20,30337.514568277962,6555.563258197108,7,0.22508754880011164,Q1_Train,0
46,234981.965802072,46522.683516706136,6,0.26183196829612265,Q1_Train,0
49,48315.36816723866,26091.325039215153,8,0.22116495077646145,Q1_Train,0
68,194291.5066855592,23961.459837150036,0,0.3943736950865246,Q2_Train,0
59,27740.41328098359,17036.39896464545,3,0.18287330586217718,Q1_Train,0
22,49646.230667664946,6836.795814829663,4,0.439800164239407,Q1_Train,0
29,101010.8848303065,51039.47044236736,4,0.31264473337396625,Q1_Train,0
43,83586.72764031572,15758.835520722374,10,0.33453022309551367,Q2_Train,0
63,21118.85932707471,7258.8206639564905,10,0.3111528827383961,Q2_Train,0
66,88815.80665782222,19674.173558096973,11,0.13786757465056995,Q1_Train,0
31,49405.607498870835,26585.280947355583,11,0.2200530777354377,Q1_Train,0
43,164962.9978876561,19006.81857392435,1,0.2821334875585043,Q1_Train,0
62,106809.76414078026,5523.775182591338,2,0.3690601609765562,Q2_Train,0
44,70826.97583130802,7316.560956037283,11,0.17187526133972014,Q2_Train,0
43,72827.41294162959,23348.031891521954,3,0.4168314358954752,Q2_Train,0
64,141282.6290446499,18167.880964820506,13,0.37039257922652696,Q1_Train,0
39,43857.08317571251,5685.869008873604,5,0.8281233710056704,Q1_Train,0
64,111048.86689176036,28909.811394694472,7,0.1637842618667385,Q2_Train,0
47,38782.77872401459,18937.768696993237,14,0.18383619751273475,Q2_Train,0
65,72266.52824370094,13110.33437879388,0,0.4187005335755762,Q2_Train,0
43,127086.83655322595,12801.799480701433,10,0.2005657417747759,Q2_Train,0
53,33369.28991999867,24226.55752390521,12,0.11934048055017762,Q1_Train,0
18,35215.618644744434,25922.81475010473,5,0.5757364662346707,Q1_Train,0
25,80876.71625817401,24269.198369839884,0,0.1480000574168038,Q1_Train,0
66,29751.730057936755,10171.18077089049,11,0.699634672603784,Q2_Train,0
52,51206.28660403563,20160.320829909804,11,0.42691619823958427,Q1_Train,0
32,27598.115128044938,31954.63280581506,7,0.04747810214078328,Q1_Train,0
43,32919.72848384126,8391.52874063133,1,0.45032957367376636,Q2_Train,0
40,48406.2180129866,6114.65871588456,6,0.24008190362577994,Q2_Train,0
41,48750.07872462034,6576.91950357835,13,0.319960398594526,Q2_Train,0
68,151354.9474752319,8505.189731364482,2,0.3358537008616098,Q1_Train,0
20,39958.186703972504,6672.943329302836,1,0.5478607986279764,Q1_Train,0
63,72717.17767858613,10687.81378149859,1,0.15203774712166748,Q2_Train,0
60,109267.53367677428,10282.427186753372,10,0.12976625670064398,Q1_Train,0
35,72761.1805840146,45844.29678214962,8,0.12747864316492363,Q1_Train,0
55,21971.64599945262,12234.344605775845,9,0.4625339737163533,Q2_Train,0
52,30131.292760059812,8723.339062705605,2,0.527274925365207,Q2_Train,0
68,131994.60203660378,7366.74384102662,0,0.3830754737606711,Q1_Train,0
42,95806.40476271615,10932.60914360719,9,0.1268855093706237,Q2_Train,0
34,22846.616010958212,7879.788602789383,8,0.1770315241465884,Q2_Train,0
56,103002.78728703444,24796.57892631321,3,0.18279534223125607,Q1_Train,0
39,227309.74832014777,10455.110739749303,14,0.13770136296925378,Q2_Train,0
43,106871.88660473148,15050.53259047212,7,0.46304704836330696,Q1_Train,0
42,37497.875715314934,16766.445770666032,10,0.0655899885543375,Q1_Train,0
34,31013.50222358795,21281.00862269503,10,0.19373512635061968,Q1_Train,0
30,42632.7787777345,10842.300518523794,13,0.18810746348830504,Q1_Train,0
42,49625.42978320831,14214.755021625555,13,0.2601673601001904,Q2_Train,0
21,155950.36564346045,10827.65112776458,7,0.47273437339966573,Q1_Train,0
20,25401.571522355844,5654.498034856166,7,0.24232336907912724,Q2_Train,0
58,27050.83683845165,22318.498117501076,3,0.347116022908038,Q2_Train,0
62,76387.51310239422,9567.648586313022,1,0.3331544779433992,Q2_Train,0
64,98278.19947226514,8544.28191318356,7,0.3066313590391317,Q2_Train,0
64,33057.2347249357,24947.04887218551,12,0.04090697018969518,Q1_Train,0
39,52570.21306918696,35616.62157918044,3,0.27480423556437156,Q2_Train,0
57,133093.2226045539,54391.77822761246,14,0.1585689472899192,Q1_Train,0
61,86882.48419539745,36515.399861284124,6,0.1745947934322642,Q2_Train,0
36,20130.543437307508,18700.50948581002,4,0.3332719388424579,Q1_Train,0
59,69475.26359095491,32994.988591379224,7,0.5891795069755015,Q1_Train,0
58,64395.63176993796,16453.97465315054,14,0.0625913053525561,Q1_Train,0
54,58523.614487760766,16589.908470176597,1,0.7787754151061002,Q1_Train,0
43,117279.52635294346,6653.834493906941,9,0.10099354982548321,Q1_Train,0
51,33239.40659974647,29568.330769763306,4,0.6611128664128295,Q1_Train,0
62,101990.36881886618,9788.881615578426,4,0.0978717894745629,Q2_Train,0
50,161058.30126928329,11498.10581107223,0,0.5030662118482455,Q1_Train,0
39,40450.63032560353,75267.58000776776,11,0.21462909764183555,Q1_Train,0
38,57739.03641894972,12589.294263827223,10,0.3361811003559006,Q2_Train,0
23,73695.35301613135,21615.76061536319,0,0.2154940949919887,Q1_Train,0
21,42360.07732619795,31381.723214881997,13,0.06658511501972215,Q1_Train,0
47,122964.54923661896,12323.59682814826,4,0.09816601902591622,Q1_Train,0
28,124648.43865924787,11426.324039126654,14,0.35645471003052,Q1_Train,0
48,73315.6498121369,12693.871953698559,2,0.2845834945620203,Q2_Train,0
41,86154.4224898477,9477.11762254355,7,0.481170740672314,Q2_Train,0
54,60035.4218587694,13641.069569348814,14,0.1488543607637995,Q2_Train,0
53,93573.66506168031,17641.603553743655,1,0.2686898626841804,Q2_Train,0
41,43172.48265631283,5574.66820803923,7,0.6581593322152454,Q2_Train,0
48,85553.16691799372,7633.833513733076,10,0.31898872485780616,Q2_Train,0
37,67045.06098063695,47137.17961479691,9,0.28835469305904043,Q1_Train,0
21,61678.0508744924,16542.62151428414,5,0.2595131655699173,Q2_Train,0
32,79219.30656240048,11477.9906094633,0,0.3815610101785022,Q1_Train,0
23,92988.44549343114,31379.021021956964,10,0.25033418108048633,Q1_Train,0
66,132962.62259917284,16672.977900897724,10,0.31816809106767435,Q1_Train,0
47,41889.92773981481,8922.481583522145,2,0.4113605611341455,Q2_Train,0
55,171286.12888212476,7207.175295920302,4,0.2479390947995316,Q2_Train,0
25,23705.926926337277,21074.42379060188,4,0.29687702173137814,Q1_Train,0
43,84783.66043081316,10382.999994371956,13,0.6004325384096684,Q2_Train,0
68,55775.02502046297,34471.39357426086,14,0.2528278396841908,Q2_Train,0
43,85565.30598741159,37563.14072375871,2,0.18642623174704376,Q2_Train,0
21,36202.09640312265,26833.92182956148,10,0.5236139450197493,Q1_Train,0
37,27704.77973787916,111537.04897254588,1,0.13360643629045502,Q1_Train,0
66,31469.39679861318,28070.693539458443,1,0.06266894155814046,Q2_Train,0
29,77904.04111225877,6929.568176546693,14,0.5731086506072075,Q2_Train,0
43,136563.12522803788,15830.867091672444,11,0.5089166878696347,Q2_Train,0
55,47328.80609775903,5529.531284411125,5,0.3102210214468705,Q2_Train,0
60,93287.15811877622,22532.016985262762,5,0.08374763907500729,Q1_Train,0
23,31601.153855699056,23409.62324650564,11,0.4648097411774464,Q2_Train,0
67,43663.286950702975,6287.10821608375,4,0.16979907114184922,Q2_Train,0
27,20404.54661954567,5002.482652958025,10,0.4995383435093871,Q2_Train,0
22,91072.78369401365,6921.42539609655,6,0.3340582998062495,Q1_Train,0
27,105138.91602877747,21914.102694798064,10,0.1425410067508334,Q1_Train,0
61,50404.54124506918,13652.875508057197,8,0.2811058335831328,Q2_Train,0
19,100407.09855465706,5707.485942536517,3,0.3261032871541018,Q2_Train,0
57,20180.97374689581,6345.875467546541,0,0.23650162679738299,Q1_Train,0
37,54050.1956891752,15779.30377113264,1,0.5143105564559705,Q1_Train,0
18,68206.78179683237,11241.217501900006,10,0.17550410602199765,Q1_Train,0
54,23392.044513500197,14375.43033221105,6,0.03028916240047936,Q1_Train,0
26,81052.54511749532,20121.029637019223,5,0.2131603000330938,Q1_Train,0
34,59212.282843800625,7615.426453437125,8,0.18999530263529296,Q2_Train,0
32,65171.57579299464,5335.114808743342,5,0.062346990724415914,Q1_Train,0
55,23344.414945425804,14331.356694229553,11,0.3598149945223467,Q1_Train,0
52,86188.53477446265,23141.77234808873,8,0.3683171581909929,Q2_Train,0
47,39422.3871066484,27989.488177436175,2,0.15012188291541786,Q2_Train,0
66,31684.018661545713,101066.51464737154,0,0.5214549144186951,Q1_Train,0
22,49495.30776077778,16964.853989011077,10,0.5421450824110774,Q2_Train,0
61,22669.692393004323,17366.21775012499,9,0.17700103228758227,Q2_Train,0
31,57446.09579446085,35056.160976059735,7,0.42835234108541437,Q2_Train,0
28,51333.5196000142,5437.076359425093,14,0.11000449507061996,Q1_Train,0
26,420766.85212461196,20022.207730094127,10,0.13519625001325147,Q2_Train,0
51,44613.66046118846,6556.709444099946,0,0.14818640028494254,Q1_Train,0
52,55016.825842306534,7268.09246699753,1,0.4833789767511667,Q1_Train,0
52,30554.76557805804,7216.9635961975855,5,0.46886036469152104,Q1_Train,0
57,62462.89770667547,10738.288837512395,8,0.10597252915737082,Q2_Train,0
46,98858.6028038781,14367.564954149473,5,0.3747401439911502,Q2_Train,0
25,21746.768318529765,13689.45909527605,6,0.6232789364053599,Q1_Train,0
28,222461.48743843514,16125.35970772704,14,0.3546149387081475,Q1_Train,0
47,32120.955174161143,7848.393214343128,8,0.07391325282037588,Q1_Train,0
52,36385.99444222414,11437.528424472654,9,0.0731639605799962,Q1_Train,0
38,33789.76589402868,49651.80575434745,13,0.27732431250785666,Q2_Train,0
22,164623.03014115745,23574.28535387871,6,0.4276761768711502,Q2_Train,0
31,74171.09763759248,11753.889619491914,1,0.18190387541054118,Q2_Train,0
43,78331.1545166302,27054.84467118353,4,0.2519026765759067,Q1_Train,0
21,122622.73920759521,11322.30165492997,12,0.21433430628411282,Q1_Train,0
59,96794.29908355308,6026.898456491411,6,0.3674190778750401,Q1_Train,0
42,104334.0437059751,16250.917047376843,3,0.18760690984638514,Q2_Train,0
35,151093.13109917712,11841.216392826853,12,0.4475733298169483,Q2_Train,0
57,80666.54942932243,54785.2794460352,1,0.27096590977984325,Q1_Train,0
25,34062.07263247325,28675.618402402444,9,0.2805081251105286,Q1_Train,0
31,72054.21214644077,8558.890004938881,13,0.07080902535190266,Q2_Train,0
49,60404.922766657444,6329.479053204572,13,0.40178099489530533,Q2_Train,0
55,153063.49805073318,25013.020287483316,3,0.20820617739223082,Q2_Train,0
32,31078.281336497952,15180.89911205885,3,0.29562825746715704,Q2_Train,0
50,116425.78800755698,57372.03331900076,12,0.07231609358659338,Q1_Train,0
42,30804.185491813125,30768.619011437608,14,0.6601201561513498,Q2_Train,0
50,31572.14987437125,8257.63585585621,13,0.14916396095721954,Q2_Train,0
64,55549.353274099434,30702.879501838233,7,0.19998353046945602,Q2_Train,0
57,202103.3303354658,23844.546698568327,1,0.3584472242472171,Q2_Train,0
68,21995.537409260607,63008.03423150475,9,0.26108085677538967,Q1_Train,0
56,166121.79183318416,14314.994118538134,3,0.47581693388395013,Q1_Train,0
69,256376.18648464748,23495.777186394884,14,0.45859025086547783,Q2_Train,0
32,47437.441807471565,5598.109924400845,6,0.10220948282950121,Q1_Train,0
50,227196.64042018246,20671.670802444114,13,0.4415799293633712,Q1_Train,0
69,30353.833709066446,9384.084855833557,0,0.07859423717297702,Q2_Train,0
47,120051.41434625986,8016.934015867301,14,0.4047331795814691,Q1_Train,0
53,35237.86010667129,34981.93483490643,13,0.13869814239145406,Q1_Train,0
46,22287.030354080307,28220.867273525462,2,0.3406749589395224,Q1_Train,0
50,22763.845413799623,24913.14073119801,14,0.0751288205851412,Q2_Train,0
54,149096.46534983173,20473.434732300273,14,0.4718479654323201,Q2_Train,0
50,128851.68216162887,9628.108112430604,6,0.31153746130726284,Q2_Train,0
39,27037.11622688879,7202.887009477798,8,0.16754194912736023,Q2_Train,0
19,161157.51357694448,15732.779800899105,11,0.1079254328410908,Q2_Train,0
27,25912.907820200424,10220.1336027494,4,0.20007598314403577,Q1_Train,0
55,85164.12072843502,15508.892849996493,2,0.45212426659172356,Q2_Train,0
48,22704.637273052198,7635.940582263453,10,0.254175637115058,Q2_Train,0
64,27640.303096490883,12276.537225004009,9,0.4321225960918645,Q1_Train,0
69,45286.27018984355,33920.64085086537,7,0.23400666686528881,Q1_Train,0
46,86953.62046941153,11631.398094211934,2,0.25361256921187625,Q1_Train,0
25,39000.88476243774,17156.329774935268,6,0.0824396702749017,Q1_Train,0
22,53073.075098044166,7493.086989742242,10,0.4471328244861873,Q2_Train,0
64,173841.76304548996,21244.1079402986,2,0.3274971446314,Q1_Train,0
21,33088.67584999703,20912.551487707864,0,0.45602012968738825,Q1_Train,0
62,160519.25445778167,8864.54123045708,13,0.18408898334589116,Q1_Train,0
19,45201.69952396923,25523.62126796149,2,0.19594805420591108,Q1_Train,0
68,36814.75020197568,48166.17782489319,10,0.22824236254687508,Q1_Train,0
53,73292.62506662769,8548.700626814178,13,0.5938528566356793,Q2_Train,0
53,64878.74668552956,5254.167506063811,14,0.06836852809035983,Q1_Train,0
43,25249.186268694135,46395.879220860035,6,0.15236629763779647,Q1_Train,0
60,286664.3092813887,11323.273172791301,3,0.1279250771176127,Q2_Train,0
44,45575.99833588274,10574.876677510678,13,0.4296904427109242,Q2_Train,0
37,128473.43049590026,9206.350670454303,9,0.29288914193247356,Q1_Train,0
27,94344.4363812112,40772.16736607497,4,0.16199205478651515,Q2_Train,0
57,198464.98998614194,28130.640363121754,10,0.673574169228011,Q1_Train,0
55,42231.20245820681,21817.837045853386,10,0.04388991491172435,Q2_Train,0
23,45982.3517656763,10090.053857875384,8,0.32982510906884377,Q1_Train,1
25,137998.03128301835,16876.737923904555,5,0.15134572804917154,Q1_Train,0
40,28696.41600678416,9056.813368108065,14,0.15557375639714807,Q2_Train,0
64,21450.581773740596,6773.429407255348,9,0.02111900566241809,Q2_Train,0
43,139783.8394397511,6922.495081341618,13,0.1808744221008469,Q2_Train,0
29,23000.122976481533,59320.83330784983,11,0.570601816761183,Q2_Train,0
43,28490.645680967442,85943.79438454106,0,0.18729522916211244,Q1_Train,0
30,25564.042486744915,7427.634869334313,1,0.270534449046144,Q1_Train,0
57,77508.35438230963,13360.962008013046,10,0.46221837221400425,Q1_Train,0
35,66571.49689486087,26920.184407963145,5,0.10354489938483681,Q2_Train,0
42,42262.4445399737,51538.68404556883,2,0.2974739609073549,Q2_Train,0
50,22956.908699624073,38290.37451365157,1,0.254982422087484,Q1_Train,0
57,62212.51537496494,6335.696976181398,6,0.41456431059890186,Q1_Train,0
29,139795.20029488794,13623.462289744664,12,0.02512138255976323,Q1_Train,0
21,63312.56630870585,34346.375712599096,8,0.1987136495989643,Q2_Train,0
22,34174.47071683638,8835.668017173159,10,0.3025006720590894,Q2_Train,0
54,38498.758457210104,11726.028612009099,11,0.0780210943810245,Q2_Train,0
25,128467.23313673747,13907.921010556813,12,0.5937143783412908,Q2_Train,0
26,58122.692378349304,54693.12461259556,4,0.17777456537125366,Q1_Train,0
68,107594.96633135025,34471.044836139336,14,0.10985474072510784,Q2_Train,0
46,251523.72237602473,16091.799414791867,11,0.4982571502507929,Q1_Train,0
57,34545.001230212496,8647.75748195802,0,0.24305566785083565,Q2_Train,0
58,26065.08721898622,18457.533222981107,5,0.3665782513633711,Q2_Train,0
39,27593.4764026066,50776.83514498869,7,0.4138912740915507,Q1_Train,0
18,123458.39499347267,35550.27794645026,2,0.11165723565660442,Q2_Train,0
63,97902.81474249791,69803.79905351461,8,0.2517284019543497,Q1_Train,0
54,76003.7430428879,11114.059512325632,4,0.17025313025225805,Q2_Train,0
63,122893.86491691621,28342.981038720536,0,0.5142416082679406,Q2_Train,0
40,61024.81268072123,9674.84685206116,9,0.26864559904924007,Q1_Train,0
18,21109.903299223923,10248.94526168262,8,0.1215613041293608,Q2_Train,0
32,59184.022689563215,17281.505219236642,6,0.39274520199240415,Q2_Train,0
64,81041.91357375236,9260.924464711721,1,0.30040603211040834,Q2_Train,0
26,35373.4879506369,27658.868238093022,9,0.3291383211599964,Q2_Train,0
26,32546.01532942268,21923.256268560115,5,0.22881996444801497,Q2_Train,0
69,25514.322863847923,29940.741159071993,0,0.5424064511018507,Q1_Train,0
52,44009.727186586824,23870.45638329363,10,0.2862459952448602,Q1_Train,0
69,30244.813491297704,22538.830429485573,4,0.23890140882037544,Q1_Train,0
42,41949.77073629614,9858.809294864419,6,0.5059441657706779,Q1_Train,0
43,40591.05726624136,17777.46643198082,10,0.1106184567056898,Q1_Train,0
28,54583.98036350614,26505.68283101371,4,0.4740623335361756,Q2_Train,0
24,27783.782276667287,22465.626901083393,5,0.23691900907490224,Q1_Train,0
35,123185.1462772579,9812.377052097692,1,0.1530230029750879,Q2_Train,0
51,64747.597831484694,19994.228601929903,4,0.24859372842678482,Q2_Train,0
44,59564.13166281285,26391.65173546118,6,0.6410530968103989,Q2_Train,0
34,60703.453960507766,7302.914775642411,0,0.40997348848674897,Q2_Train,0
60,84251.66193461209,7882.314342369678,9,0.07628212326246192,Q1_Train,0
61,44038.12945207789,5182.141598457044,8,0.1261300733462526,Q1_Train,0
68,39216.988625061495,16381.267830055302,8,0.18468046231524105,Q1_Train,0
42,32429.160661393144,15399.481634708533,10,0.2889243160513715,Q1_Train,0
41,56545.716597246545,8009.669926820658,6,0.07740470778864648,Q1_Train,0
50,58664.622584508965,8376.204258338765,0,0.11642668948312206,Q2_Train,0
60,88254.20416226584,11241.676785987169,2,0.2162158179083362,Q1_Train,0
66,67790.94555423892,11950.472874633957,13,0.1967789272699471,Q2_Train,0
34,68684.51281398864,5434.801581408043,13,0.3408137412254616,Q1_Train,0
58,128271.37532936562,9167.471930738997,10,0.3201144291799198,Q2_Train,0
37,79779.20969469093,16192.94197484514,9,0.0482710770240417,Q1_Train,0
39,22682.891948996854,25985.15874435027,5,0.24053347768066272,Q2_Train,0
45,58205.14417019055,16642.768422595786,1,0.4125160259167659,Q2_Train,0
57,37924.07143632545,19289.232373610117,11,0.1307506928493107,Q1_Train,0
66,36771.41768443899,16314.063696316309,6,0.4316106319515288,Q1_Train,0
24,44686.620329389276,74654.66531002747,1,0.09853363023198931,Q2_Train,0
18,20031.983270141674,28525.833213802558,5,0.7447079826099011,Q1_Train,0
49,51429.890635326265,26136.99961430923,5,0.2632937694148231,Q2_Train,0
46,54252.58533051478,7347.205565402483,4,0.15163831254276294,Q2_Train,0
66,102821.57516647087,40123.956329660345,2,0.14462085145442527,Q1_Train,0
46,44646.04886779679,18828.76215385019,1,0.6959949337145996,Q2_Train,0
47,90503.40846120089,10651.517344910346,12,0.14424765554958507,Q1_Train,0
36,48123.7294617773,10161.637683790043,3,0.2252037611159695,Q1_Train,0
35,63529.1914591336,48527.886093863795,6,0.34630041970875125,Q1_Train,0
18,90832.76305531814,7649.078369547951,4,0.14962718574976844,Q1_Train,0
64,213700.18014098261,50484.26600992536,3,0.10774629363017288,Q2_Train,0
19,158181.34203276553,16481.741577347086,6,0.041774167939514474,Q2_Train,0
66,132328.11907443998,29223.788060136772,14,0.3022502974503507,Q1_Train,0
67,38628.98931292681,26635.76477233184,4,0.010433585935215017,Q1_Train,0
47,38661.66577798466,28348.20353866491,2,0.1767710538221406,Q1_Train,0
55,32944.2922694312,15194.022823566373,7,0.15426073501299764,Q1_Train,0
68,39064.038634723234,5634.512215142322,5,0.1393247085235053,Q2_Train,0
21,32007.147776492944,8314.65506820289,14,0.5136402080464725,Q2_Train,0
46,25391.027782746885,19000.418423805575,8,0.13946359397053512,Q1_Train,0
56,27707.60900863125,17033.65006707164,8,0.4547679931501564,Q1_Train,0
20,119031.83341208778,13661.435611533,1,0.23983527071540198,Q1_Train,0
27,29272.62328927382,24038.868235877464,12,0.37706697893378843,Q1_Train,0
27,55735.847465091894,40960.87740220886,14,0.06886100981139855,Q1_Train,0
36,46949.9436013545,27042.773582104262,8,0.7604688791686707,Q2_Train,0
63,32369.35027590407,6918.152338890132,3,0.26789484136794206,Q1_Train,0
24,31551.97052845121,9159.182219179165,13,0.229440498340829,Q2_Train,0
20,46876.99917804065,24910.936705515363,6,0.2825514306665887,Q2_Train,0
41,28053.67098659559,10521.012558820663,11,0.08902856251446088,Q1_Train,0
40,73473.1913735317,14265.700703043523,14,0.37717229150779535,Q2_Train,0
25,96912.17835863793,22108.87831228764,12,0.16939963363857738,Q1_Train,0
25,27004.518154597485,30104.866496998577,6,0.5351514248485771,Q1_Train,0
51,39706.75348810918,14365.50953930545,3,0.14025406999425413,Q1_Train,0
49,76410.74306698138,38694.67487382992,11,0.36414670792621107,Q2_Train,0
63,174876.30196673798,11401.840351852532,2,0.4270910783665522,Q2_Train,0
69,105537.83814941271,6381.023536126737,14,0.3308579230293929,Q1_Train,0
31,27634.404407563197,42141.940132182186,5,0.20563206250695754,Q2_Train,0
65,36574.18401973315,17471.120230614786,5,0.29601482785208016,Q1_Train,0
24,53506.17558249125,6100.71821082212,4,0.07839339345966471,Q1_Train,0
24,81543.97948766599,22292.258511548218,5,0.31269743492093216,Q2_Train,0
50,44608.216513335734,24957.84853791228,12,0.103297905705407,Q1_Train,0
38,132115.63937227227,5101.385619382738,4,0.08380912895080453,Q2_Train,0
65,33739.258187094485,16586.75300416962,0,0.28683360292500615,Q2_Train,0
46,25678.25824348613,24188.694607182955,1,0.1827961906498501,Q2_Train,0
35,79737.38447710223,43125.849892108854,13,0.14229211035246306,Q1_Train,0
18,150283.08428089414,23113.02485198852,9,0.0723143502982508,Q2_Train,0
64,32147.311442273793,15823.160246769603,3,0.6002596896674232,Q1_Train,0
22,34761.66082296166,7279.704522652699,5,0.029646665056440282,Q2_Train,0
37,37621.3581282652,12271.89107053213,4,0.011497375066116535,Q2_Train,0
28,93166.99924611744,17745.494433678563,1,0.18583237944104722,Q2_Train,0
59,47896.42825601177,133407.86667280627,0,0.08819018665761061,Q2_Train,0
19,105555.43551585173,7036.980099913662,0,0.3647452257753408,Q2_Train,0
40,152600.33655601702,107745.10180291184,5,0.0474079402255158,Q2_Train,0
22,110786.60871316373,9489.866478368138,6,0.23800587115974303,Q1_Train,0
54,159089.62472982754,5050.522596392289,14,0.39956478307555554,Q1_Train,0
47,26691.86306316201,28395.44551983479,2,0.16069070805183355,Q2_Train,0
61,35225.1131638735,17400.35931816478,0,0.1540910180285242,Q2_Train,0
52,88439.29429108676,18005.73506087484,1,0.3505605355109619,Q1_Train,0
69,210086.1005259324,16745.707115145116,14,0.5298121543693781,Q2_Train,0
39,65175.57444988577,64358.048008206875,6,0.14344814030213857,Q2_Train,0
61,115051.20306831253,5185.425311681417,11,0.4661611608485055,Q1_Train,0
34,21865.971359354102,15530.416053323255,9,0.5366360283328967,Q1_Train,0
27,65406.746219412555,10207.705261289637,10,0.20420867995919065,Q2_Train,0
47,44631.53316189484,16168.858103377932,3,0.4108123256284114,Q2_Train,0
49,48286.18507257989,6379.37714538348,1,0.4895366221006056,Q2_Train,0
68,139568.0107433609,6979.193024916807,12,0.35427742965539255,Q1_Train,0
31,47595.89047525608,15753.922636447998,8,0.22121264772130889,Q2_Train,0
26,114773.74990904586,7172.294807109149,9,0.2022178229635723,Q2_Train,0
42,30092.86922614707,13925.89496670447,12,0.36679069363212835,Q2_Train,0
26,112399.824229101,5714.413189292321,14,0.18212102665118998,Q2_Train,0
39,44542.890820705245,7047.277593043247,9,0.4385634929486274,Q2_Train,0
60,70868.63854139455,13783.528515070999,5,0.2914181896133864,Q2_Train,0
63,163209.0577710548,36114.93369385008,7,0.272065032845943,Q2_Train,0
21,31903.907393700916,17152.8277948083,6,0.3385110500386189,Q2_Train,0
43,23041.163307842686,24770.746899478912,6,0.6891829609376645,Q2_Train,0
51,30370.836721887827,20653.876109971778,3,0.3101873219440981,Q1_Train,0
40,131068.31834656274,20076.888902343686,5,0.35093945330553816,Q1_Train,0
54,20371.550013226908,6111.610870986263,1,0.2978340069308174,Q2_Train,0
23,56381.835908681824,14698.41447489593,4,0.28966121349551505,Q1_Train,0
38,75701.72415405001,25940.171310726793,4,0.6035837745644982,Q1_Train,1
59,48232.860555988314,12350.967940214789,2,0.21002519880255197,Q1_Train,0
53,26142.963609412927,21328.454931924396,1,0.36414337648709544,Q1_Train,0
51,32489.467371873885,18599.769063225394,7,0.13141147854018229,Q2_Train,0
54,214645.0724095461,21055.05134758171,3,0.12209147072839323,Q2_Train,0
42,216589.6560324105,31953.179423999227,10,0.03106170625767732,Q1_Train,0
55,43752.12212599735,20187.29753528814,13,0.5194999335175252,Q1_Train,0
29,21292.761441892228,7596.97302426657,8,0.2710628900500125,Q1_Train,0
59,108896.3965213055,11015.120814086484,9,0.17932757509629155,Q2_Train,0
44,106361.54732174572,18562.14027374185,2,0.5055948938391926,Q2_Train,0
48,147492.99162203906,18365.008191661465,10,0.20249450682614561,Q2_Train,0
44,31203.758579978487,16750.16947546091,13,0.1252879162000658,Q1_Train,0
57,46510.72048722391,5121.802566288162,0,0.20631159311250374,Q2_Train,0
51,65919.95087059378,6518.005540239067,2,0.08044364224225632,Q1_Train,0
62,55749.693268059375,9405.151068325074,4,0.5594690747372802,Q2_Train,0
34,104179.66487916188,5447.187079198,8,0.12844794215036456,Q2_Train,0
38,142516.9575589768,5411.018053796091,10,0.17387512367207664,Q1_Train,0
45,109458.6576787575,5005.863983765584,5,0.25793704205857954,Q2_Train,0
63,34643.27739430974,28587.461666582436,14,0.3282012043181342,Q1_Train,0
60,54699.70131488336,17575.590596013153,4,0.19498338149869127,Q2_Train,0
53,22267.87428738102,24594.58149110566,7,0.5288244960661728,Q1_Train,0
57,33003.4377290696,8958.76794855019,7,0.436526952741397,Q2_Train,0
28,31224.60975339233,42815.981364792366,1,0.5973887006850881,Q2_Train,0
66,35323.998331089046,16762.259316636955,11,0.39619341947041503,Q1_Train,0
57,46632.510861464645,31880.14821805146,2,0.29836298041826925,Q2_Train,0
52,27508.499747581427,20239.744793041977,0,0.38729909498953374,Q2_Train,0
51,55389.98475530939,37922.62200261285,13,0.36916549380877656,Q2_Train,0
64,74685.97813515304,50579.020880929114,10,0.07708953554966347,Q2_Train,0
41,97089.07816949386,46026.8820454852,3,0.34604882889495236,Q2_Train,0
39,82145.07992771768,11438.853576597186,3,0.5890623609069483,Q2_Train,0
22,27987.078560066715,12591.827962230764,9,0.4474692298313262,Q2_Train,0
50,50446.47339997316,9126.500687133766,3,0.5009120099218691,Q1_Train,0
53,21967.518519946214,32194.425775014606,3,0.30338865832144307,Q1_Train,0
64,20897.914289771663,6948.634097295397,8,0.42033091517453497,Q1_Train,0
37,49002.570607531045,11579.513399248128,10,0.3836515713381727,Q2_Train,0
52,77499.61537344189,18544.92680895767,0,0.3444460497918766,Q2_Train,0
60,132882.36678083942,9294.994760524041,6,0.072822613630813,Q1_Train,0
34,91498.21066764141,25018.66452692449,12,0.5161056435291796,Q1_Train,0
51,35943.04613344653,51909.98525214166,1,0.5655203270787413,Q1_Train,0
19,25140.63840127436,66333.32876415484,11,0.496057304476844,Q1_Train,0
26,56801.12058772649,12354.310730449633,9,0.5505182250904201,Q2_Train,0
26,83716.42142307325,20654.609792207055,14,0.26233205096836304,Q1_Train,0
18,56936.418510337026,16515.371008429094,10,0.3577992484752244,Q2_Train,0
42,56317.48908743653,9112.249262932362,14,0.3119543066408404,Q2_Train,0
59,81875.80874422457,16893.118317216627,10,0.30926415494471177,Q2_Train,0
20,25744.050748616322,5636.25569504894,7,0.1455407011351181,Q2_Train,0
54,91025.35601069947,8447.125169878364,8,0.3254574301760437,Q1_Train,0
61,40372.65066849708,68820.37624289303,1,0.5392792232909296,Q1_Train,0
55,25476.762251632157,17794.686878239092,6,0.026608085519284685,Q1_Train,0
51,41034.78386614891,17141.332182547132,14,0.30947699007325224,Q2_Train,0
54,46875.20412168934,12512.635128675865,8,0.3862767774622444,Q2_Train,0
34,23192.880284431754,10117.78788051763,4,0.1111650526278855,Q2_Train,0
66,21216.609867562613,15948.661781885194,6,0.3228136688397606,Q1_Train,0
29,31816.685277572506,24580.39063113192,11,0.5624943764291223,Q2_Train,0
33,79609.16357882333,17494.531379226486,10,0.5872463147057421,Q1_Train,0
25,40542.51686740566,6369.971990774453,4,0.30533501557498893,Q2_Train,0
48,68339.19829401872,64797.47113529271,7,0.05251798908053787,Q1_Train,0
38,36838.54323608648,8050.063516348757,8,0.2448199189879,Q2_Train,0
34,144579.37292408923,9832.574596054856,12,0.10220358038975379,Q1_Train,0
40,95933.25989322449,51330.59283299667,3,0.3666343586343548,Q1_Train,0
54,33939.610322895656,8096.9032559892785,10,0.15312853651072572,Q2_Train,0
33,168597.57705796152,7796.619037792315,11,0.1842252968881657,Q1_Train,0
25,72758.23965378254,9341.016666891537,1,0.24406709821165856,Q1_Train,0
42,87905.41359679989,6492.774023254044,10,0.4474665294224947,Q1_Train,0
29,41113.371955582305,9934.212175924768,3,0.18998058239374901,Q1_Train,0
32,30522.404874645727,22814.629048153256,5,0.1947892862367616,Q1_Train,0
43,115092.48821006934,12541.354682099249,5,0.10593219072341592,Q2_Train,0
58,80684.20412966394,9559.585975469532,1,0.5290589532203003,Q1_Train,0
62,24536.91234604521,7333.104298426269,0,0.2836361351069641,Q1_Train,0
33,87650.74328726501,12845.929696123758,8,0.23119108783863784,Q1_Train,0
34,42544.47600307732,8009.668404782697,11,0.037068607512492406,Q2_Train,0
40,55311.22548562676,9880.309626243019,6,0.4971594512331077,Q2_Train,0
43,42390.14798927076,27966.77283175107,7,0.29724240780399597,Q2_Train,0
38,96500.97415716138,13105.917587967466,5,0.279332721833549,Q1_Train,0
24,63916.22240343748,5831.743877667588,14,0.2255776559887741,Q1_Train,0
31,49532.89864830636,13679.300159582082,2,0.30966357192328053,Q2_Train,0
32,32601.214454438123,5930.009964690441,0,0.29871332018505575,Q1_Train,0
24,72984.0163284028,7865.6718193680135,0,0.32770981910563024,Q1_Train,0
26,77850.78132001517,24522.485913757817,0,0.3054201841721615,Q2_Train,0
68,77789.39624686417,14819.972966288155,10,0.4786098197132292,Q1_Train,0
65,21367.790876988543,14880.082961627659,10,0.3276199700696372,Q1_Train,0
25,134692.22054507156,18677.68781858398,11,0.2529499505682494,Q2_Train,0
40,88161.27769606496,7590.071163356587,1,0.24904538578225965,Q1_Train,0
46,91315.60626856763,7850.122029953304,12,0.20706288957382094,Q1_Train,0
35,72570.45183636787,6941.448945173752,11,0.2512289230249533,Q1_Train,0
69,22051.449300090095,6458.246912803999,13,0.4459203612437623,Q1_Train,0
56,91752.34265940658,8739.340162474367,14,0.08490601334055614,Q2_Train,0
59,25469.474814719106,24400.563116425907,7,0.3899810238339147,Q1_Train,0
34,59958.995375720566,5870.504112905046,8,0.09523140594491136,Q1_Train,0
52,27110.98871088325,19395.472262143943,10,0.30899953572782973,Q1_Train,0
61,73900.51969134461,5687.797512884999,4,0.2013590668127158,Q2_Train,0
62,62799.07909699974,13322.578984936397,13,0.2203583013579751,Q1_Train,0
51,21569.22520349053,15499.609448064071,12,0.16978001049197736,Q1_Train,0
20,31246.188549693925,40567.632904420556,0,0.41688312547530987,Q1_Train,0
60,23766.16342408637,7306.80777352784,11,0.3344361148617223,Q2_Train,0
57,41903.532352780705,10122.40887051575,5,0.12125998799570573,Q2_Train,0
43,21378.967331702028,21730.062125916207,14,0.26508397730279104,Q1_Train,0
40,60280.363293324415,6783.7094211878,11,0.339728210616435,Q1_Train,0
56,36913.91070650999,87008.57259280034,7,0.1307805985239636,Q2_Train,0
32,140659.98389621422,5083.249150953808,12,0.1369892592463255,Q1_Train,0
66,54939.840396987776,7476.362566714586,5,0.29378207576943494,Q2_Train,0
46,65622.62514641118,6603.459158451582,5,0.2301070892603465,Q2_Train,0
39,31261.751525860836,5513.298259658543,2,0.21162030285585312,Q1_Train,0
42,23865.42210490875,6939.886083717479,6,0.3038101881751379,Q1_Train,0
35,171339.52670862232,79666.42076851205,0,0.147877956762515,Q2_Train,0
50,84478.49984059454,18397.242237505707,11,0.5339511586039349,Q2_Train,0
59,154140.10914873643,16572.53497237278,0,0.19542601698246298,Q2_Train,0
52,40537.703271023136,17825.341755233712,3,0.18827535756485234,Q2_Train,0
51,62633.24249007297,8310.335058724895,3,0.28719313627351784,Q1_Train,0
47,62930.96981689936,7847.517465096607,13,0.21159248047556117,Q1_Train,0
30,172075.49867421,34391.44398953456,8,0.2629041747777332,Q2_Train,0
35,78689.58103712893,11063.831087581128,7,0.11575697701180594,Q1_Train,0
49,29725.389153492368,12201.410683354294,14,0.379847538600095,Q1_Train,0
56,58839.1268848239,42365.42727515382,12,0.579635913618745,Q2_Train,0
63,54051.64220811608,7076.422657243193,13,0.24128443079479547,Q2_Train,0
66,51132.36051405153,29711.27640160469,11,0.0920376597081182,Q1_Train,0
33,53538.58888514819,7413.153254924879,7,0.4837638122979688,Q1_Train,0
61,24034.355042965195,13086.803704858177,0,0.4739960570195732,Q1_Train,0
64,30583.861577997355,24539.500473557448,1,0.19686698073565415,Q1_Train,0
27,39354.69677033191,9737.289629361236,9,0.41051102975648085,Q1_Train,0
56,119514.82711589464,8118.301397725388,4,0.12739362241989957,Q2_Train,0
22,20760.150628806638,8138.381960747474,11,0.23305708687398322,Q1_Train,0
47,48290.751704340524,29337.761358533113,9,0.11636409948625662,Q2_Train,0
20,109554.51606932099,7548.2924984363835,0,0.34372383283283975,Q1_Train,0
67,25849.976834031655,13968.848795077556,14,0.5061950506246823,Q1_Train,0
21,70334.09641040929,9462.951869171275,13,0.17812615777151308,Q1_Train,0
54,76952.57520149028,21651.03859983108,10,0.27056813326274504,Q1_Train,0
42,35418.13392685481,52169.174407233586,6,0.13235271836709583,Q1_Train,0
26,61293.31139086795,11944.17726762765,5,0.6353252020250304,Q2_Train,0
29,27904.173650045585,9018.669644770163,7,0.4080693992484095,Q1_Train,0
54,130978.235709348,62342.20467126116,5,0.11664383780954529,Q1_Train,0
60,59903.75164402433,6707.164037134311,4,0.12959995756507067,Q2_Train,0
56,37827.53675958127,44265.50537953895,11,0.20352030979989333,Q2_Train,0
63,30034.073435190596,6220.0278168993145,6,0.5865156228225121,Q2_Train,0
41,49507.117741861235,14070.528449354053,11,0.3646215410885654,Q2_Train,0
28,34009.98864195561,24288.25427801157,7,0.06065216261609005,Q1_Train,0
30,57522.28260876283,5510.291981807739,13,0.2776052237235826,Q1_Train,0
51,36096.96812452301,25965.238659325205,3,0.30951472940415564,Q2_Train,0
42,119935.32067832537,11722.518470012837,1,0.10674466677561038,Q1_Train,0
21,101859.40424170936,16789.83628502004,5,0.4149149752672359,Q2_Train,0
25,40039.72686569103,36064.874487942936,5,0.12291209836623805,Q1_Train,0
37,39298.419332390586,21905.312362330194,0,0.17084487829152323,Q2_Train,0
63,69528.56721546606,46547.74637704446,12,0.3021572162191048,Q1_Train,0
27,27936.93486383158,23274.19949585283,4,0.236678761998493,Q1_Train,0
60,195602.75651292523,16774.738799313825,12,0.04783689797551993,Q1_Train,0
43,34397.9126745382,38312.81394261765,3,0.4234485017407572,Q2_Train,0
58,84398.51058982844,28590.7785286057,11,0.06635296449177323,Q2_Train,0
64,60115.161462465585,8207.29357192944,12,0.036381205393865204,Q1_Train,0
40,39044.62381748308,23472.466698424483,12,0.30724195811961486,Q1_Train,0
26,53086.871217649335,7443.854588372007,10,0.14400316735425975,Q2_Train,0
66,195223.35497324803,8340.306846663982,2,0.40707109661393054,Q1_Train,0
59,48541.65730619308,33978.55336634304,10,0.08893530204402675,Q2_Train,0
52,46046.67740684433,5045.08425918479,10,0.33095524235221485,Q1_Train,0
35,107701.19743104247,16043.714213756652,7,0.04380228637010557,Q1_Train,0
34,28498.93548878546,43293.71222990038,9,0.24226569529829442,Q1_Train,0
20,84543.90114305432,6618.352333580561,13,0.02550362373334876,Q2_Train,0
30,30286.80335230968,5206.619141351401,6,0.24569958110170306,Q2_Train,0
64,38027.73510412683,12837.46361109635,1,0.2455203028612567,Q1_Train,0
42,53280.98554597072,8994.424718413218,9,0.38315570398845966,Q1_Train,0
21,25603.99590457334,15601.222600149937,3,0.6064384899967474,Q2_Train,0
31,159221.1817727136,23177.1429355645,10,0.4419332305470087,Q1_Train,0
58,51489.44932031534,8983.163037095044,6,0.3703518887404921,Q1_Train,0
45,27605.010631987712,20058.564887487417,3,0.29097884151867354,Q2_Train,0
46,26727.908924679326,27441.606355400843,10,0.6198964297914226,Q2_Train,0
26,50145.82458640491,62106.19227680911,9,0.29306592536451703,Q2_Train,0
20,56230.33506804562,26969.08120071768,9,0.3506437437913121,Q1_Train,0
42,27157.993819702056,7567.430278851516,11,0.18449010471378882,Q2_Train,0
51,214112.8478017313,8831.179117939664,12,0.12034714818670678,Q1_Train,0
59,50702.138533917474,16229.514761909451,11,0.19396649775458902,Q2_Train,0
26,32184.507061219618,10252.045791736131,5,0.39645192133068324,Q1_Train,0
32,54053.2873386581,14573.728417914166,2,0.28747940783573905,Q2_Train,0
57,90532.75084606302,41956.812444961375,7,0.13681134514550952,Q1_Train,0
42,56813.38388641153,26134.19696635892,0,0.2831535696734387,Q1_Train,0
28,34277.32496953283,64101.65015822808,14,0.39555764349980854,Q1_Train,0
51,91134.31045960977,28762.008632296696,12,0.31286680963015684,Q1_Train,0
32,43099.11387640015,6787.957926972847,4,0.31682277177252544,Q2_Train,0
55,28213.241261056195,17110.495237360286,7,0.43766625529460457,Q1_Train,0
25,34918.67306352453,11460.686249023429,11,0.597571030847518,Q1_Train,0
43,85820.54479889384,9129.403452021961,3,0.5622675282274983,Q1_Train,0
35,61154.507654371795,26613.527784811966,10,0.42575882862509984,Q1_Train,0
65,56785.326508685495,28181.465387195065,0,0.25787338746674865,Q1_Train,0
30,64629.16505664691,17483.510846466874,10,0.24948827529802425,Q2_Train,0
45,23098.300030600098,20129.5467123567,12,0.15890421416369177,Q1_Train,0
22,200414.71458139256,5964.143230194158,4,0.44774618078350087,Q2_Train,0
30,51315.468734012495,18223.980744282027,10,0.3978279367608366,Q1_Train,0
34,150545.1133450145,10365.37344315886,5,0.1733222635318836,Q1_Train,0
67,20492.826555680866,15197.37155102053,3,0.09629495586979055,Q1_Train,0
57,34221.59437717393,8765.644383508383,3,0.09113499368915422,Q1_Train,0
49,93400.42834194763,7393.182744383299,12,0.4549395513318771,Q2_Train,0
68,111783.21943399926,8131.425700889822,11,0.5636386199077518,Q1_Train,0
20,109304.38890074374,30512.162523553045,13,0.26966467020829704,Q1_Train,0
51,74798.06082496463,24616.53103369362,4,0.07453402387774691,Q1_Train,0
57,80225.2626481003,5872.504330869983,14,0.4604107162376541,Q2_Train,0
23,40216.299747945086,10120.001163193429,10,0.6496596234320213,Q1_Train,0
33,41468.6215850735,15450.401772623798,1,0.39213198865880766,Q1_Train,0
57,27083.84683975693,7166.131058649075,5,0.0571481170966762,Q2_Train,0
50,104486.18711110423,19701.58169790796,7,0.1335347120189576,Q2_Train,0
65,145276.88963750104,6117.9266463135455,0,0.16314284197076007,Q2_Train,0
62,27587.67265253693,26371.333771547972,0,0.05989431691101543,Q2_Train,0
59,108315.5857965669,21938.761273834505,0,0.4303419085718555,Q2_Train,0
44,290918.83580077195,34744.867407707294,2,0.6039916872654183,Q2_Train,0
55,66096.06886302713,11395.155269519226,8,0.1531519673623951,Q1_Train,0
22,42712.9422313588,26795.65446634174,1,0.38678175791240454,Q2_Train,0
60,50626.661391612804,8278.384508424344,0,0.19258755451641324,Q1_Train,0
62,89789.25124608056,7560.989979534954,12,0.4386999489892148,Q1_Train,0
48,33265.57864361671,12421.903749509476,11,0.15265097918717055,Q1_Train,0
40,152821.12212695437,49755.030754525054,0,0.19010069327597973,Q1_Train,0
59,121029.62946230028,47956.951788121965,9,0.4226848901317517,Q1_Train,0
27,20918.652939080603,22737.114953094137,2,0.43846871480480476,Q1_Train,0
49,26880.87824651242,15414.628010221822,5,0.306659647857211,Q2_Train,0
56,81617.04590024032,6283.334899646979,5,0.258816607629512,Q2_Train,0
48,24699.67802931302,11938.897959723596,5,0.21529400470282128,Q2_Train,0
35,71761.49928894936,10767.730403971747,8,0.24212195705912287,Q1_Train,0
46,27945.2748848003,5729.960392609399,0,0.29108726503201404,Q2_Train,0
29,62564.36609548099,24577.151230697476,3,0.3613309961538702,Q1_Train,0
49,41951.312991465325,29121.245082923295,6,0.29675008046372964,Q1_Train,0
30,34824.250307508075,7521.52329146701,10,0.5528304057476722,Q1_Train,0
63,35493.64533422658,10906.087865546284,1,0.2776302404877596,Q1_Train,0
57,22369.25126516544,8455.976807316387,8,0.5142232727656385,Q2_Train,0
48,126538.08158744978,8763.553424650278,10,0.4772999730321126,Q2_Train,0
51,132394.47655634274,12209.584751154693,3,0.39996090854193905,Q1_Train,0
41,57168.28291129131,16489.096295184554,7,0.2811978785005559,Q1_Train,0
62,27366.845653614168,5203.042343804129,9,0.045373562356328674,Q1_Train,0
52,61637.24343532696,27732.219636962247,5,0.20470878099266718,Q2_Train,0
65,69528.11124137117,44201.23241535696,2,0.18451837811241192,Q1_Train,0
23,117511.6090120256,32822.363692892584,12,0.2816777547576412,Q2_Train,0
36,60024.97011402551,5568.402297664095,2,0.5495735238057612,Q2_Train,0
47,46441.79157210471,16150.973896392205,2,0.5537541409983904,Q1_Train,0
27,218039.12655397184,11326.535000727195,13,0.01488927074331269,Q1_Train,0
51,65656.67516212663,7292.102861133679,11,0.20522562162880822,Q2_Train,0
32,78264.39339224789,5390.0396016751065,11,0.30790338543402407,Q2_Train,0
54,39357.69756098998,30059.55726936751,7,0.2790975625673557,Q1_Train,0
39,65086.80629143606,41683.54506762441,12,0.26365508510562224,Q2_Train,0
21,110896.03200110096,15046.731757371948,14,0.23824501138469567,Q2_Train,0
44,127327.93170888702,8558.985017744135,7,0.1304407574646195,Q1_Train,0
34,51381.18984897712,5318.723604525672,9,0.24246131797123263,Q1_Train,0
29,31717.014577093218,5357.449433925097,10,0.10259809091233629,Q1_Train,0
39,167448.63267237306,20429.778039709978,2,0.155875252305403,Q2_Train,0
34,126967.88564615246,11171.042532927308,0,0.09944830681176775,Q1_Train,0
18,25023.830639906155,7111.968986976512,9,0.27563609899138825,Q2_Train,0
67,55996.39607794232,13787.37424870627,6,0.44037255488548616,Q1_Train,0
31,47705.40490599501,5130.141273877773,3,0.4847884751104095,Q1_Train,0
64,130614.89754531575,21530.179742989123,7,0.1374166392429004,Q2_Train,0
46,48067.945685463485,16589.694152165597,2,0.03616062213256554,Q1_Train,0
29,58154.49590867168,15322.280816926586,0,0.0684415860186385,Q1_Train,0
53,175373.6505379511,30563.222681267172,3,0.21195686337500552,Q1_Train,0
24,36254.591025615126,31305.022088909624,14,0.3925988199771199,Q2_Train,0
46,109149.66128515851,11264.532960903678,7,0.029911296904828046,Q2_Train,0
28,25020.61720167976,7661.039037879467,8,0.2693746853224117,Q2_Train,0
50,25897.59765726456,14670.416367590151,14,0.21064789840283119,Q1_Train,0
32,83436.99276881081,9916.523650504361,11,0.19728817054833453,Q2_Train,0
49,32763.25414080258,14498.523927755612,7,0.6030587221084,Q2_Train,0
68,29092.54548121206,6794.1829093264405,0,0.26295089362833024,Q1_Train,0
28,110076.63224519636,48325.71425986535,0,0.11301454667921026,Q1_Train,0
40,42206.924301648585,21011.116943654026,6,0.32996718952350834,Q2_Train,0
43,50351.46688550306,7198.6542913386575,9,0.24644719012001426,Q1_Train,0
51,21418.52813357502,30074.823020545402,14,0.12804486726828118,Q1_Train,0
63,44378.306285625906,44484.74364915042,6,0.13853324754244037,Q1_Train,0
46,106095.39796395927,7319.185050886604,6,0.20675097015484628,Q1_Train,0
21,79991.53455045796,10839.643535168052,12,0.30959130935166473,Q1_Train,0
34,78911.96084035498,31779.10021158894,12,0.3874768228034761,Q1_Train,0
52,55285.21122328411,7887.28562958371,14,0.4714696600683175,Q1_Train,0
58,87862.36639595401,23895.626733139725,11,0.12437352587430202,Q1_Train,0
32,33166.84630346646,13519.341435055414,13,0.20439937724286908,Q1_Train,0
46,169711.49404960984,11853.830306912769,13,0.07272892243219618,Q2_Train,0
46,21404.02394308771,6336.697907167539,8,0.17337021689279644,Q2_Train,0
69,62237.172673358116,18813.588211733113,5,0.3291609319507693,Q2_Train,0
49,86939.02935918575,39272.535662775575,2,0.2973709914313396,Q2_Train,0
31,210781.39651897625,7242.523222402542,13,0.4676765832573835,Q2_Train,0
44,33454.14639195977,23122.326273239763,11,0.41882130104556653,Q1_Train,0
20,43433.912884265286,11829.281870268656,4,0.22098947011439826,Q1_Train,0
34,30081.420912751768,11795.197756436055,2,0.11967136523480357,Q2_Train,0
45,32750.526676020767,29928.03738302517,5,0.45871044511015896,Q2_Train,0
64,94365.64317435528,20153.924870129376,2,0.3951508766263372,Q1_Train,0
54,47929.60567205123,18835.603503484104,1,0.20369139586021642,Q1_Train,0
18,101762.27987175788,15159.884852115783,14,0.3639639739489657,Q1_Train,0
55,70629.1859300051,26253.08353326233,1,0.5464169148849174,Q2_Train,0
32,128318.56883433677,16687.193310708175,13,0.2709431783188704,Q2_Train,0
51,76733.00621099095,15935.168874483394,14,0.1437571427578051,Q1_Train,0
52,105422.86234261045,23982.85443884781,11,0.1574611089047339,Q2_Train,0
42,57245.00288285691,14172.969631569908,10,0.21995144463472915,Q1_Train,0
61,82578.04852890159,6177.780012694536,4,0.4062586119957457,Q2_Train,0
33,21874.384448832458,7736.028400398285,13,0.2539587292604365,Q2_Train,0
25,102926.49795448587,8153.764556764649,2,0.4133502912001694,Q1_Train,0
63,179234.04711458596,9828.789206137586,5,0.035793172485652086,Q2_Train,0
34,112003.61496820133,9282.164101693379,13,0.2941892514769263,Q2_Train,0
46,119685.16968901138,12600.686155963489,9,0.5545536404990882,Q1_Train,0
25,26578.74535105237,44643.49607035831,3,0.07385517658162444,Q1_Train,0
32,113471.50131741118,31144.249123929632,0,0.0347716661038233,Q1_Train,0
63,64976.31733262352,18653.727894849653,0,0.2155091599812095,Q1_Train,0
67,58713.753438393,21440.43344890746,9,0.09588110397345503,Q2_Train,0
69,74391.6097224653,39575.046670353,7,0.14853665065700455,Q1_Train,0
24,87443.11828935563,16893.429354852342,9,0.2663607611950226,Q2_Train,0
20,49069.656146663445,17358.64338807943,10,0.20517724154041458,Q2_Train,0
61,102904.73993418129,5838.745071207689,9,0.2652593052695369,Q2_Train,0
20,50647.24046021666,13084.498541424153,5,0.6982908761630066,Q2_Train,0
32,134358.00075033633,7799.412969217268,8,0.1415009001756127,Q1_Train,0
42,30563.846673211403,9958.185382943975,5,0.47831276375771903,Q1_Train,0
37,83768.12788222654,21313.232218368747,3,0.19040038275700744,Q2_Train,0
53,47400.9013056628,5974.75854401569,7,0.3050390389909713,Q2_Train,0
26,113309.53265618744,19612.116859070604,8,0.275607681961326,Q2_Train,0
65,93756.95904749424,14104.293981959356,13,0.30726570086630745,Q2_Train,0
39,98628.16625404476,6692.701069673254,7,0.2928088058686407,Q2_Train,0
41,22862.43239077875,9964.110975757936,8,0.33070140331551634,Q1_Train,0
25,100718.97220697023,25946.66303172711,10,0.3467470780384698,Q2_Train,0
28,35013.65175188133,9536.853374250659,5,0.2996931120789864,Q2_Train,0
34,49323.35376688502,30693.59886167452,14,0.30370289605893774,Q1_Train,0
25,21114.284765024753,14162.779152312896,4,0.5445073218943406,Q1_Train,0
38,22055.75073515044,10367.03746734508,7,0.21915687096898312,Q2_Train,0
47,66783.56150378025,29952.880467716088,2,0.17623676869313573,Q2_Train,0
48,34918.336846787635,12616.14959251105,3,0.12219503414039991,Q2_Train,0
49,94635.04406202445,12306.453274189911,0,0.39999662911909123,Q1_Train,0
28,45951.055463362725,12981.020548641787,11,0.6147890227677549,Q1_Train,0
55,29456.911017608047,8862.911324284523,4,0.28474449721635214,Q1_Train,0
25,40414.70666339463,11955.732326475567,1,0.44729820363701106,Q1_Train,0
28,25016.58565978708,24213.053934349755,0,0.28173439950380585,Q2_Train,0
68,50310.27831124451,5881.482395379916,0,0.37206344765689575,Q1_Train,0
41,53904.139689599615,5855.576695609839,4,0.26201686176120714,Q2_Train,0
58,30312.440529499716,5170.663482488128,8,0.11601219925802614,Q1_Train,0
29,60063.49962824146,34348.87576496416,1,0.2001258996405493,Q2_Train,0
33,149428.267673089,33357.285713629295,12,0.38149842601655476,Q1_Train,0
39,146522.20618726383,22863.693325757922,7,0.5514857108769295,Q1_Train,0
45,36977.26097784932,20339.043481313172,10,0.26110048894027754,Q2_Train,0
27,102727.8050736625,33019.359742666114,11,0.05293892935440462,Q2_Train,0
49,20528.17984714825,21644.336290674662,6,0.23501238344493558,Q1_Train,1
67,91706.2692143197,5466.9326361966,7,0.3516722074786241,Q2_Train,0
19,26214.22167576857,54301.08208334656,9,0.39634954556479696,Q1_Train,0
50,66522.62726324925,14087.247187626825,11,0.5093142287008374,Q2_Train,0
58,33889.1926439115,12397.86120001477,4,0.1788769619732741,Q1_Train,0
30,71896.21356793694,26679.38801269941,8,0.3007876775445409,Q2_Train,0
47,38095.4053496343,6904.084439626441,14,0.8977953884203493,Q1_Train,0
50,134496.33429306574,5645.617131794887,0,0.3551031698845042,Q2_Train,0
43,35199.45226396506,10866.819664320119,9,0.24382365056549027,Q2_Train,0
39,48324.02874963425,23881.960049857284,4,0.1815597864356184,Q1_Train,0
56,26507.91508230062,15272.318531160488,13,0.44942286121178954,Q1_Train,0
55,76981.30816542704,6332.312755260944,5,0.42169137472763046,Q1_Train,0
63,25829.960607217625,21589.409300994746,13,0.5111896612650024,Q2_Train,0
67,67063.19251495838,21680.856968898846,6,0.07023336750493386,Q2_Train,0
51,22987.428800861395,46630.944012903274,14,0.15343048941241053,Q1_Train,0
66,107931.6377424561,41444.28880715994,9,0.07009346825387289,Q2_Train,0
57,69977.83821565789,17946.694754751145,7,0.24002960704725942,Q2_Train,0
23,36945.758853877735,27524.952163283324,10,0.2635845115825345,Q2_Train,0
26,30119.931074251497,8690.049587211208,11,0.03281230246042562,Q2_Train,0
56,20445.290873110902,30629.27110060236,7,0.2603173210463666,Q2_Train,0
48,41137.69920241737,20629.576782744625,11,0.1901086133963295,Q1_Train,0
49,52973.189907842665,8751.20967711122,2,0.70039356082379,Q2_Train,0
67,53879.984170761316,93205.9910458473,14,0.11330794329572094,Q2_Train,0
25,50356.70114102478,6858.988956897105,1,0.16128183584438632,Q1_Train,0
25,41343.96959051818,5328.584037907806,8,0.2084880062271336,Q1_Train,0
67,69505.99384725731,8061.742579183863,4,0.09875559764827797,Q1_Train,0
45,22192.213840139033,8104.740895055462,14,0.0883202899032969,Q1_Train,0
37,29371.04421128004,34286.15515525959,8,0.5446977218905326,Q1_Train,0
28,44848.76222776934,6360.6341156796025,10,0.18105565514851316,Q1_Train,0
33,128723.51768243108,9442.842410801568,0,0.5876194136969163,Q2_Train,0
23,110513.81062898326,7610.429897737544,3,0.429349505604786,Q1_Train,0
43,35997.91069019093,6345.060451632955,8,0.14929080656818833,Q2_Train,0
59,277956.6411638355,33673.36397305998,10,0.16255217107745082,Q1_Train,0
31,29207.608633155603,8010.029200783956,6,0.29977819673304423,Q2_Train,0
28,27765.056380555467,9927.312348752204,9,0.19680611513132956,Q1_Train,0
35,54996.30054445966,7926.628643416581,10,0.3180442397002673,Q2_Train,0
29,118459.68991181304,8148.912883385341,1,0.16288509592573494,Q1_Train,0
30,57965.78920209883,22020.896835132757,7,0.16072118618238074,Q2_Train,0
42,46461.517253165264,6159.9319611348965,3,0.35306363586214745,Q2_Train,0
68,70386.55598326412,6652.806993931911,9,0.1991470727853613,Q2_Train,0
63,476978.5829345024,96854.07760680004,7,0.17352033076591641,Q1_Train,0
46,268225.85777557356,19763.98865355796,10,0.06975153352189307,Q2_Train,0
49,104738.49208323083,15174.803637332483,1,0.10604332978393484,Q1_Train,0
68,115487.46664129106,17407.212152940498,3,0.06940915815031912,Q1_Train,0
23,21819.64046209617,25513.209362893384,7,0.478047408926003,Q2_Train,0
35,92776.61948009692,20427.890385297807,13,0.25124544879269856,Q1_Train,0
39,22542.82583281019,17945.190532494315,13,0.3116613732218804,Q2_Train,0
49,56186.54100145111,60755.11184898423,9,0.6879584534987357,Q2_Train,0
52,126552.74752351036,10477.583051609636,0,0.21048535135372312,Q1_Train,0
46,61109.47384164666,9294.80109290405,8,0.6257330638699806,Q2_Train,0
24,75778.7956194309,40817.66521553973,0,0.5765541571091097,Q1_Train,0
29,235426.78521061657,25635.721486977036,2,0.20271146884035177,Q1_Train,0
66,141405.37431995542,47596.25223585799,0,0.23029100295772817,Q2_Train,0
47,83167.7569752968,13267.709047176322,12,0.15064296679550696,Q1_Train,0
48,33685.01988680687,14915.174320943272,9,0.3635647089098324,Q1_Train,0
37,41961.04698818659,76308.33721753703,6,0.12086384017775126,Q2_Train,0
54,33427.78942922197,45495.6974857715,9,0.1644253350865137,Q1_Train,0
21,34014.76747751707,18671.63187269678,10,0.13817739130418544,Q2_Train,0
45,67950.77043602051,5956.913607758363,7,0.7034527642614895,Q2_Train,0
61,39187.82197914529,19416.4430699689,7,0.28126847022134543,Q1_Train,0
37,76530.36722333825,6531.2786372371265,0,0.3635506387271841,Q2_Train,0
41,167719.59345190434,7241.801725313586,10,0.22723034519340948,Q2_Train,0
66,89647.15620406129,11776.407873656795,7,0.11380941867951228,Q1_Train,0
68,89631.80442819801,18439.473756175794,9,0.18384561776120206,Q1_Train,0
49,40076.35275134609,11086.935109994838,12,0.4100303174948256,Q1_Train,0
58,20753.54968182586,14029.51299513433,9,0.19105403900552406,Q1_Train,0
53,22831.055363383963,5726.655633967408,7,0.5487843684205473,Q2_Train,0
19,138587.72327869094,6570.246977843146,4,0.4067108498683185,Q2_Train,0
32,179463.74218399724,28064.93466453534,0,0.2928614204368177,Q1_Train,0
51,21309.430573748803,20638.848999108202,12,0.31436851195278287,Q1_Train,0
68,23248.17097540416,24928.844234277392,9,0.15778456286194045,Q2_Train,0
68,43769.33854444955,15755.778638262404,4,0.08717325363079087,Q1_Train,0
20,32475.975169714613,22125.812198986034,11,0.3795917881488943,Q1_Train,0
62,28359.273913718927,22814.879410328725,11,0.22931304933941937,Q2_Train,0
35,140288.69229305768,8602.351940885274,6,0.8068147254797605,Q1_Train,0
57,159303.72448766674,28880.97592604465,10,0.21658545747066094,Q1_Train,0
52,43476.53665131419,18622.12158621524,9,0.6739630154801778,Q2_Train,0
43,51659.360150434106,7802.288708670556,8,0.1334524288988873,Q1_Train,0
53,56177.61689610499,33917.22775748093,3,0.33896033789830043,Q2_Train,0
65,63656.97848739991,32140.72030628224,1,0.5910131868262615,Q1_Train,0
47,51330.11225946988,12643.093240791808,9,0.23366345527841084,Q2_Train,0
40,80459.91173850937,31112.24078227358,3,0.1322370018566873,Q1_Train,0
61,49023.006251432846,89998.48007268494,11,0.08876114693010727,Q2_Train,0
31,27684.556243688672,52410.73762799261,0,0.3836557700167644,Q2_Train,0
31,71171.3802883635,12239.582819383391,13,0.4483473942539919,Q2_Train,0
54,70820.6828847279,10189.467438561493,10,0.3556468513019875,Q1_Train,0
58,40387.60215078926,28247.225151604463,13,0.6569744190011223,Q2_Train,0
64,146011.47885488078,12168.75582124127,14,0.45624634155503924,Q2_Train,0
31,73025.3925255126,9253.451371719733,8,0.40479760030751005,Q1_Train,0
56,36298.95153834082,5366.3834571873795,14,0.14798843438772433,Q1_Train,0
42,52020.802407427866,19759.858553856924,6,0.44709810509610176,Q1_Train,0
19,40433.30763816329,37992.37387825565,5,0.1376228618989275,Q1_Train,1
34,90228.89226557981,8392.447742847868,0,0.4618473865902773,Q1_Train,0
22,225709.4202479375,5178.05101662759,5,0.22033452402187068,Q1_Train,0
18,62284.07075750097,9690.137356036234,8,0.08579865941302527,Q1_Train,0
29,60102.08098639879,7387.295715016125,8,0.06964011369397066,Q1_Train,0
53,26148.64617011179,22930.768305524583,12,0.2721559028140825,Q2_Train,0
62,45684.47935695159,17549.646464320773,14,0.4357246291512744,Q1_Train,0
20,30353.33555832948,72908.46875493582,9,0.0792353060678986,Q1_Train,0
31,41367.51923064072,8049.69207716138,13,0.28074049320094874,Q2_Train,0
47,127616.55502440248,32759.098431455925,5,0.2906509096414078,Q1_Train,0
58,80093.90944675684,7751.584384895528,12,0.35499416338471806,Q2_Train,0
18,40897.303180304385,11839.452129449623,2,0.19380530443910096,Q2_Train,0
60,28973.834415212496,17222.868203330327,12,0.11458270158947435,Q1_Train,0
29,26996.81343823138,13352.816544061276,12,0.6562380847550732,Q2_Train,0
45,25930.503216133468,9501.860961588623,11,0.27127510775409786,Q1_Train,0
60,71118.78686837804,12019.000298997325,5,0.24011149792272424,Q2_Train,0
54,252307.60227992735,7440.550017192276,2,0.05698530979250656,Q1_Train,0
54,22333.763108474188,18251.14995475497,4,0.28273927277882094,Q1_Train,0
29,47500.74700099081,35624.52195090604,3,0.4751468602420628,Q2_Train,0
54,118060.02538435426,34050.04819157052,13,0.054439244132734654,Q1_Train,0
66,27232.495486905886,32204.742776736817,12,0.2695579667315735,Q2_Train,0
66,114077.1458745497,16942.733356773824,5,0.1703151428995964,Q2_Train,0
32,76510.46108246039,10362.941673336027,12,0.5297923385282834,Q1_Train,0
23,73621.30689650855,7778.505866367453,7,0.08068389333314835,Q2_Train,0
61,31986.784788984318,15745.245160010985,11,0.1354004061567554,Q2_Train,0
67,46840.80939305634,8934.347416739827,12,0.3835114050739652,Q2_Train,0
31,30325.38731073661,24690.280375258026,7,0.5536778744012694,Q2_Train,0
19,25402.46846254818,12808.695516930857,13,0.5512539228946296,Q2_Train,0
54,118480.92928358649,19784.191772045593,13,0.07378628036581676,Q1_Train,0
52,30018.829114843888,19591.62512745007,8,0.34668770756533424,Q1_Train,0
66,53248.92150994286,19348.753250150417,8,0.5422166308908595,Q2_Train,0
68,110906.39281469298,13918.924167101259,11,0.21439358926130214,Q2_Train,0
59,21039.300231733516,10968.891010614698,11,0.38081253641078605,Q2_Train,0
37,208455.72318703833,31820.384759634584,14,0.5495440574062926,Q2_Train,0
41,134247.63502104644,49833.639757162244,4,0.18938888078065433,Q1_Train,0
42,76864.88149262362,17902.038483717635,9,0.13254749980012703,Q1_Train,0
67,27589.37515000591,20794.040689211783,2,0.14606816238151138,Q1_Train,0
46,49327.71522873703,5036.89043969723,7,0.04408655885241654,Q2_Train,0
48,22913.37608333651,9682.504007024552,12,0.47960816156102726,Q2_Train,0
60,22310.980759277765,32636.47133355015,14,0.3280939213982877,Q1_Train,0
67,72958.70872911774,91434.59218323219,0,0.018648011539982367,Q1_Train,0
40,38849.52256164337,28762.657878630107,10,0.2604096483499165,Q1_Train,0
61,30667.664584495447,5377.201758930316,7,0.2655690599217203,Q1_Train,0
55,74993.56174074953,11900.898583881019,6,0.34046706200516447,Q1_Train,0
37,62728.94853406795,9259.54729361104,14,0.1412832199582187,Q2_Train,0
40,38935.53045347873,54918.534489837766,11,0.4355379821440592,Q1_Train,0
33,119643.5480589891,46593.034663070575,11,0.09164867096847776,Q1_Train,0
67,38830.67587616699,32433.54041762559,13,0.33689772844685634,Q1_Train,0
67,20887.453751624766,28689.67578243305,14,0.36697370237028737,Q2_Train,0
55,53916.059635310456,10973.221449344901,0,0.2251716601102067,Q1_Train,0
22,71168.96324272716,18982.148701961025,7,0.2736157204189137,Q2_Train,0
64,46721.86420423888,16917.714991035347,4,0.042304775725534455,Q2_Train,0
39,37749.94830505975,10185.906349310651,0,0.07295987833434629,Q1_Train,0
64,170479.46008258048,9689.101153186599,10,0.491444765807508,Q1_Train,0
18,41262.49473400788,14637.852146322044,1,0.2187300528239042,Q2_Train,0
60,84212.42414614925,9592.399288220615,8,0.23002586318779178,Q1_Train,0
27,21476.66487147304,51287.286797730965,9,0.46009839521287416,Q1_Train,0
67,56336.48701366327,30455.941698292474,10,0.20399459149513788,Q2_Train,0
43,38001.439650342596,29858.089178342794,0,0.1178689550989935,Q2_Train,0
57,53671.169626473165,8754.287392671315,1,0.4327952008423447,Q1_Train,0
29,29331.506828077683,33806.261876510216,14,0.45292961787195574,Q2_Train,0
44,31321.12224609786,38303.791884658414,0,0.295573425256004,Q2_Train,0
25,145236.74198052596,90613.47325238262,5,0.5086391187193515,Q1_Train,0
63,31097.48232888143,21686.898484209472,0,0.24008978525180172,Q1_Train,0
21,124237.83165309833,13477.27357998577,10,0.1421644383330061,Q2_Train,0
18,69248.06514219864,19053.759319104705,9,0.20160222044700063,Q1_Train,0
22,26212.146720394754,11400.281951118051,7,0.34302164243200656,Q1_Train,0
43,22142.773421488262,32808.536341879764,13,0.1673666269151109,Q2_Train,0
19,38368.712825503666,27495.761401001386,8,0.22023260383107046,Q2_Train,0
67,60980.35258749589,11694.67075478704,0,0.3092814441813469,Q1_Train,0
26,38253.944201731654,13289.620593975877,13,0.0372739255498836,Q1_Train,0
50,22492.478517954707,39102.709525271464,2,0.4201867791243987,Q1_Train,0
58,76293.17787514282,34258.801942976075,7,0.8437211064233583,Q1_Train,0
65,178348.05103751356,55840.76330554811,6,0.5056957129730927,Q2_Train,0
30,28586.9402302839,89161.29087327902,11,0.40079318293451255,Q2_Train,0
30,112940.00310505679,27925.478013562384,2,0.4426590441357676,Q2_Train,0
28,35692.30560853147,44886.76305586298,4,0.3037614044053864,Q2_Train,0
21,36706.22009273099,19807.384159954476,1,0.7147561595126689,Q2_Train,1
51,26619.63032861497,31443.767291508688,0,0.4661909263423099,Q1_Train,0
55,147458.61163181294,16671.502733434416,4,0.12479048460820552,Q2_Train,0
63,29493.38877923951,16342.775684272034,4,0.23527728694319347,Q2_Train,0
55,63895.75640430327,15623.059705407233,2,0.13745925185291857,Q1_Train,0
23,41733.24985101163,19054.62814067534,5,0.5756786278643291,Q2_Train,0
35,44575.48400782483,13866.630466961167,1,0.10519904040238802,Q1_Train,0
58,45468.97536150541,12597.536910077251,14,0.324137870415938,Q2_Train,0
40,102425.07209011196,9970.240432201706,12,0.0660509175049364,Q1_Train,0
36,189778.3458229241,12674.007021084075,13,0.24326873549590128,Q1_Train,0
28,96186.2330556976,19080.02902792362,11,0.5021534300892448,Q2_Train,0
18,58052.5531154984,9090.15773068412,8,0.31139181645310343,Q2_Train,0
41,69017.88715529146,6323.923862800379,12,0.0672550904094207,Q1_Train,0
24,241504.81121952386,25464.335308045247,7,0.6020979741516285,Q2_Train,0
42,48849.95089140789,16279.791796147807,7,0.3180239000915069,Q2_Train,0
38,23427.578637653132,13753.669449071183,14,0.6457483334171584,Q2_Train,0
42,79961.11946024289,10061.408058374083,14,0.3667010040085432,Q2_Train,0
50,28293.893158496227,41704.584451104725,11,0.04404436436958413,Q1_Train,0
66,25715.87658678264,11142.11126495809,9,0.2675305590226314,Q2_Train,0
66,60539.55056465931,7388.814065394457,14,0.14551854698007363,Q2_Train,0
52,25639.125623589884,7552.808203140521,7,0.4052749153895471,Q2_Train,0
61,186457.2254215934,17359.571451922613,7,0.5044833722452127,Q2_Train,0
28,38657.824237562214,44149.99668293166,6,0.1393452269051739,Q2_Train,0
25,57036.21446481644,23957.853236895353,4,0.23009139896996747,Q2_Train,0
63,30421.882538282443,11074.159669493858,5,0.25145262962607046,Q1_Train,0
27,48173.92299361033,69086.70578442414,13,0.24956885716779073,Q1_Train,0
63,73343.66980261702,18414.519945131695,14,0.11320474100390225,Q1_Train,0
25,136140.71629332204,7949.396634002045,6,0.5660741518051154,Q1_Train,0
65,171908.33038627115,32368.277874351625,5,0.26469512834158787,Q2_Train,0
19,112292.39821050124,6842.746348859127,4,0.1927243304916367,Q2_Train,0
23,65006.846175920386,17600.424595080665,10,0.6083600767228174,Q2_Train,0
45,46368.596322703364,11218.276564832084,5,0.47471513686226047,Q2_Train,0
42,37933.731199570386,9527.513586578649,11,0.20545892428554371,Q1_Train,0
29,28673.741893700502,25388.31403661281,10,0.2825501853050331,Q1_Train,0
22,27588.796147592446,8786.909701611788,4,0.06865354069375126,Q1_Train,0
51,107721.62641756104,12874.19896036933,12,0.20368226769770117,Q2_Train,0
65,91666.29775335807,9814.593283789718,6,0.08727398109474517,Q2_Train,0
32,36070.31496439468,19796.518442567816,10,0.15938548038906816,Q1_Train,0
61,76600.15681261991,5697.392781254879,0,0.28996252668405825,Q2_Train,0
32,61992.859045837344,16852.606598838698,12,0.7086382556161488,Q1_Train,0
65,210517.64060901362,8593.21010066483,11,0.3239470682609629,Q2_Train,0
40,55419.157953632704,23537.424733071817,5,0.07892259351618668,Q1_Train,0
23,60177.994347872926,13186.01458377999,4,0.48521170728155677,Q2_Train,0
63,82302.74202153043,6198.7053688903525,5,0.06267670869968563,Q2_Train,0
61,32716.789209816936,26544.07427424755,3,0.2637331778946436,Q2_Train,0
60,58531.425278245166,9739.512723745627,7,0.5321814625272036,Q1_Train,0
62,164360.82086281976,42162.29712500112,3,0.2536799615111671,Q1_Train,0
64,73798.64518636029,10196.41048372788,7,0.29544852113650466,Q2_Train,0
42,157822.5798560353,12639.920116923298,7,0.4103044206461165,Q1_Train,0
53,180634.87798615274,5390.605231638898,1,0.0371345547594523,Q1_Train,0
68,69127.08634993652,8758.928134622027,6,0.249716583180318,Q1_Train,0
21,27144.646856369203,6292.411675658977,0,0.11008008719650567,Q1_Train,0
38,44351.22337474217,18334.937876513395,3,0.14178306557020715,Q1_Train,0
30,163196.14102450732,14580.14707837875,13,0.3269784197037928,Q1_Train,0
36,57081.134228606126,70256.32097073284,5,0.14477581406792742,Q1_Train,0
51,58502.19814017982,6909.559637674152,14,0.25646337945519987,Q1_Train,0
31,38475.009677163354,9770.5747209025,12,0.15468691029422638,Q1_Train,0
65,82666.6429820183,9063.593831707745,2,0.32226346576193393,Q2_Train,0
44,58919.95936112499,13527.534187243464,0,0.32081164910983245,Q1_Train,0
46,32766.353430302937,13452.446737779357,4,0.2518033454532759,Q1_Train,0
64,203039.0101212247,58797.38325258201,10,0.5233212804474519,Q2_Train,0
45,44742.685660683914,14408.98812379185,7,0.7140728143795603,Q1_Train,0
47,61823.698315300964,7484.846419867596,8,0.10554685405207519,Q2_Train,0
35,33054.97266826134,6528.723810205259,13,0.3649263382801722,Q1_Train,0
19,21931.55122265997,8608.706872954062,7,0.05888594682820476,Q1_Train,0
66,68154.55163808659,5037.376115672306,10,0.16040656798102837,Q1_Train,0
21,41016.9884977975,20125.95743543081,14,0.3531977468959727,Q2_Train,0
42,25158.337329984337,11198.953711509117,4,0.29335772117122394,Q2_Train,0
47,26805.39142700285,32054.42230000868,12,0.2851131885749231,Q2_Train,0
28,23182.476876425815,27235.444901115123,2,0.34132579169688837,Q1_Train,0
24,297072.07161100867,15166.435078590195,12,0.18005283666389946,Q2_Train,0
48,44475.779257435934,19239.054097980003,10,0.14806345727463044,Q2_Train,0
27,37377.66496212997,26506.746780620702,3,0.38216439267712915,Q1_Train,0
24,107038.79683988649,15402.467603589388,14,0.1402336311347821,Q2_Train,0
66,104731.9280060391,16062.5258010963,1,0.35360021690991456,Q2_Train,0
59,99062.13725821528,15386.279295059758,7,0.3431623507195164,Q2_Train,0
59,106788.17022696785,15302.034622831288,1,0.288586429278167,Q1_Train,0
53,31879.3859747401,25806.73851987414,5,0.18711402843680283,Q2_Train,0
37,52909.881925074056,13358.503254267502,11,0.10002918127036628,Q2_Train,0
24,130592.67227448164,19203.69166509049,8,0.2485165356178371,Q2_Train,0
18,37612.226451082824,50756.77934111876,7,0.43456888526270826,Q2_Train,1
61,154043.07924930376,9455.077582822409,0,0.30978506763839664,Q1_Train,0
62,49964.242082770885,30408.061799766772,2,0.44212550104111076,Q1_Train,0
59,75400.86939073408,14118.040307294432,13,0.6193745334510945,Q1_Train,0
30,46406.90677939663,38228.7445578699,4,0.5680467172666748,Q2_Train,0
39,81859.40751768401,27111.39082593109,11,0.3138633241402479,Q2_Train,0
38,55948.6037366902,37386.80523103357,7,0.11555333842141492,Q1_Train,0
45,86803.82576151186,8111.175192384848,1,0.2685576299151263,Q2_Train,0
26,61551.880199704676,13261.553709898966,13,0.504576250741898,Q2_Train,0
27,34142.77582825338,7301.506632144163,5,0.21279286192815786,Q2_Train,0
41,38956.79959370897,29848.420375170535,0,0.054631959559672656,Q2_Train,0
33,32134.51896535633,8569.032412352499,4,0.45080083807392896,Q2_Train,0
44,82682.9662589017,6777.937746663538,0,0.1390315467728765,Q2_Train,0
21,41922.61492176901,9866.750593538583,4,0.2270912205145983,Q2_Train,0
41,54875.9503078292,9138.977743592499,1,0.332760604576646,Q2_Train,0
36,71889.73025464409,25300.0486247751,5,0.2743864538303015,Q2_Train,0
56,47007.601418597886,8339.492902174086,11,0.14947155067006965,Q2_Train,0
42,31972.510991642557,5678.761340785159,6,0.43162208391047785,Q2_Train,0
35,44761.91840057997,6898.807573143966,6,0.30910738422949185,Q1_Train,0
50,33248.58146693431,6780.789222379159,2,0.1424431068805443,Q2_Train,0
67,148584.4607679895,9110.374669395995,1,0.3361827738593145,Q1_Train,0
22,87561.57641122387,48723.860116174095,4,0.6338882496085116,Q1_Train,0
64,38997.294188344575,7450.564197811963,3,0.02593643403266998,Q1_Train,0
38,127604.27996286564,31508.20551645817,13,0.15467362556677028,Q1_Train,0
34,31115.977935879393,6262.701935417308,0,0.38071229740567664,Q1_Train,0
39,106408.56486760809,12106.130579819928,2,0.24591080053094258,Q1_Train,0
65,46655.49397462088,13859.902556291549,8,0.32278208011205833,Q1_Train,0
54,20719.69332460253,6984.580333280657,2,0.4167298577260783,Q1_Train,0
45,41092.82706973102,9137.245734870945,4,0.5464330567936533,Q1_Train,0
24,36532.675290731924,55747.670500714376,3,0.12431931065894342,Q1_Train,0
49,23827.383957101993,14682.900109790966,9,0.3754489537101404,Q1_Train,0
28,161872.87248723937,15709.098867677589,12,0.3508594244148416,Q2_Train,0
31,121505.80184895334,15480.762051240346,11,0.18901143625179814,Q2_Train,0
42,31382.855840564433,11030.727376636489,8,0.08779158793163182,Q2_Train,0
19,36490.3456502499,5891.64462490573,9,0.37334344311975964,Q1_Train,0
52,61571.229010525116,39483.39963121343,4,0.29723048759059895,Q1_Train,0
24,23847.10222866818,27005.703852449264,0,0.2645380422020044,Q2_Train,0
38,52865.54296977954,19646.31440945114,3,0.39304219610473345,Q1_Train,0
59,40112.671465134415,14956.44158155877,14,0.3904690712890679,Q1_Train,0
58,64121.12834733238,10319.5712970171,4,0.49189779604552764,Q1_Train,0
28,45088.273579128756,20114.091513195483,10,0.4699352509977204,Q2_Train,1
56,23583.009173595776,5021.352461510339,4,0.4886041493649355,Q2_Train,0
41,41381.76769959826,10937.291379477963,4,0.28598643206996405,Q2_Train,0
63,30541.324226488836,11231.492272568918,7,0.06315770409860619,Q1_Train,0
21,21484.939224047655,23082.276332835125,4,0.1885404712263455,Q2_Train,0
43,37260.61396330205,14358.650967692729,3,0.0027306472204109036,Q1_Train,0
55,59391.963366744625,50232.72383603288,9,0.25020110930007305,Q2_Train,0
49,60036.09432480346,35172.33822022407,1,0.23084887114098182,Q1_Train,0
56,26092.13135595792,11421.77038116318,0,0.44349607782693423,Q1_Train,0
63,37188.41593378995,13144.084848542741,9,0.7127062455260748,Q1_Train,0
53,148198.03791775944,13704.427770197934,11,0.47592152284722344,Q1_Train,0
53,75398.12869126009,15824.433674647516,2,0.22902095883892643,Q1_Train,0
20,39557.12444970341,9296.925975224138,9,0.1859706122384208,Q1_Train,0
25,76014.39775220864,8261.926238129583,6,0.3945076797946671,Q2_Train,0
58,23396.859070708175,23025.731483162155,1,0.4334591401253936,Q1_Train,0
56,34322.59694692373,8440.801059095964,10,0.2063618850062903,Q2_Train,0
66,34427.07242154339,11080.780877912914,11,0.47191650687876596,Q2_Train,0
22,34374.511886717475,7302.471274767353,11,0.1615910803685816,Q2_Train,0
61,58351.47424687509,7978.216154128431,13,0.2494430167910978,Q1_Train,0
44,63608.95020555105,29937.42835286725,8,0.219007554055124,Q1_Train,0
49,139843.6866424472,79512.92702898187,7,0.20414110395943347,Q1_Train,0
38,44390.54602801164,35297.25701944988,3,0.19771242843907744,Q2_Train,0
25,150577.2076111255,20123.33516929649,7,0.14468906056046327,Q2_Train,0
67,109629.6213060319,13236.83523176502,14,0.45640025403418444,Q2_Train,0
20,78170.7331758305,22673.06184857194,4,0.3205691534445808,Q1_Train,0
61,42011.05033231973,59243.74223877708,10,0.1842787046694261,Q2_Train,0
20,33794.95147735083,5439.795416856436,9,0.30653997265832433,Q1_Train,0
23,172009.122783325,11008.5024320069,14,0.30789645498029866,Q1_Train,0
61,127620.3937359064,15815.5833182739,4,0.18869725864661094,Q1_Train,0
19,145662.9378018639,5283.599882032389,1,0.1706448021782822,Q2_Train,0
55,55826.542652544704,12955.468536266759,13,0.14976574189931438,Q2_Train,0
34,69585.7060246023,19492.014500787387,14,0.1486862973136246,Q1_Train,0
52,47129.10302339353,15542.65232059041,14,0.49419561574397564,Q1_Train,0
51,47106.421228953,35843.126687192824,4,0.2057398371297583,Q1_Train,0
40,21959.339455955353,12627.317145461268,14,0.4598148152174977,Q2_Train,0
69,75964.7062793081,10029.96219304284,6,0.30323264460239063,Q2_Train,0
39,122946.53742704832,9319.838263296633,12,0.49907950950128593,Q1_Train,0
61,40215.510193869646,11743.324466900813,5,0.18838883989951508,Q1_Train,0
22,103448.43386142264,10877.20560347342,4,0.20908205138838187,Q2_Train,0
30,76034.90753237053,37326.60043089045,13,0.1311684245450153,Q2_Train,0
33,159729.26529645536,45903.877642921776,0,0.29122489979322314,Q2_Train,0
33,54872.66720310268,6070.843135798896,0,0.45781714068147017,Q2_Train,0
34,75660.4152110683,22794.57336635183,11,0.21034395348523766,Q2_Train,0
33,112401.27941305729,12067.838162983639,10,0.32209511100529076,Q2_Train,0
29,34410.73163621762,22653.32142057079,14,0.6160090140597158,Q1_Train,0
25,129619.93171909492,11869.98189988522,3,0.38891217732875755,Q1_Train,0
33,41273.779687179216,55372.625883776294,7,0.07385229639124173,Q1_Train,0
47,129310.40282480493,20674.24712473201,6,0.07749698303496162,Q1_Train,0
62,70802.70501259924,9854.017322328316,11,0.09307942529942825,Q2_Train,0
45,42390.307789211394,44671.39863913778,14,0.26288835277985334,Q2_Train,0
68,27870.839032043317,10420.79697323522,6,0.462247184942013,Q1_Train,0
22,50372.7321522369,20446.720711216774,9,0.09106595900066282,Q1_Train,0
37,58114.9362830472,18469.463316339134,3,0.20434029267750836,Q2_Train,0
18,112164.9866180035,15061.310770574319,14,0.4672640357525233,Q2_Train,0
47,29322.578449565466,71542.31038270882,10,0.11875755375419413,Q1_Train,0
37,129735.20850758067,16546.27884149875,7,0.06225783701899677,Q2_Train,0
23,61101.12343363362,21674.518939789214,9,0.3561454377654231,Q1_Train,0
39,63780.22177237215,14915.361921301319,12,0.11993268434462491,Q2_Train,0
25,59811.58496725434,21236.397514170683,9,0.39706744303458,Q1_Train,0
33,61741.01829612908,14950.938755022271,4,0.11954468744870345,Q1_Train,0
51,28342.659471835927,5243.563471559056,7,0.18349283736188235,Q2_Train,0
31,119213.77087680287,12439.664512495536,0,0.22327911932351982,Q1_Train,0
53,31030.666222918557,5840.370213348775,5,0.3534199510215501,Q1_Train,0
50,146768.36603473523,39092.603988160285,8,0.08870940049863207,Q1_Train,0
40,49151.58353119016,21757.989874489685,12,0.2600206580584463,Q1_Train,0
67,87893.28262661728,28544.344020319244,12,0.12657887001017024,Q1_Train,0
38,178400.28518233995,11619.918792242268,4,0.4103747120720755,Q1_Train,0
18,35416.4661964306,86977.26137113807,14,0.26765520601985704,Q1_Train,0
28,23218.47279333267,11675.128975669406,10,0.2807421449707899,Q2_Train,0
69,82012.45860625691,26082.590627731548,3,0.348246423639154,Q2_Train,0
43,70406.67042523593,8377.773693780586,8,0.47508926463999523,Q1_Train,0
21,137707.9199833838,7045.031879155236,7,0.214548388691836,Q2_Train,0
52,29999.330963274522,23543.343960699953,12,0.21109652026789774,Q1_Train,0
39,149278.894570958,14281.439070179173,12,0.4421999164187049,Q1_Train,0
32,59152.325683776144,9581.676554488033,9,0.2609786588752366,Q2_Train,0
39,38844.460209991295,7944.841761597386,4,0.41329877876052895,Q1_Train,0
54,35832.54961842343,23059.075636149562,14,0.08636608552546357,Q2_Train,0
69,71899.59773131108,8541.029578616104,9,0.30779995452321435,Q1_Train,0
29,144064.72312537814,8416.171551411659,4,0.3531488489070344,Q1_Train,0
64,46047.49416970418,19227.680988134627,11,0.3148804155395208,Q1_Train,0
66,76563.2847829084,20486.978631227277,3,0.2034435226499588,Q1_Train,0
59,85052.77588391125,15567.538879100297,7,0.01848469000286485,Q1_Train,0
62,33141.724884880314,37224.94922791476,7,0.15265873267758912,Q1_Train,0
41,125122.8797188852,7356.249251331639,6,0.2878753129468831,Q1_Train,0
59,201130.34050780936,18880.900078359788,3,0.15817825817198833,Q1_Train,0
31,79129.14761442674,14063.423935374407,1,0.24865584783806335,Q1_Train,0
23,20447.63703126359,24103.115279291327,11,0.40332871873316184,Q1_Train,0
33,78442.25074706033,27479.13904653772,8,0.2122360471407907,Q2_Train,0
24,23407.90061012147,9149.398296574138,3,0.37244048254353257,Q2_Train,0
69,51603.54949884403,10793.746894664026,5,0.4938942335359939,Q2_Train,0
26,92612.77122472995,8417.937386579562,2,0.11421638042612954,Q2_Train,0
32,50239.96028550092,11723.30885381539,6,0.1354875543960335,Q2_Train,0
38,69751.0121235562,9078.030027176115,3,0.16792760776207627,Q1_Train,0
19,22686.168657371723,27935.18350613188,13,0.10209575746213191,Q1_Train,0
44,87895.97554838266,34493.521886862436,13,0.4908092554109897,Q1_Train,0
19,29458.96583156553,43293.97281313423,7,0.34208375695031085,Q2_Train,0
31,120360.72786402072,26314.90639782833,11,0.3135877547564667,Q1_Train,0
35,20647.04538158245,6802.551899064533,8,0.38451422114453004,Q1_Train,0
27,25825.524296372543,5450.463585916442,3,0.5538028935113665,Q2_Train,0
42,42601.04377373338,7183.107346862173,6,0.13393587874787238,Q1_Train,0
19,63395.493286036915,25915.154424357162,14,0.26937016809089886,Q1_Train,0
53,89978.5291821277,6902.630614670176,10,0.46598810938160473,Q2_Train,0
48,79513.95242852741,9781.600311426217,2,0.17548803158317064,Q1_Train,0
31,53419.782955045936,20624.142782928684,12,0.10224876218467843,Q2_Train,0
18,42723.60000487004,11466.430018264318,2,0.14058418240119655,Q2_Train,0
63,43547.13317720838,53719.173027244906,2,0.3141429060817118,Q2_Train,0
20,41655.24541534377,14013.798011251258,9,0.42061105850115327,Q2_Train,0
42,135919.5096720832,36290.69459343172,8,0.1921212383301699,Q2_Train,0
30,29258.53155948933,7201.879333812667,0,0.13894187230024066,Q2_Train,0
25,62460.04636653269,5508.733220554257,10,0.37653425753697845,Q1_Train,0
38,121040.12770175662,10587.538069869684,8,0.45974286735412073,Q1_Train,0
21,151300.74133846394,62146.49540484681,2,0.3997271176874566,Q1_Train,0
21,26724.517786344415,10409.729801616013,9,0.4563283363117489,Q1_Train,0
62,49639.785128763804,21066.71920546725,3,0.046787865409741225,Q1_Train,0
29,62187.30670418504,5870.443722751113,7,0.16537559044018266,Q1_Train,0
45,23970.32612146402,14043.361810960523,14,0.6695110905788069,Q2_Train,0
37,157346.8046524761,9218.27384496629,11,0.09116238923025835,Q2_Train,0
46,117108.05720919816,24547.815196167216,14,0.23668182221333955,Q1_Train,0
23,112852.77002204287,7298.018993453048,13,0.4915395133484464,Q1_Train,0
60,45573.01457822748,8844.253235987624,14,0.3566230679388462,Q2_Train,0
19,28903.796065662613,14225.48144059603,5,0.2809512052818441,Q1_Train,0
40,103592.72850710576,17075.177126130893,11,0.5579630472215458,Q2_Train,0
36,32791.78107566302,9811.960867933503,0,0.1253511795513091,Q1_Train,0
68,26849.213932065322,8539.762612905814,14,0.11738713032261848,Q1_Train,0
36,60838.27844875915,78193.92653707947,10,0.35471350873132274,Q1_Train,0
51,49522.667262406656,11758.001760851035,13,0.13807770063183772,Q2_Train,0
27,23600.952183999016,20890.74581207402,5,0.33641571513488056,Q1_Train,0
19,51644.28120308769,28160.500368381297,5,0.0137406457798662,Q2_Train,0
26,25807.808403051095,16633.272222772284,0,0.09192231621264857,Q1_Train,0
40,39200.639483151775,6650.974902187583,6,0.16767109281267295,Q1_Train,0
26,46247.13916746327,9998.271477293601,13,0.2582023265123098,Q1_Train,0
45,32636.0238542633,11860.805883513825,11,0.08871158760637107,Q2_Train,0
33,87813.65499178921,6651.619162175697,14,0.3145919652494446,Q2_Train,0
56,42490.16793758105,13919.248585081137,11,0.12274234141668354,Q2_Train,0
34,74266.93142369855,9678.080881079624,12,0.3756245261276084,Q2_Train,0
56,39047.72861643951,37339.30356163319,1,0.36974020600787305,Q2_Train,0
69,155711.61220151905,20747.485308140378,2,0.0723092024185215,Q2_Train,0
55,147901.46755584993,7277.985858352304,9,0.7034657465744505,Q2_Train,0
56,24245.756874162278,54027.723483082045,1,0.026026050228830318,Q2_Train,0
67,78305.17363027277,39856.99598085503,13,0.10841328371004967,Q2_Train,0
69,21790.963055361,18202.871353982464,1,0.14366732061356915,Q1_Train,0
52,23074.49443810143,27378.015389806438,12,0.207211286998301,Q2_Train,0
24,43382.08932404001,10496.163621993572,0,0.4348350478016988,Q1_Train,0
44,24038.18951272907,16244.80371154235,14,0.1621806950790939,Q1_Train,0
45,65396.19160197855,39899.44701870787,7,0.2798470131259462,Q2_Train,0
24,87910.24465190858,24572.260721308186,12,0.21534613492730087,Q1_Train,0
54,53671.39648105008,27035.023111288985,7,0.28344889517759114,Q1_Train,0
55,38932.14169370424,27896.63159739696,8,0.05446804155794895,Q1_Train,0
32,86186.61525871685,8945.466779318891,7,0.03261376549919791,Q2_Train,0
40,52252.182361056766,15360.30523002322,3,0.32672448531499854,Q2_Train,0
22,43713.42843017097,20565.948001172364,2,0.3005827851639475,Q1_Train,0
30,44465.65955949205,7011.388990330419,7,0.6255043251405937,Q2_Train,0
43,337233.3866081406,13253.734330766445,9,0.06249250972779428,Q1_Train,0
67,52934.58467244781,10868.890205307755,5,0.2581035101642978,Q2_Train,0
35,150434.68622535837,59551.10001383022,10,0.4062261605091308,Q1_Train,0
54,24435.826284685263,5042.70404094954,3,0.2554144554624529,Q1_Train,0
49,92996.6342041888,19320.84315264387,3,0.3365231967575614,Q2_Train,0
34,61005.29018806453,6413.529397692937,1,0.18566146431361877,Q1_Train,0
28,56837.619493746526,41475.99991521042,14,0.13760722051849947,Q2_Train,0
38,36229.84692319531,17334.245005738234,9,0.41985569850432886,Q1_Train,0
43,24592.39209832949,20320.76245765024,9,0.6161335320053768,Q2_Train,0
21,28463.910332232914,10480.805950570913,2,0.22271202499044784,Q1_Train,0
51,93238.26377532471,12972.2953991448,11,0.294056749181918,Q1_Train,0
69,83430.75420181705,13851.414470989497,14,0.4041864580933359,Q2_Train,0
65,22345.864383209915,10391.971974085758,11,0.33949565400384973,Q2_Train,0
52,39476.72220074198,10287.658628031164,13,0.10526646556285206,Q2_Train,0
58,106650.83631422666,14588.562841132314,6,0.17528145241004522,Q1_Train,0
55,41699.13069960233,28689.4999584308,3,0.6167942894819352,Q1_Train,0
59,66578.4293341048,7056.267158199378,3,0.33431232540922634,Q2_Train,0
38,24668.12128148192,30764.64185508262,5,0.581849799782793,Q1_Train,0
59,20481.612968107533,52645.48263248613,0,0.22614209696343646,Q2_Train,0
66,46173.84388430733,10010.129600352517,1,0.3154993011433578,Q2_Train,0
58,32943.562225253765,20612.151801819047,12,0.15158018906860085,Q1_Train,0
34,28559.450062097705,20155.48218696878,9,0.2692006390484172,Q1_Train,0
26,67767.95486200965,6789.6611866806115,3,0.3038877573780847,Q1_Train,0
58,285875.44368525647,44209.95448898941,4,0.584607654575228,Q2_Train,0
18,29785.734503904983,14781.695402895015,12,0.3398402146558483,Q1_Train,0
19,59529.33795981243,26685.34252240266,13,0.20685679810575405,Q2_Train,0
27,125326.17654570504,9813.800039999598,4,0.23023677735886133,Q2_Train,0
38,31746.975889036898,29351.708548718256,14,0.1711330220586406,Q2_Train,0
45,37321.34108602004,52734.22761628329,12,0.2301692334744224,Q2_Train,0
51,35343.9158755184,7699.364958105292,8,0.34286173711430223,Q2_Train,0
39,70948.36728031801,17470.75632078247,9,0.4332434302413995,Q1_Train,0
66,197929.46281833082,13369.656881789611,13,0.39169668076100705,Q2_Train,0
32,51261.48688905382,30264.74437520506,10,0.35056981507712065,Q2_Train,0
34,194929.4388618224,15923.66562004036,1,0.18853275710130415,Q2_Train,0
41,137503.97908103222,77778.7329292892,4,0.2774776444224647,Q1_Train,0
62,20695.93101236661,20607.70308769997,9,0.12840288557011845,Q1_Train,0
36,59406.22304930419,16287.522128486125,3,0.6228058979102467,Q1_Train,0
61,60309.61648149962,21035.41437908511,6,0.1485194649934054,Q1_Train,0
40,335938.657726751,51951.84693147126,13,0.25412818947117877,Q2_Train,0
54,207553.04374449325,20642.919205312515,10,0.11284014101774566,Q2_Train,0
25,183174.5427772869,53046.06076851854,3,0.7645134301067985,Q2_Train,1
30,213364.54696435935,9767.470647174297,6,0.43634460831725774,Q1_Train,0
25,98754.81924736996,48925.53884962929,1,0.12467185552066352,Q1_Train,0
68,141559.48645943723,17623.328526041954,10,0.40595895387912295,Q1_Train,0
52,47476.79287748763,9380.025533866072,8,0.2635459102753663,Q1_Train,0
22,172607.59015571844,7508.309911210363,4,0.5077808667008562,Q2_Train,0
63,39057.82382356706,12729.489617203915,12,0.20007552873318193,Q2_Train,0
53,67159.81436728034,32281.80498921586,12,0.154178931861375,Q1_Train,0
69,75544.54212261927,5171.057532442457,3,0.12448414927173077,Q1_Train,0
45,54555.563241553726,24703.3067822939,8,0.6364718893413611,Q2_Train,0
68,73013.31591541134,8155.701278760506,5,0.27886501519276496,Q1_Train,0
60,111086.51685522134,9562.959032650466,4,0.48773984271182425,Q2_Train,0
22,157817.49381132543,9185.930300327713,11,0.20804142682418084,Q2_Train,0
49,23834.80049147105,19265.27645025566,13,0.06580242745637994,Q1_Train,0
25,87038.25687035282,11845.33605218894,0,0.5331257848704802,Q1_Train,0
27,99275.87812136264,26909.608272502606,11,0.448119475863713,Q2_Train,0
55,46328.54047003025,16531.605786828397,12,0.09936078792963154,Q1_Train,0
45,33280.76077897429,35170.573238749384,13,0.15129135238487987,Q1_Train,0
34,95890.28069432417,31911.0159741961,14,0.17060202664864524,Q1_Train,0
26,37488.9416164759,41591.96468371493,2,0.33391200967237294,Q2_Train,0
19,67764.72627834391,19694.16072250986,3,0.09490787138582753,Q2_Train,0
32,43521.42365743156,10431.167788482802,0,0.2911597885948499,Q2_Train,0
67,45048.67576437008,20491.669784721686,5,0.05644004019729626,Q2_Train,0
20,58788.116406277586,39957.7749015093,6,0.47603308466463,Q2_Train,0
53,87122.9252932876,14879.647774817551,4,0.4137802003717266,Q2_Train,0
21,45683.94564410734,10808.137864446506,13,0.5501604171722416,Q1_Train,0
31,52734.51951398814,9145.54358902634,9,0.32372008225810556,Q1_Train,0
58,203062.68683665906,12567.906922474343,11,0.11431902223158115,Q2_Train,0
58,41107.69637334687,12512.338473483724,9,0.6105966767686571,Q1_Train,0
67,44920.51052262283,12753.28745949489,5,0.03344456510631253,Q1_Train,0
53,33828.81662297792,72958.19567748217,7,0.3228318211200915,Q1_Train,0
57,185093.02444779966,10001.680182720353,5,0.3251027864805383,Q1_Train,0
19,41461.52209131368,12501.64561298695,2,0.41171181545494584,Q2_Train,0
49,39167.91614159091,19195.547956288116,14,0.26340030781148144,Q1_Train,0
33,225495.6318672057,28530.473491550227,3,0.13352537329773126,Q2_Train,0
49,28739.45445393666,6181.1967294923215,10,0.2196209191284787,Q1_Train,0
51,59647.09770341226,17239.337464697077,6,0.13266856096680837,Q2_Train,0
28,41426.33332960542,14739.25941005504,5,0.2016413730806131,Q2_Train,0
27,48488.00289409584,8638.462637689501,7,0.679273480568894,Q2_Train,0
34,40470.58790947162,10696.214258705288,7,0.07196080344984679,Q2_Train,0
57,59104.73904394039,9506.208125976667,2,0.45189826239974074,Q2_Train,0
57,37052.9402400508,50414.047991308595,0,0.5592161867445097,Q1_Train,0
31,87113.4965685161,8752.19779327034,6,0.454556510069821,Q2_Train,0
42,21502.016491203918,8745.240063635223,7,0.5154000614054578,Q2_Train,0
39,46173.121661608595,38988.387696892496,14,0.6791302659362866,Q1_Train,0
37,43076.920644307545,29620.584537900588,5,0.13515409117815838,Q2_Train,0
38,31985.062852912873,21570.038346811387,6,0.3755736260694439,Q2_Train,0
61,128085.90135564769,26366.032026020952,7,0.522808143857767,Q1_Train,0
49,218267.56761764147,35163.00706635787,3,0.31099048108790994,Q2_Train,0
68,21010.88502317605,5119.132448041318,7,0.28684684936635657,Q1_Train,0
66,40904.90692672909,8636.126072795832,11,0.48958483285668897,Q1_Train,0
38,36216.581918787044,41474.26674812789,6,0.062337479538889295,Q1_Train,0
52,40451.55224073729,9642.440039665973,9,0.1854096628937639,Q2_Train,0
49,70926.93765557717,14111.120018837637,13,0.10985737679117065,Q1_Train,0
56,142012.37125802983,6743.740649173214,7,0.17130209610244507,Q1_Train,0
66,51378.69646009477,25514.039871570865,10,0.30749338857305436,Q1_Train,0
64,20824.087303606924,46985.978360848,4,0.1338717547279091,Q1_Train,0
35,48268.74273061239,6880.538122455617,1,0.6188103525568782,Q2_Train,0
38,41948.78861133667,27317.716718827836,7,0.4670198360708583,Q2_Train,0
25,21588.53829550429,25811.66121400928,12,0.2712857178096788,Q1_Train,0
63,28250.596015570518,20044.83636350165,12,0.3357048775884324,Q2_Train,0
49,69477.57155075307,16843.9524554113,1,0.40456761292816107,Q1_Train,0
28,49952.534176418805,20518.838753162083,14,0.2914100143235194,Q2_Train,0
39,24101.785158528994,24992.523013430316,3,0.3949154745289802,Q1_Train,0
42,75613.17045728787,6614.711784462827,14,0.09416328571730434,Q1_Train,0
39,213583.64939371505,10219.310412815319,12,0.520788373235036,Q1_Train,0
45,57961.428150616346,7511.609212179125,3,0.16022331892029365,Q1_Train,0
30,69079.31042212385,13618.200306838666,1,0.24077137579056423,Q1_Train,0
35,55967.339403454906,38533.23091497093,0,0.29477547275187416,Q1_Train,0
19,58086.320838571686,23955.97399390016,9,0.0854101332409317,Q2_Train,0
44,107395.76755653917,23109.355553257054,8,0.46961287551892034,Q1_Train,0
67,35373.724674350684,20483.70638327054,12,0.21455650186560593,Q2_Train,0
48,84686.94804922925,9301.538707523388,3,0.3091634945665968,Q1_Train,0
32,32059.03417400127,15236.180175265335,2,0.20358176062505123,Q1_Train,0
68,96242.52539665993,24362.67362499732,10,0.3914490826028206,Q2_Train,0
40,27982.484249348323,8223.441814837106,9,0.15673966102030107,Q1_Train,0
41,52080.31002943771,14709.521454667463,8,0.4452574363840634,Q2_Train,0
39,110736.80871948515,17783.45554923255,14,0.057463872155555866,Q1_Train,0
60,71662.39888734212,16498.212954574465,1,0.3917897627842185,Q1_Train,0
50,47531.77366117638,18281.111919044346,6,0.5831096790236499,Q1_Train,0
20,150178.78929167247,91166.82245174055,11,0.15146005026294584,Q2_Train,0
36,32281.665536702476,19614.21831894907,12,0.7077074923919568,Q1_Train,0
46,81429.36447926197,8200.142928093834,10,0.543593165993208,Q1_Train,0
47,147841.42164995472,16326.085757215113,10,0.23842785870221353,Q2_Train,0
61,63909.71257678473,5479.447621879292,5,0.388997747534976,Q1_Train,0
64,136406.70485499874,10839.752085528537,5,0.07093198879331382,Q2_Train,0
42,108343.20619558406,14427.268442490335,10,0.3721971531710534,Q1_Train,0
54,83075.93904544166,17857.485129687135,11,0.268909977490577,Q2_Train,0
25,43381.95480716852,27160.124638984395,3,0.3537821119766471,Q2_Train,0
59,69968.6290973038,10349.630440051666,7,0.3723921540082059,Q2_Train,0
33,56933.439670853586,25408.47386769846,2,0.17669045942781053,Q2_Train,0
18,27799.01269528752,27656.19825434713,0,0.388032898933757,Q1_Train,0
49,26216.01963758955,14638.906027257217,10,0.4210816687681251,Q1_Train,0
51,99082.96634780892,28739.571162150092,5,0.2541632880707869,Q1_Train,0
60,72895.31044945342,29962.39327936584,6,0.12505228625343365,Q2_Train,0
27,48697.73122073331,6309.559490705842,10,0.26838791259013217,Q2_Train,0
38,116630.5756310782,11349.336299365068,0,0.14158624512921972,Q2_Train,0
44,42020.80515808606,20658.358206560646,9,0.22278270269036857,Q2_Train,0
44,26629.720433956816,15969.178591260868,14,0.1629911473663858,Q1_Train,0
19,22559.608180908708,23207.156737494162,3,0.37809996677411567,Q2_Train,0
58,60582.054213810356,17026.421107374095,12,0.26115913627445286,Q2_Train,0
69,22224.779683803186,13874.161263521384,12,0.3307989550653935,Q1_Train,0
53,45578.39716517257,6789.149197683683,10,0.21326258830902395,Q2_Train,0
59,41529.38450368037,38002.00325734094,3,0.021059092749572735,Q2_Train,0
43,98309.26860585794,26803.88234482516,9,0.33675200600361405,Q1_Train,0
31,24816.36677862909,14532.336195537337,5,0.23667991380808875,Q1_Train,0
51,28938.971029144246,12262.84850224803,3,0.1307289077366536,Q1_Train,0
68,50864.28503511306,35207.706059225,4,0.3597673650676725,Q2_Train,0
48,22092.996994133744,14049.643245930461,1,0.31710501363600285,Q2_Train,0
23,126137.37987074516,18956.235273823324,13,0.1437995931257628,Q2_Train,0
21,44864.167881081165,24721.84275399923,8,0.39800603445839067,Q1_Train,0
64,42737.58969277011,11398.930408443786,7,0.17228870752962405,Q1_Train,0
21,59131.43076776806,24808.903623047194,9,0.15714711173670798,Q2_Train,0
37,177426.48049644308,5628.296485019737,6,0.11452050274411815,Q2_Train,0
52,79507.31348363822,13939.069839079462,14,0.30508053473644925,Q2_Train,0
43,63426.155986098034,31434.374364333267,8,0.28646655406036825,Q1_Train,0
38,21755.139274545076,7246.8780756741535,13,0.10008743093999149,Q1_Train,0
57,39708.44658596465,44920.34324843874,12,0.176572802750678,Q2_Train,0
27,20564.21595486053,28349.270582173893,5,0.42470771999149876,Q2_Train,0
55,31247.266797833072,49314.87171776559,1,0.13436665563943145,Q1_Train,0
63,273919.28715269116,42530.4982686976,5,0.5538290588633361,Q2_Train,0
37,29101.291157720072,16873.245807719104,4,0.3030183167329252,Q2_Train,0
34,132374.36639986094,24370.44575330187,9,0.1535487919821869,Q1_Train,0
21,30514.30506221055,14516.472470678655,4,0.08772384833310716,Q2_Train,0
46,32946.46475260204,37146.183301850484,1,0.2651846295659156,Q2_Train,0
41,93179.59415286615,23306.354789344197,12,0.2640308181228813,Q2_Train,0
54,43663.35608719993,22015.142387484633,6,0.3832728043003745,Q2_Train,0
69,97891.62201955832,25766.612320920496,13,0.24603437214110774,Q2_Train,0
21,89434.33352202804,20245.995905783915,4,0.2144495297762522,Q2_Train,0
51,42800.841570588345,30730.435987962006,14,0.20973436096656406,Q2_Train,0
47,67205.40958161684,31796.839868213527,10,0.20759882008768918,Q1_Train,0
36,23963.724733496805,40459.60869665256,8,0.1131437210856968,Q1_Train,0
66,72881.69061560572,10714.54529154209,5,0.513373812873907,Q2_Train,0
63,57386.03527951257,28891.85660665982,6,0.18683839891525184,Q1_Train,0
36,30178.10511281564,77362.2247084943,3,0.27159457715410107,Q2_Train,0
47,53549.59575630726,7896.416497428434,1,0.26192471304954473,Q2_Train,0
55,24676.04826553502,24716.554927396282,4,0.09885148009227922,Q2_Train,0
53,24961.529214469505,21265.667592579834,3,0.33228414138906626,Q1_Train,0
36,30582.394216016946,7460.243879802058,14,0.10272097109995736,Q2_Train,0
62,30002.677054450738,7671.25373976517,11,0.10656807564039097,Q1_Train,0
47,58633.1649996024,21604.768463753902,12,0.17126082784500393,Q1_Train,0
66,145836.71771306,30680.050534623566,8,0.3826317704924304,Q1_Train,0
50,58861.98115211488,14222.353765874195,4,0.3878718078382866,Q1_Train,0
35,81141.39606453001,45725.84081645632,5,0.10675511064976578,Q1_Train,0
45,68440.91649709542,18485.429402100588,11,0.17438705561411716,Q1_Train,0
28,30769.236131843252,15620.597200349594,11,0.12335147468350056,Q1_Train,0
62,38087.31105758148,24817.83471702987,8,0.3727252587723471,Q2_Train,0
50,68503.84171740215,13188.524276151458,11,0.31462721130749255,Q1_Train,0
34,47761.20067739666,5065.1938266965035,10,0.20735493452867282,Q1_Train,0
23,130085.68244496113,9608.865215700589,5,0.19131101786354515,Q2_Train,0
37,23794.004500394865,26609.56367438191,11,0.19167369897327557,Q2_Train,0
64,128600.1448319963,6034.673301337481,3,0.39251506361180616,Q1_Train,0
44,42685.96936286465,11480.144987880583,1,0.4921820038072778,Q2_Train,0
32,72165.21840308027,32145.973669063234,14,0.2884302146854994,Q1_Train,0
23,33160.05116414087,6680.397146199077,8,0.291182599392121,Q1_Train,0
64,60875.68316950036,16757.69785221418,3,0.05961586877428061,Q1_Train,0
31,97274.37685070027,9823.759431931223,13,0.40101004826096237,Q2_Train,0
28,120882.18818876085,24433.375166965434,10,0.34127701809766275,Q2_Train,0
56,25553.23377735002,5006.156000599459,13,0.25894089705130724,Q2_Train,0
43,71033.20368296173,22056.416177052783,0,0.0294447615097332,Q2_Train,0
33,21767.0017774874,16869.688385048546,1,0.3508781606004704,Q1_Train,0
22,78658.47349403551,27634.771065998037,4,0.1406919667713173,Q1_Train,0
69,57542.40407873099,7573.856924555263,2,0.2572229130761403,Q2_Train,0
27,37023.651000040336,16356.505212771415,12,0.07223449883767506,Q1_Train,0
67,104276.6680755511,8268.045807584364,5,0.19831557867489893,Q2_Train,0
30,257887.2083284766,7112.095885002013,3,0.1464430250811132,Q1_Train,0
60,104741.6722656194,7414.751235026047,1,0.11219050205532609,Q2_Train,0
47,23165.50022833307,12710.120836848422,6,0.46362488145497077,Q1_Train,0
62,137332.26833095413,15354.059342851062,11,0.230566536795424,Q2_Train,0
23,98045.557180259,18037.775141100723,10,0.23118043476305083,Q1_Train,0
62,44899.43366606281,5700.69471848386,7,0.04991599180317592,Q1_Train,0
36,228075.6362713976,5950.199603118694,9,0.3076553517732237,Q2_Train,0
59,116274.75378276022,6884.8731464576085,4,0.297122414751463,Q1_Train,0
52,153124.19188644981,6461.274873785904,2,0.4801758853243622,Q2_Train,0
22,31664.755025448474,15602.027033139502,5,0.24308903672025908,Q2_Train,0
54,59554.49164746158,53749.22006979599,3,0.16488635780912236,Q2_Train,0
37,146265.5133817757,13110.90226017538,6,0.13293915636351336,Q2_Train,0
53,53563.03403473194,18742.19719750926,8,0.12675200882100712,Q1_Train,0
23,74796.0921301117,15608.948035552541,5,0.40771911863444266,Q2_Train,0
21,164554.89866043875,20836.9584142588,10,0.13404204403507955,Q2_Train,0
56,81115.13334371359,12094.263936336469,1,0.19628188298003219,Q1_Train,0
56,90162.07622328117,27869.198933431402,13,0.530051971575702,Q2_Train,0
52,29231.130318812244,17704.397778577364,11,0.4849999688470322,Q2_Train,0
41,92765.60850363618,22840.68642997969,10,0.17185417532100228,Q2_Train,0
23,47872.26702579837,56901.15034545963,2,0.4073295845680204,Q2_Train,0
58,94395.71462962215,21093.61351834426,14,0.30344673314735876,Q2_Train,0
42,38204.36754989138,15075.554325516592,2,0.3582043620489617,Q2_Train,0
53,54137.752660083344,31902.61485815706,9,0.5211717539906798,Q2_Train,0
38,30321.809353077617,9345.949968131834,10,0.26981390435029395,Q2_Train,0
41,64742.84342570926,12858.42695229135,12,0.16636246992175924,Q1_Train,0
61,26460.08339250785,5922.260791899624,13,0.22290399684516055,Q1_Train,0
47,174343.43862205322,10651.030925035015,13,0.5366465566185367,Q1_Train,0
39,87002.72195927866,40255.26273865287,9,0.061444142496826615,Q2_Train,0
52,132832.25300055373,13445.285794768706,12,0.20692390320652201,Q2_Train,0
33,52915.69423833565,25992.791496809506,5,0.3190488657021269,Q2_Train,0
42,34534.95833116249,15695.864447968204,10,0.3037340816975351,Q2_Train,0
30,140992.7732208121,7877.165087699361,9,0.46561774153545,Q2_Train,0
23,45415.813264813725,7910.504464001639,5,0.428409628683952,Q2_Train,0
62,225804.54061305177,19148.532747287936,7,0.22054487823818233,Q1_Train,0
60,50418.03660676091,13518.762853535667,7,0.2031291933965862,Q1_Train,0
37,23938.073893512526,16339.004728794635,2,0.1836364742584834,Q2_Train,0
35,20641.038971112233,13952.230316892192,9,0.06603604748290806,Q1_Train,0
67,20180.647748756575,10649.587906404773,3,0.06986256312534833,Q2_Train,0
50,67755.15128763439,17296.891223595314,13,0.3103123803691515,Q1_Train,0
44,47705.375856140716,21003.100548832008,11,0.49423456759021767,Q2_Train,0
32,62159.06546449891,15979.509255800042,12,0.4784269240238033,Q1_Train,0
37,25963.980907167872,31072.96984579323,10,0.17024113834810528,Q1_Train,0
41,24416.742944591195,8760.51350034614,10,0.41316224448474775,Q1_Train,0
32,22262.645505213553,11935.69887648915,11,0.17076254129899943,Q2_Train,0
24,81248.1966003069,11225.897927091797,4,0.32033619327764895,Q1_Train,0
38,26993.077833620362,12774.092716778981,9,0.22583821536853377,Q1_Train,0
59,70936.33500067957,28806.38865993564,10,0.1268493857609498,Q2_Train,0
61,238483.16938155782,14535.024794241957,9,0.3947760918801855,Q2_Train,0
35,316966.0301756262,9974.215614395225,3,0.07254251018671246,Q2_Train,0
22,216762.4600016107,10892.825625799065,9,0.2502416864066638,Q2_Train,0
54,47960.7525653481,13460.638384508886,6,0.670696679980213,Q2_Train,0
41,57900.10700088309,9936.42434372293,4,0.3979598739329344,Q2_Train,0
66,35981.63970925227,10240.276517595299,2,0.26696226692502073,Q1_Train,0
42,112260.48445969904,17889.112175762148,14,0.10688662199023201,Q1_Train,0
38,52246.78058414075,61063.509988633064,14,0.3686839496669978,Q2_Train,0
29,83343.90391428099,48472.02428543213,11,0.27331846394131504,Q1_Train,0
59,126665.86040471838,18454.57209371301,2,0.16285609468669748,Q2_Train,0
39,53366.48183433514,22031.525369203842,1,0.3232120081198696,Q2_Train,0
45,29049.932516156907,10059.730876333117,14,0.28181360698057933,Q1_Train,0
60,45952.43953176004,14614.92680926393,7,0.3359740670673705,Q2_Train,0
56,29079.95755370701,9466.793641913113,3,0.131178855144401,Q2_Train,0
51,58893.537125177536,44595.53217974616,4,0.3036789211593684,Q2_Train,0
23,63055.38776593623,9958.575904563328,10,0.2096398744561569,Q2_Train,0
63,66129.44337204087,5665.212544222481,5,0.10349974525955558,Q1_Train,0
23,71100.81784644339,19530.79435613163,6,0.10380384324885424,Q1_Train,0
51,35856.82791365771,5867.136846887843,10,0.06093935702897052,Q1_Train,0
27,21901.641454253768,12207.591802576882,3,0.41123277569613015,Q1_Train,0
38,93214.3035914507,14677.470243942613,5,0.502428568731697,Q1_Train,0
19,31109.498024171735,6417.988263191404,4,0.5832530565659177,Q2_Train,0
65,22147.27499221547,9228.815687379001,1,0.29510632522445657,Q2_Train,0
19,195971.7269831468,29173.409614854412,13,0.07823746754179468,Q2_Train,0
65,37263.22603149343,7638.168075557383,8,0.09170424373081078,Q2_Train,0
68,65471.2140402005,28929.012963256675,0,0.3193073891280599,Q1_Train,0
56,83169.93859150389,13184.71710867992,7,0.17552210659763082,Q1_Train,0
29,123412.89295880009,46736.26906193106,11,0.47768182380312935,Q2_Train,0
55,51016.305782966214,39665.570699047144,6,0.16618931046864432,Q2_Train,0
27,157187.9077649387,18600.181537604287,13,0.4319987290517729,Q2_Train,0
52,44870.297004479275,9639.483080464383,7,0.22139193542479807,Q1_Train,0
68,45780.664916409165,13305.925286616204,1,0.20916674174552036,Q1_Train,0
66,72601.71272727392,32117.333880697297,5,0.20579818558694568,Q2_Train,0
38,249143.12162422691,10100.657739374214,13,0.5306638663979886,Q1_Train,0
43,36253.88551439557,6062.595979355854,12,0.256812686983315,Q2_Train,0
21,119912.48371993654,24414.0794583196,11,0.26710471530093316,Q2_Train,0
63,20168.932237407073,17424.187174241975,3,0.3209826861962558,Q2_Train,0
69,31235.56153063305,9310.553677915988,11,0.1722486775156664,Q1_Train,0
57,232739.48003392405,11092.622074783661,3,0.40371263112804173,Q1_Train,0
38,51199.30758663049,12685.241732817813,14,0.24705861191873907,Q2_Train,0
32,65486.126858531396,27517.98171426591,11,0.331792131918915,Q1_Train,0
45,67676.89144281019,7990.319491366695,13,0.2845160537832875,Q1_Train,0
31,59875.784230801,19050.96569130643,10,0.20692096118127126,Q2_Train,0
58,35683.04279284547,28570.017752830066,14,0.1872147283742467,Q1_Train,0
57,72999.70516335356,39707.736166010654,13,0.12087652671805654,Q2_Train,0
20,20600.506687253386,15952.218769461258,9,0.41871850036160924,Q1_Train,0
59,159607.5951065831,55904.269714502676,9,0.22447137118478191,Q1_Train,0
23,25680.74804069973,13372.9888314224,8,0.5013368759015898,Q1_Train,0
56,169689.30285266254,22534.468891386783,3,0.13671471555805156,Q2_Train,0
69,25781.60437292271,13689.081096176244,0,0.19930655178742704,Q2_Train,0
67,33244.40535931803,20075.632733322804,13,0.2970665069784396,Q1_Train,0
60,21770.219235018605,6105.308892343102,13,0.09844534522842227,Q1_Train,0
36,98778.56453357644,7891.678311377471,7,0.5074710660644502,Q2_Train,0
68,56069.22568517412,61181.60064537683,8,0.4721088874563852,Q1_Train,0
29,72954.86009718243,19912.789370267637,1,0.44929536993488894,Q2_Train,0
25,153825.16411841198,9598.388123762266,9,0.2806823079501687,Q2_Train,0
41,77874.65441901174,7734.829770259119,3,0.3439422407195982,Q1_Train,0
45,81384.91677363106,16855.886782130954,6,0.3753182934842518,Q2_Train,0
58,33236.06973561046,17040.761186832606,12,0.5336600212605653,Q2_Train,0
38,117274.97390458958,12847.971043184538,0,0.12985730412651644,Q1_Train,0
26,90419.16948406742,17696.322188773607,1,0.3761853879734889,Q1_Train,0
64,62732.378936262736,5140.612329252075,13,0.1235312446403647,Q1_Train,0
32,22481.539424809424,23623.24108344191,14,0.12594134933962717,Q1_Train,0
65,45988.46865387069,14953.52691541217,1,0.5720477214858453,Q1_Train,0
63,30161.56029619397,23094.092003659443,1,0.16760972157859574,Q2_Train,0
35,44172.81636025499,14642.311047312127,8,0.1548542211009139,Q2_Train,0
59,52211.0277639815,38885.66281339028,10,0.2958276023021249,Q1_Train,0
23,62312.31346660378,8678.704398297405,4,0.1076243802607102,Q2_Train,0
29,21988.596296816657,17296.875536962434,14,0.14809203269224236,Q1_Train,0
19,89452.75211253294,21192.04265099918,7,0.20019389917373928,Q2_Train,0
33,41437.80925614538,15994.269378077775,9,0.4477213865117374,Q1_Train,0
20,81024.24038492946,9082.302017590679,0,0.44769184396959344,Q1_Train,0
44,76800.89605019879,42220.84328561666,9,0.09059937295900967,Q2_Train,0
67,67351.61977425826,29278.541976114957,8,0.5529776561996824,Q2_Train,0
60,27904.80400882047,7266.629042424837,14,0.26007558072026293,Q2_Train,0
57,110646.56936607407,5715.186545711883,6,0.05898114866641094,Q1_Train,0
55,47723.34004913503,6467.251816297658,10,0.10689441733635895,Q1_Train,0
45,24510.7966356153,30018.644369164173,13,0.24085963568954405,Q1_Train,0
25,68113.2057436659,8080.572397042846,1,0.205223502331673,Q1_Train,0
54,74737.64366282993,12558.770678156583,1,0.5666106927235113,Q1_Train,0
49,184487.60119937433,6986.756039565835,3,0.13306820167463732,Q1_Train,0
54,73163.5913190239,11903.143097920834,1,0.2500659247866171,Q1_Train,0
21,50277.7955435231,7860.354082111008,9,0.2880185861121337,Q2_Train,0
23,79286.95957253908,26563.13479393107,10,0.370604008437716,Q1_Train,0
63,41440.56726557219,6195.29815578039,10,0.11049072026695317,Q1_Train,0
36,127745.20622431267,6103.682884299232,3,0.6282520380542315,Q1_Train,0
26,80005.24069845473,13043.50506050169,12,0.12599398361656397,Q1_Train,0
29,133356.01742863044,8659.224066366309,0,0.17690433771696826,Q1_Train,0
28,49748.0758524954,5409.190284511454,7,0.2955370901889248,Q2_Train,0
63,73487.26482142517,8718.454354317353,7,0.0980680727354435,Q1_Train,0
33,88263.6476924377,13573.766040363149,5,0.3183008052821751,Q1_Train,0
18,50251.326280987894,6241.390263230005,9,0.43295697856730575,Q2_Train,0
62,24357.04830954066,23876.00342424183,13,0.16467740027588892,Q2_Train,0
38,93797.77553987225,17047.807565536124,6,0.22147338373406136,Q2_Train,0
47,22449.86780063548,13549.089153563791,11,0.44988280717797574,Q2_Train,0
30,83277.23570563381,15969.336645392,12,0.07408981246318312,Q2_Train,0
45,25382.700804789034,27382.829457413427,3,0.3985854156540298,Q1_Train,0
22,55900.97027730985,10585.72264731259,3,0.22680862461987536,Q2_Train,0
42,25980.70801818415,9556.38480009689,1,0.711195933063269,Q1_Train,0
20,69413.9364077838,12649.371929738765,11,0.3792946068445534,Q1_Train,0
50,85996.30140322469,5034.288290755895,3,0.27241181415020677,Q1_Train,0
37,39639.006323279435,53411.94875237851,14,0.5812005889539408,Q2_Train,0
51,97816.2247778936,6005.690116755865,13,0.17935200693122585,Q2_Train,0
43,40857.06245319568,15426.419358169182,10,0.32963990459731024,Q2_Train,0
52,125673.25402940011,19029.05384146484,7,0.3108188339293656,Q1_Train,0
46,36784.56729170805,25379.80194071824,13,0.3291931928484131,Q1_Train,0
26,156735.28335766512,11539.838024629193,7,0.3832177276893208,Q2_Train,0
55,32467.985548596294,33187.47803446983,0,0.248530962158714,Q2_Train,0
36,79561.57314301186,6636.614409038875,10,0.27811255513798094,Q1_Train,0
61,34035.9287494432,19735.171128055237,13,0.2552967031067154,Q2_Train,0
28,72326.85184341641,14723.964703577169,1,0.0977533880944022,Q2_Train,0
64,105974.82332470233,12363.403293102594,3,0.14784783125822293,Q2_Train,0
61,29808.81035764062,52298.673244943064,13,0.16921749763498736,Q2_Train,0
61,80137.78842761858,12757.195966338513,14,0.511745468896107,Q1_Train,0
38,79565.2195364412,20478.10262755859,12,0.1860791617878345,Q1_Train,0
41,181493.43116752728,6356.289601101974,0,0.13720981510022098,Q1_Train,0
51,29581.533598219103,25401.554389981367,11,0.07773896314785074,Q2_Train,0
39,38647.45932811164,8510.55778120432,3,0.43604595432935095,Q1_Train,0
20,63718.056192639546,12376.15633871156,9,0.46231495799727934,Q1_Train,0
43,134769.94504985723,15990.31560449892,1,0.1458468105665326,Q1_Train,0
65,84833.43121855575,15545.642223088547,7,0.2525237256912727,Q2_Train,0
45,44060.96721806195,79678.50513477075,0,0.32371824957891615,Q2_Train,0
50,36239.64129944695,12137.245593916132,6,0.3018235326361539,Q1_Train,0
51,118908.54393398658,78099.77981876937,10,0.11584964304238299,Q1_Train,0
58,27082.716575697486,22959.449118091474,4,0.4503754629576155,Q2_Train,0
68,104047.28036670412,51795.28498617808,8,0.5887432605818619,Q1_Train,0
64,103785.13471353233,11461.640660917583,3,0.3331356870719536,Q2_Train,0
28,91490.98773873392,15751.905130214742,13,0.18057527528532374,Q1_Train,0
40,30037.355361669815,14867.226366875844,9,0.3900798712549847,Q2_Train,0
28,131223.44288157974,24666.769141715245,12,0.10642423844163477,Q2_Train,0
47,70027.47403356043,10779.962958921198,0,0.16574704931809214,Q2_Train,0
32,41335.334294771514,13989.389956380208,11,0.3496544846643074,Q2_Train,0
44,53008.62022206264,6923.943624557311,5,0.1782460042065544,Q2_Train,0
52,89770.68297976554,9461.827865086158,3,0.22119105658828037,Q1_Train,0
50,23494.372264532572,16039.099861109364,10,0.388923904093779,Q1_Train,0
33,51049.06484086136,17680.715832471156,14,0.31650196271477576,Q2_Train,0
51,66347.48740653438,12421.310784334575,3,0.13479284331766,Q2_Train,0
52,37718.94494129172,13549.292364448082,0,0.11644583177928518,Q2_Train,0
57,22113.245276819536,9951.333508388085,4,0.18341525327970737,Q2_Train,0
64,36334.65027885079,10208.718379599612,2,0.05906187107337749,Q1_Train,0
56,57804.998657710334,10224.121800837644,11,0.5023504888762781,Q1_Train,0
26,54063.647244989595,11846.836520669898,11,0.31882649648477335,Q1_Train,0
18,34537.11011124655,6446.971799049549,14,0.3968643178488642,Q2_Train,0
25,45599.18400211808,5079.376384500782,9,0.1097918620395496,Q2_Train,0
40,27469.10137803523,24977.506688687587,6,0.63784541335823,Q2_Train,0
20,26123.02955178256,11172.544602915574,13,0.3453552696159367,Q2_Train,0
55,157801.4421369026,10684.349589575886,12,0.14408626651188092,Q1_Train,0
32,44900.58253973216,18934.728977672457,0,0.16652418723067425,Q2_Train,0
38,48902.60916215031,8726.367488425558,6,0.5127362593124191,Q1_Train,0
69,30063.80259672641,8028.512503324025,10,0.3845217589157059,Q2_Train,0
29,22266.067688690273,38561.45982545691,4,0.3139732322539148,Q1_Train,0
34,22426.998259033127,21185.106922060768,9,0.12740898039929444,Q1_Train,0
26,123322.35267022936,6506.595856155238,2,0.5652831807106152,Q1_Train,0
30,28909.828967851223,10044.774979530257,14,0.3212407069761339,Q2_Train,0
32,108681.61999844806,16631.414571197616,11,0.08979535642791983,Q2_Train,0
35,39622.51649346856,26710.673622750463,4,0.06943125908615724,Q1_Train,0
50,77360.1533360813,22803.696339423812,11,0.33023160846690225,Q1_Train,0
23,41801.2433577347,13560.407098261894,5,0.5672121277277388,Q2_Train,0
51,44031.88445788423,5888.827456335632,12,0.2222174088365432,Q1_Train,0
63,36979.41314889616,19447.41120239409,9,0.34617358682241184,Q2_Train,0
31,41430.890034410084,6880.293307642579,7,0.28359782380780013,Q2_Train,0
53,54013.2246659162,33562.30860407639,4,0.19647850345167883,Q1_Train,0
25,46943.89516204893,6112.952359976843,13,0.2576969773196667,Q2_Train,0
52,27136.047001485884,5489.357175691059,3,0.16524478406076218,Q1_Train,0
36,28923.799523610716,8300.641828898733,11,0.40956434709938605,Q1_Train,0
31,61284.13632409117,5942.192603565061,1,0.2999055664128995,Q2_Train,0
37,64905.837943711864,20379.51261736898,7,0.2768703691902554,Q1_Train,0
66,53296.74723431367,13621.13238716025,3,0.1564308597093437,Q1_Train,0
42,87118.82737167903,12970.243638351054,9,0.300136261548346,Q1_Train,0
31,26644.62616644569,12418.525984220381,14,0.45747969137959965,Q1_Train,0
43,57769.725199997316,12258.927251837113,0,0.3598807082585663,Q2_Train,0
55,44020.40353027538,8699.388208305518,4,0.13159394534489782,Q1_Train,0
40,27420.53366438554,6487.981984470014,0,0.10075540483118753,Q1_Train,0
39,220363.9867363566,9530.933220108223,10,0.20569677641674863,Q2_Train,0
65,43082.36319851335,21506.366363990823,13,0.4744730664856189,Q2_Train,0
36,69147.95459161664,6135.78686514506,11,0.10830329866178368,Q1_Train,0
63,53679.862723873615,12226.879178160341,8,0.24050232273903274,Q2_Train,0
68,27705.850307355842,15834.81637976166,10,0.35613620756326736,Q2_Train,0
59,69144.15671672884,32851.67178576779,10,0.24430969635321007,Q1_Train,0
36,34185.954794536876,42264.00270896903,3,0.37561455095986895,Q1_Train,0
37,50973.772005977786,34576.23110818904,13,0.28434491437901704,Q1_Train,0
24,40763.85809869965,11641.617771662819,3,0.5701387250793626,Q2_Train,0
36,21360.952712155125,29866.792903412686,3,0.534253937645896,Q2_Train,0
69,25597.236995855397,5600.853366039518,0,0.26516017704420203,Q2_Train,0
31,68268.80021616755,28378.935410060865,5,0.15429970655864048,Q1_Train,0
26,37553.35129502887,11254.987876188428,10,0.476948148857608,Q1_Train,0
50,36966.070461668656,36551.378845411295,1,0.06548390444560802,Q2_Train,0
69,223771.69383603343,5210.934199619678,1,0.4485509988330632,Q2_Train,0
31,245699.8552966361,8665.247098194133,10,0.41742700922018255,Q1_Train,0
28,22446.485601904966,12072.06167234076,14,0.6675799089540214,Q1_Train,0
52,37007.85080012919,10400.481915725559,3,0.5478424352935851,Q2_Train,0
58,54030.39188476361,31137.499180507708,10,0.11656181282784385,Q1_Train,0
31,27733.277293237243,22554.317781181773,7,0.427737098411103,Q2_Train,0
58,34806.73230141549,12261.788883845173,7,0.1767677136569988,Q2_Train,0
21,201544.08304931072,18588.06378489022,6,0.19314981757947272,Q1_Train,0
21,43911.21503818617,15868.188496350409,4,0.08700479591717646,Q2_Train,0
45,61734.94257817495,14657.544378250375,14,0.2255201336014604,Q1_Train,1
25,80919.03885350245,10097.335034319553,11,0.27194725268515946,Q2_Train,0
19,87782.79457687642,23527.857196357465,3,0.38387775034964705,Q1_Train,0
58,78244.1701091263,16135.994361636596,13,0.25071955332315793,Q1_Train,0
39,25923.854111328186,5007.837812399499,9,0.2910826868155607,Q2_Train,0
47,146937.13969997934,15867.998192560455,1,0.40120110612937776,Q2_Train,0
29,22586.617202533245,57689.35047847982,1,0.39231065837595835,Q1_Train,0
52,29502.642689161665,7627.745945439898,9,0.12099635027617685,Q1_Train,0
28,27512.110561235037,9327.065037604538,1,0.09061847639413423,Q1_Train,0
65,24208.405939522698,33056.73841777326,5,0.06158304156434538,Q1_Train,0
37,216573.92369285974,108127.97701428753,3,0.40647011202232497,Q1_Train,0
54,145304.57916884025,14396.649300330577,1,0.26821079797268216,Q2_Train,0
20,83050.37125003067,84345.1851515916,2,0.2531931079853219,Q1_Train,0
61,47753.94507854633,24667.770506408124,13,0.015843112022076233,Q2_Train,0
50,30547.048795084032,21065.325314504305,2,0.31850002085557366,Q1_Train,0
26,49263.09351404969,41243.74904182889,10,0.15030291571452836,Q1_Train,0
21,93098.90792264346,49328.73519027212,10,0.3600233253567355,Q1_Train,0
34,38610.601991381685,15201.209051724745,7,0.24033374898025153,Q1_Train,0
18,44480.19474193972,6624.692681163941,10,0.31445523834270167,Q2_Train,0
40,145990.60875847482,8263.909426749127,10,0.46354322765050116,Q2_Train,0
58,176878.45063003467,24168.626059608618,4,0.27246778663113547,Q2_Train,0
36,88338.82687401492,18407.64845707306,5,0.4398785230961457,Q2_Train,0
43,61869.767870239186,9100.701586060592,0,0.19359423339278903,Q2_Train,0
69,38230.39968706257,31029.923342039183,11,0.16681624773885648,Q2_Train,0
57,56885.141945292075,10380.644403181755,13,0.5949652143641382,Q1_Train,0
38,56760.978742189865,30374.499036700923,3,0.37775792413610226,Q1_Train,0
68,23828.386133100234,9603.706496403127,14,0.5153461126518292,Q1_Train,0
55,55891.92352541918,11806.929293096018,0,0.1657011464822049,Q1_Train,0
46,166684.16537294968,8468.143145494116,11,0.26561790474279096,Q1_Train,0
68,25640.655171086604,36116.14397579317,0,0.3687365369117133,Q2_Train,0
21,69870.32303361612,6806.9065496700205,12,0.28945806161918103,Q1_Train,0
24,62006.69176339141,17421.762074592294,13,0.16236050264369897,Q2_Train,0
29,32788.83159964013,15372.549653224163,1,0.18277764607398447,Q1_Train,0
62,84613.04468929602,7669.198409923485,1,0.11808868545736158,Q2_Train,0
20,57806.808221458065,10715.903843204962,5,0.22693350983245483,Q2_Train,1
39,32078.23386112706,18445.109172480545,10,0.2940869875635042,Q2_Train,0
61,30837.519200034436,21128.264430232295,9,0.2114042068234286,Q1_Train,0
19,24228.04679414813,16915.480667748365,11,0.0783995591825581,Q1_Train,0
41,99370.43642961967,9762.00787815807,12,0.4749002605526272,Q1_Train,0
51,39615.459938230095,18511.895663964853,5,0.04907470666663961,Q1_Train,0
44,117234.63688520441,11062.14922845021,11,0.2107314909859971,Q2_Train,0
58,66864.91340704422,8821.856239687128,2,0.49669808708776314,Q1_Train,0
18,75986.69255913797,48651.20852694335,1,0.48279839981223294,Q2_Train,0
25,37242.52428957069,10672.274672580155,13,0.3675564647623481,Q1_Train,0
55,46578.428788510966,39062.87450667639,11,0.13618588413833166,Q1_Train,0
42,68654.23343454313,27967.071745983474,12,0.1717865676489023,Q2_Train,0
29,25604.586869731105,27022.264329396246,3,0.39266169692676856,Q2_Train,0
23,45850.2700937879,14985.725607829743,9,0.17144455929363045,Q2_Train,0
43,62344.86888643192,6895.625135561189,13,0.20066052511845417,Q1_Train,0
44,20384.03333043224,57652.044144649146,5,0.46351594707743543,Q1_Train,0
25,72908.28541412897,19681.67931624112,5,0.13857292256755285,Q1_Train,0
36,73896.81678280781,15919.135722116584,12,0.5417002571756229,Q1_Train,0
18,28924.521533304196,13206.023090343087,9,0.6160965054069812,Q1_Train,0
62,34209.46360486456,34322.612422568694,8,0.07371625616930333,Q1_Train,0
57,47997.424087650295,9438.49159880551,9,0.4896746974640787,Q1_Train,0
52,93367.84489579243,15713.566380738534,4,0.27802343124123086,Q2_Train,0
62,199304.56362381318,7192.867173998524,14,0.3027908994243471,Q1_Train,0
37,44490.876711767625,14178.712687966889,14,0.3895895771582012,Q2_Train,0
66,38528.21019016876,23611.995443675038,8,0.13196788379702867,Q1_Train,0
55,28127.085416675945,33936.90475273217,5,0.40845873658929843,Q2_Train,0
66,86648.11036734449,5565.97124500535,12,0.427236427173471,Q1_Train,0
25,21897.171916437677,11830.972942961336,9,0.1811910205673084,Q1_Train,0
37,79446.51287508316,42744.876913453176,12,0.36830008764367533,Q2_Train,0
50,34752.311016807,14674.277234665211,4,0.45999397690934335,Q2_Train,0
43,85237.64763288261,10700.391625142856,2,0.14885523072973092,Q1_Train,0
56,294399.80119636504,15173.515139297675,2,0.22815384561048294,Q1_Train,0
38,99748.14795632097,16416.447082490733,1,0.1332397761271636,Q1_Train,0
66,40915.01581220152,33084.700612499815,1,0.17520479700506994,Q1_Train,0
58,84550.4498897768,53799.85367804937,7,0.8384786282529682,Q1_Train,0
26,21179.930054549175,56894.226372211735,12,0.24549019792652751,Q1_Train,0
41,29591.662211892624,5587.61253917919,10,0.36148770326249163,Q2_Train,0
54,239445.47955253464,23405.84572507907,7,0.19230513993283846,Q2_Train,0
58,105878.83033968625,21868.169812794593,9,0.23052274293095992,Q1_Train,0
34,43587.194157325604,20197.080156335855,6,0.2992429116420006,Q1_Train,0
41,111637.96485230306,11009.50353263168,1,0.24834056876971597,Q2_Train,1
38,188252.28036570174,69753.3877623974,14,0.0538449217956288,Q2_Train,0
68,48593.955095813304,11626.711890758892,9,0.4746937561236977,Q1_Train,0
58,69529.09815141937,30180.72711045795,1,0.05815777509120094,Q1_Train,0
30,34835.743105992,10362.308922225953,9,0.0604510493928851,Q1_Train,0
28,67240.86011002728,8327.904099298012,6,0.05112805630890686,Q1_Train,0
63,39631.40986374473,27836.689739420653,3,0.2860861089144787,Q2_Train,0
30,68472.82361185021,5062.081128913048,4,0.5373822088847773,Q1_Train,0
63,126889.7657117798,13257.80957815958,9,0.22708489955340944,Q2_Train,0
18,60222.771469815176,19612.85726852117,2,0.09168654024869478,Q1_Train,0
57,71379.80461538408,13850.732685150959,6,0.7764377282359066,Q2_Train,0
61,46777.28118991008,10391.788475187366,6,0.08150528377280238,Q2_Train,0
36,136831.84160739515,14647.860939882949,6,0.21121970274322435,Q1_Train,0
25,26677.187925897208,6151.120014252485,12,0.2920151160385869,Q2_Train,0
62,130755.09801430062,19728.66184548224,7,0.12279757192320798,Q2_Train,0
62,52909.49655290165,31630.333933910257,0,0.011596358133315719,Q2_Train,0
56,67389.44509196587,7924.292017612128,5,0.09399131818310086,Q1_Train,0
25,121617.27489621448,11862.099920219587,11,0.6868179065268831,Q1_Train,0
63,80488.81568455786,21299.6152225359,13,0.34085760936747594,Q1_Train,0
47,36966.612968865025,6226.915137798277,2,0.6203833978377116,Q2_Train,1
64,57525.49100975824,12716.415472226041,9,0.3991191417715605,Q2_Train,0
64,26195.93647245643,11589.409505901003,8,0.7458881030247827,Q2_Train,0
19,48051.939704664386,27684.877982481183,14,0.3139041209727329,Q1_Train,0
21,114453.81700846902,10480.69731531012,12,0.1046816047396399,Q2_Train,0
47,95313.78313827285,6658.820375077479,13,0.062074113792691156,Q1_Train,0
36,73281.55343066927,29855.217704613537,11,0.2737296935824181,Q2_Train,0
37,152303.73508309928,7893.559032977466,13,0.35148079919092845,Q1_Train,0
66,34347.53479546982,14277.651693330135,1,0.3105673457385969,Q1_Train,0
29,184897.01051723887,26621.088838876305,13,0.47597244398384536,Q2_Train,0
32,20709.328366522433,7381.055836008388,6,0.28548420028199767,Q2_Train,0
19,81197.30396731131,49943.01165254431,3,0.11590891520887149,Q1_Train,0
46,60268.012445079934,50470.78198375888,2,0.5638835094802314,Q1_Train,0
58,58481.10042494415,56989.132655656686,8,0.11545668663808993,Q1_Train,0
27,83278.46259473145,10403.552095248691,5,0.413203320256466,Q2_Train,0
19,31608.04628866491,8190.7419799041345,13,0.06970342900050067,Q1_Train,0
27,202387.27411608343,25946.873604476725,4,0.16067446165221583,Q1_Train,0
35,25916.491631522047,41002.76118023974,11,0.4915970019912945,Q2_Train,1
56,28042.922949255535,5039.370611772522,3,0.1144222226475933,Q2_Train,0
20,186521.49361104146,11132.247334524567,13,0.44452415509643933,Q2_Train,0
37,46503.01960913341,13361.782986422864,1,0.06342781983580677,Q2_Train,0
23,41334.47035346503,13531.709855855666,14,0.5088545501924568,Q2_Train,0
44,49395.140168533864,20902.553333632404,12,0.29138473951622496,Q2_Train,0
19,20609.484951155395,5350.520624168865,8,0.5665070249700899,Q1_Train,0
20,210913.91181771827,8073.546866171252,7,0.3109372883154179,Q2_Train,0
33,28595.288631099927,18999.32761871892,14,0.09294608269150681,Q2_Train,0
47,58341.60409116752,6356.051258205238,0,0.4902629274022449,Q1_Train,0
57,189562.50175697444,75498.24576607761,1,0.21109183894680128,Q2_Train,0
34,30308.767540951056,23345.597800595828,12,0.11922564323356677,Q1_Train,0
58,150739.1648648975,9673.08614245942,1,0.27395269385160825,Q2_Train,0
60,45001.923338878536,7399.8603926311325,6,0.21364944188479895,Q1_Train,0
18,22895.7555792473,31629.495883944466,6,0.6959408589979611,Q2_Train,0
32,95231.7138498476,12028.35894311472,7,0.36608605214893725,Q2_Train,0
43,60368.68355231786,22742.448017129165,3,0.5101113629222779,Q2_Train,0
54,72127.02383894342,48606.17884564234,7,0.036227876798642616,Q1_Train,0
38,39787.136117086266,5299.709695137069,9,0.08577305786075666,Q2_Train,0
48,20660.17295363832,26720.35675136781,6,0.274119441901151,Q1_Train,0
42,106105.79688552968,7856.403778040329,2,0.2106563762561914,Q1_Train,0
38,58685.35459124363,53948.12393995207,13,0.4053237233571461,Q1_Train,0
60,37845.16824738255,9669.091345147932,11,0.5534821766462983,Q2_Train,0
35,35543.06687651518,6940.912041987369,6,0.20919039015144425,Q1_Train,0
52,106786.8844268927,5855.54581281474,14,0.061958271384793526,Q2_Train,0
26,81748.612301603,20453.6537798423,13,0.18815240442686668,Q1_Train,0
47,236611.1921415001,19990.062217142317,0,0.20175312131455903,Q1_Train,0
61,34349.687905108636,58605.98505532174,5,0.49448997933662686,Q2_Train,0
51,29977.60696417724,34948.57206633297,11,0.12562006982350082,Q1_Train,0
49,50994.681925822544,11620.306278873468,9,0.22205104021446545,Q2_Train,0
45,127604.91248462134,34481.07771499351,13,0.338901023967957,Q1_Train,0
32,35598.39839998379,31221.509443756775,12,0.24252713123861605,Q2_Train,0
58,26571.279083723657,17250.692058756707,11,0.2667386534279171,Q2_Train,0
40,44075.008126628454,6536.572527733478,4,0.1300928428624011,Q1_Train,0
57,109588.65961768683,51345.41948881192,2,0.3893359780450409,Q2_Train,0
28,41372.332365122355,34496.60081466513,13,0.030930171742737364,Q2_Train,0
65,21742.7506637868,32621.575628830706,6,0.44729661742431925,Q1_Train,0
50,76453.89784980044,6911.73651677495,5,0.48284318666704307,Q1_Train,0
24,63822.28775692546,12487.089641941831,14,0.3140266386518295,Q1_Train,0
21,122254.84591844807,10401.240558256228,3,0.2552878776261966,Q1_Train,0
18,26461.42569867532,10543.63940596546,9,0.5704269191668447,Q2_Train,0
18,60916.512175163625,11353.473714255011,6,0.4633657683183351,Q2_Train,0
37,67126.82920020715,10350.70577591575,12,0.4128388675887035,Q2_Train,0
36,35293.757876706935,30286.320034993318,14,0.06517311127248077,Q1_Train,0
46,33130.81008959229,17587.2434739997,12,0.5036064369498428,Q1_Train,0
27,45473.05816902034,27742.27202015427,6,0.20798359533832747,Q2_Train,0
35,64970.66766780149,42679.35560496889,7,0.019708318913403078,Q1_Train,0
52,34034.29528892894,11321.408054111478,3,0.16053472357245652,Q1_Train,0
60,130873.9188938868,5857.407023413942,0,0.2947594692276685,Q2_Train,0
64,25820.060338696127,12836.137695534668,3,0.28282466201154527,Q2_Train,0
48,22013.37632342562,9065.382119459517,13,0.14358991064228166,Q2_Train,0
28,26585.63340766195,27944.84147509621,9,0.19083261093654244,Q2_Train,0
66,55148.848176140185,14993.664290442202,0,0.485154923576797,Q1_Train,0
66,171592.10730567866,11088.485564740462,6,0.26507351111192323,Q1_Train,0
55,79962.57692854507,7482.964255101118,5,0.2895258240709821,Q2_Train,0
22,68045.6558428974,5407.949745076845,6,0.19315134527859643,Q1_Train,0
25,62760.396031218464,21992.60720631394,7,0.3522230511322021,Q2_Train,0
29,172959.51263789964,11537.982929578824,1,0.5173250392160659,Q2_Train,0
18,51887.17256245938,13003.395248867655,5,0.20793239275391845,Q1_Train,0
48,159095.0883373619,35294.91246963378,5,0.18212160706482322,Q1_Train,0
21,97837.68424647127,57510.29644904918,0,0.19707686352275103,Q1_Train,0
66,186932.59751417366,6331.294240106866,7,0.4510135938081191,Q2_Train,0
62,66866.81409518493,27518.045230663218,13,0.4994259641027538,Q1_Train,0
67,40307.28108619704,9483.32169607023,10,0.0849120122986515,Q1_Train,0
47,37227.17508733232,16900.23406588579,3,0.25534197321869767,Q1_Train,0
41,29002.574881165507,83682.37101260768,6,0.42209586193008336,Q1_Train,0
20,81257.91775764187,8513.349920692463,14,0.24906265020911345,Q1_Train,0
28,70937.72562480954,7097.526287207907,8,0.44060601657938203,Q1_Train,0
62,125577.12649628916,18557.170849739025,13,0.3533280791981912,Q1_Train,0
21,183409.55097566728,33764.84098773003,10,0.24974017456041409,Q1_Train,0
44,23094.92964553235,11405.918550772925,0,0.2687021226636747,Q1_Train,0
63,74608.66810336278,61572.55148836017,11,0.13614916225843876,Q1_Train,0
44,220671.57909853916,27087.53218880982,4,0.12084782107318696,Q1_Train,0
59,43473.092762599335,29323.894722213463,12,0.4162098725038743,Q1_Train,0
68,29309.346121446728,26459.44169716171,7,0.18153707870530172,Q2_Train,0
32,65590.27724324724,17123.438792156398,9,0.10025817138091307,Q1_Train,0
59,45735.512688916766,36591.99383149963,2,0.257439056100555,Q1_Train,0
54,42429.73231521553,5880.194434544456,2,0.11437517083199317,Q2_Train,0
59,79057.61144936318,36044.83820020272,14,0.22607469637539743,Q1_Train,0
54,20721.604949799126,19240.54299484537,1,0.4398551505567034,Q2_Train,0
40,39212.88159149831,17375.107523969924,13,0.25879912292939306,Q1_Train,0
23,89082.31617944494,8759.043060516651,0,0.1808015465801917,Q1_Train,0
26,78321.71406240464,54146.7862675957,8,0.10304950326991122,Q2_Train,0
66,73709.47989791715,8106.417577818334,14,0.1910716026130313,Q1_Train,0
46,66227.95113989257,32836.832722367544,0,0.6006426580396315,Q1_Train,0
69,61572.675855400965,14799.189240702504,4,0.18657840881786084,Q1_Train,0
34,23291.13273003762,48339.25863078631,11,0.2160705876394005,Q1_Train,0
49,107238.58728978275,11692.327435920994,1,0.42933885704340313,Q2_Train,0
39,61829.99546512652,11363.823748783248,6,0.46627288278361806,Q2_Train,0
21,154580.0847650222,30207.54797090732,5,0.43025118678614854,Q1_Train,0
22,35847.77252716433,28013.380856062955,12,0.12103566416973101,Q2_Train,0
54,87828.09281378135,24252.094450354594,14,0.5366087898841257,Q2_Train,0
58,24317.76910030643,21604.338182231142,5,0.5509385798308294,Q2_Train,0
30,127694.94989132698,84343.17069383195,12,0.40997524820181386,Q1_Train,0
51,60115.666885707105,7633.934099466585,0,0.18369419592069902,Q2_Train,0
62,67888.56732293073,18600.082751961676,3,0.11922274539601181,Q1_Train,0
40,82826.61518481479,7772.866880110864,14,0.3316188753331972,Q2_Train,0
59,70118.12037049705,12096.823028094532,5,0.05178378934223693,Q1_Train,0
51,101406.94046714473,6204.635668586971,4,0.04104676342877717,Q2_Train,0
49,213719.70508341078,19662.877279893117,3,0.1360711625498483,Q1_Train,0
68,81470.82701655605,10266.45452363034,6,0.40740539717967866,Q2_Train,0
63,86589.24202262243,11727.821806371765,6,0.30650950140527106,Q1_Train,0
61,93577.8424120991,14640.558373680236,13,0.4518559898339362,Q1_Train,0
38,33139.488835064396,27846.40230264121,2,0.09338379063842449,Q1_Train,0
61,136881.44926233857,11190.557121991558,0,0.24426093769344373,Q1_Train,0
56,34625.48906819694,19847.203081509913,3,0.04658052065713776,Q1_Train,0
21,74387.0950486262,19675.68234614865,3,0.35142090211246646,Q2_Train,0
68,75999.12015768007,15939.706779992566,6,0.16083085550653242,Q2_Train,0
18,38794.67692125267,10973.054021083819,12,0.5709875244461964,Q2_Train,0
45,80452.58016626963,21626.514581352345,6,0.31345995355582423,Q1_Train,0
51,32596.059941909327,26145.010422785796,5,0.4470679495657018,Q1_Train,0
53,77316.74657653934,20888.220864356965,3,0.25920196227153,Q1_Train,0
52,118824.37240039618,7176.158764979033,8,0.11140639778244374,Q2_Train,0
57,38771.72031752013,44368.95433415704,6,0.32127647403020565,Q2_Train,0
39,55215.05150234512,43298.614193853515,5,0.19032300658828505,Q2_Train,0
41,72511.35813248696,24304.0036656556,3,0.30358792174994353,Q2_Train,0
56,54225.666219409075,22461.265929923542,0,0.38708674840016843,Q2_Train,0
25,170436.44294985096,25706.22479187942,5,0.5075374395758424,Q2_Train,0
45,99649.60596234145,5452.109416103265,9,0.46034503086738626,Q2_Train,0
34,36953.803605456735,28731.016568513754,0,0.036048833580536545,Q2_Train,0
54,223254.47871250275,46879.74011098868,4,0.06304964309959098,Q2_Train,0
53,43384.20041369653,36322.73344677001,10,0.49063232678611857,Q1_Train,0
36,96559.6157222007,23907.796493095197,12,0.481254474425365,Q2_Train,0
51,119790.29831867322,11900.075112039405,8,0.5178988716938768,Q2_Train,0
28,80828.17142491502,5772.758033028395,10,0.2355591401061235,Q2_Train,0
62,21158.82868733276,20319.011625425832,10,0.2812277256805014,Q2_Train,0
64,37434.62202029722,13963.825537277067,3,0.19589896549661592,Q1_Train,0
29,60821.40049683536,17764.986216728168,12,0.3432597409972897,Q1_Train,0
22,130059.12187584578,7325.437914721056,14,0.4600454629918755,Q2_Train,0
34,92444.58843238634,15965.030552928161,10,0.2431234602518908,Q2_Train,0
37,43078.1850532792,25748.172457043755,0,0.3017089856820507,Q2_Train,0
63,20578.229259108288,35988.129533777836,0,0.5574903422737798,Q1_Train,0
29,68528.69439760468,10694.162951501661,6,0.004696217063091183,Q2_Train,0
23,46054.220584987335,18559.748895077904,13,0.48331797861514747,Q2_Train,0
34,38899.050950745004,21237.026569952428,4,0.16982766266606886,Q2_Train,0
68,231688.2342982779,9941.948667653749,13,0.1745876935293619,Q2_Train,0
43,89282.58511255214,18408.396907159095,10,0.014912458034289715,Q1_Train,0
61,20677.33000017079,37653.952114781874,8,0.5603221078853154,Q2_Train,0
23,130576.13138224812,15466.908289671632,14,0.13121571088828649,Q1_Train,0
53,48456.235972146525,10978.029209706117,2,0.43112147118405525,Q1_Train,0
28,143875.90633819485,6320.523767071041,6,0.11845905796849901,Q2_Train,0
41,35711.42399162824,6541.471584287474,8,0.11904967033761786,Q2_Train,0
40,25138.25415820998,8914.75670417066,1,0.23182179857553661,Q1_Train,0
44,107174.60374047267,17845.258507490413,11,0.18313456904869796,Q2_Train,0
28,21693.238836482604,11096.329288247742,6,0.33849002324992794,Q1_Train,0
67,89290.01507896231,95039.90109601141,3,0.3416070946845691,Q2_Train,0
68,43726.15403753023,30893.300221505484,8,0.13574195413532714,Q1_Train,0
31,122807.1267432038,5400.7762310995595,6,0.7155834781307465,Q1_Train,0
35,29891.74101615465,23703.959847639817,10,0.36427461806307254,Q2_Train,0
64,43778.961259825635,8053.176311767671,5,0.23400241594109528,Q2_Train,0
64,165128.06345075503,7923.296785048004,3,0.8541002295681058,Q2_Train,0
62,21273.795117520265,25165.853370910176,11,0.3733390715497019,Q2_Train,0
52,92098.75491186639,5877.86328714736,1,0.14492354454172252,Q1_Train,0
65,143338.35037425114,9835.176129146144,10,0.10329978152771464,Q1_Train,0
26,33578.66899813398,21110.33467284931,9,0.32108988103338265,Q2_Train,0
25,48017.8753280487,12471.504589008266,8,0.06355730115930297,Q2_Train,0
69,26511.84819614388,23294.719681073402,10,0.4361328904154525,Q2_Train,0
34,27155.56893350614,5492.404909478582,0,0.3268825851792043,Q2_Train,0
50,60298.19062861764,12132.262907487093,9,0.12680702513314934,Q1_Train,0
36,70884.72342164448,35912.565835595175,13,0.2919461887766805,Q2_Train,0
22,113200.21190944807,10487.035004044374,5,0.2238012865128004,Q2_Train,0
48,188414.88982480415,15204.509077492192,1,0.3098531731985104,Q1_Train,0
49,46431.26331416807,41042.26717318162,4,0.1661865766137914,Q1_Train,0
39,20496.622583310887,27467.325021893455,13,0.4592654893420999,Q2_Train,0
60,40631.24806191647,8600.311658016923,5,0.026468664593946055,Q1_Train,0
20,38023.0846739388,10274.126583558751,3,0.2652889477201911,Q2_Train,0
27,121284.83855877863,5792.853250232577,8,0.1291681342530897,Q1_Train,0
59,57657.97551423057,48222.23791873894,6,0.20489649469822424,Q1_Train,0
33,35467.715419256565,5997.004491752411,11,0.04948188203779333,Q1_Train,0
29,64642.11645577016,31590.54620173852,9,0.011179176445642869,Q1_Train,0
41,37379.542552675644,13992.026888764114,7,0.14521163568279685,Q1_Train,0
47,43360.772712351776,7368.796945666158,3,0.2551006570979366,Q2_Train,0
47,55239.05971272112,13180.552345970713,8,0.6133974799699539,Q1_Train,0
64,72553.75456620583,9986.154793972375,1,0.21784037397225062,Q2_Train,0
67,45981.27652868907,6687.051659311522,13,0.27535274255622694,Q2_Train,0
25,88970.97722540195,42634.69708356693,1,0.4520954498074034,Q2_Train,0
66,54595.45193411459,7907.084247711112,8,0.24618180997182393,Q2_Train,0
24,24061.516827153275,33616.91127167081,4,0.3588375857412014,Q2_Train,0
47,131452.96517311607,8558.903621708549,8,0.2966347651353416,Q2_Train,0
24,34146.952306526335,23755.487260640646,5,0.16415813984428584,Q2_Train,0
20,23304.74107426862,19322.966771105304,2,0.2156554473378466,Q1_Train,0
18,58523.39086897959,25500.712338644742,5,0.01608209431741205,Q2_Train,0
53,113507.56195997137,28260.34946809049,8,0.4777834236931877,Q2_Train,0
42,46097.28243717439,21223.48962981891,10,0.23699876791085783,Q2_Train,0
54,96408.4448089923,51927.63074055756,10,0.5167834234179886,Q1_Train,0
30,58169.07310018902,11684.871252219385,3,0.5560428084782109,Q2_Train,0
22,149742.42269041832,13600.370417921791,11,0.5324737512608445,Q2_Train,0
18,38570.35019224255,49834.75678610651,0,0.19049074675675662,Q1_Train,0
40,26864.471227992344,32321.500646233933,5,0.3756327835592233,Q1_Train,0
26,23545.069663313858,8411.456323203103,6,0.5263418654525301,Q1_Train,0
21,105734.31285317683,21182.590042803047,3,0.31792328673871967,Q1_Train,0
48,67063.8807894999,12441.616191463363,11,0.1694738300617633,Q1_Train,0
28,83387.05541363102,38336.50757067751,11,0.35254637088642266,Q1_Train,0
52,28489.912626311794,17892.267667233096,11,0.44143583300856465,Q1_Train,0
20,71589.68060855835,15825.392698627424,12,0.08733587596827905,Q2_Train,0
31,35800.9040323732,10501.418649052335,3,0.5123170296678404,Q2_Train,0
30,26576.880969201728,6443.690628190247,13,0.42425134223242345,Q2_Train,0
62,28109.8057948664,10866.706808489593,0,0.2014652802047416,Q2_Train,0
51,64349.95425035378,23669.899925435835,7,0.34416101386149905,Q1_Train,0
62,43962.97995119725,28114.771489558363,1,0.08556658894381845,Q2_Train,0
36,40240.82938616477,27270.79909378211,11,0.15633072559747077,Q1_Train,0
55,116813.14324559574,6917.030419189381,8,0.20608636834678992,Q1_Train,0
33,123877.17671438346,7594.967560083849,9,0.6918709093638392,Q1_Train,0
57,57174.0536781201,10372.185631919207,14,0.27257531973153293,Q2_Train,0
51,89181.93049642512,7499.171318523047,9,0.09540023846559768,Q2_Train,0
59,45568.3871449499,34093.136763704475,10,0.2661372049048221,Q2_Train,0
33,24318.143988244843,18339.067479247577,7,0.10864680301224379,Q2_Train,0
55,93158.79346130273,11284.70780570092,8,0.025251417017566634,Q2_Train,0
19,29238.28880971296,16213.350338398255,3,0.3429613007016064,Q1_Train,0
19,20825.624517282304,9543.222847800254,6,0.2397500324133169,Q2_Train,0
43,112671.96009518385,18150.36568552548,3,0.32038754392234975,Q2_Train,0
30,63167.5837585675,6163.438638750102,12,0.17613846777287928,Q1_Train,0
48,53139.44297837434,9125.369447582365,10,0.2292119585261191,Q1_Train,0
51,150510.63863191125,30645.13208779013,0,0.3129771279663988,Q1_Train,0
56,41845.60211884902,21182.094905567505,1,0.16689543180930735,Q2_Train,0
20,84462.37584303896,16103.80013819485,6,0.09307636394248885,Q1_Train,0
31,43881.19223792662,6905.189778198437,14,0.03944961819286744,Q1_Train,0
44,86925.809367572,10826.025756080187,12,0.2029584855660855,Q1_Train,0
46,28127.368815502254,31598.885327917673,7,0.08425285641912415,Q2_Train,0
56,55139.88317254705,5537.539434928876,10,0.3002038683044236,Q2_Train,0
56,31933.262403393113,9104.82780814572,2,0.17745182474807786,Q2_Train,0
58,171793.9980062595,10335.411397185057,5,0.20749141185516787,Q1_Train,0
47,38604.24047010954,13916.164405937267,11,0.09241319626078431,Q2_Train,0
38,173526.42016100656,6448.658936192351,0,0.14241425923331924,Q1_Train,0
36,72560.20394714091,25129.91306266369,1,0.17849722702537088,Q1_Train,0
42,29857.254924297697,30110.616097159167,12,0.04274969905382145,Q1_Train,0
39,53923.735369438815,22796.55769335096,5,0.07351494987498115,Q2_Train,0
48,42870.77937397975,5893.307682551548,2,0.3842312005143462,Q1_Train,0
34,51834.264298591734,15399.484896131586,14,0.4086574737384723,Q2_Train,0
49,50874.0699831668,10519.72787126743,6,0.16624304475767893,Q1_Train,0
27,23245.63239613136,15187.424551600321,0,0.3693478760575485,Q1_Train,0
27,137979.82002142578,20834.690487532145,13,0.5989751601573089,Q2_Train,0
25,149177.39520327898,23185.479362169663,7,0.3844304059579733,Q1_Train,0
69,62473.03628797862,21172.295644968566,9,0.3264379884309084,Q1_Train,0
37,23608.985559339482,12049.105669959774,6,0.6329797827785646,Q1_Train,0
67,62870.31439890432,42718.622687151954,12,0.23151824829495415,Q1_Train,0
45,50757.62183038484,26849.698441157547,6,0.18413824485036434,Q1_Train,0
69,35029.18702165967,45529.724827188526,4,0.2874028238806318,Q1_Train,0
41,63583.60782858575,16206.209042603878,12,0.16467040885989734,Q2_Train,0
32,33784.51593255134,15542.377558477887,11,0.5888026021422801,Q2_Train,0
39,49569.732792382085,13281.940254072448,0,0.22948194616541825,Q1_Train,0
47,26545.638316043187,35311.951864172755,13,0.32126741119117763,Q1_Train,0
21,21900.700564342827,49475.54637585924,4,0.07738197291786017,Q2_Train,0
30,39326.32696424873,12172.182900031108,9,0.26194415565812246,Q1_Train,0
40,36049.65548782104,16726.18944216583,13,0.05897780406867681,Q1_Train,0
25,46122.64058389372,10684.315156196095,9,0.20042089433381596,Q2_Train,0
31,162022.85883805962,57268.59066536894,3,0.37532115152384754,Q2_Train,0
35,127756.5336867489,15953.748401659997,11,0.44147266198492097,Q2_Train,0
51,25156.746485057596,31361.23963162462,8,0.09558734274257404,Q1_Train,0
28,70296.74364834011,34266.15162035568,0,0.2982443435619691,Q2_Train,0
66,63126.49738434982,5459.520194582456,9,0.3652694234078898,Q1_Train,0
32,20882.52017141482,5152.209802716722,12,0.4195995717811207,Q2_Train,0
48,201933.85084403478,6274.537006796707,1,0.5166324490536127,Q2_Train,0
46,45010.433783448316,13290.633859240234,4,0.4652079797129744,Q1_Train,0
35,47595.47985726561,21869.272691841797,10,0.5618774017537889,Q1_Train,0
39,39825.29007245603,12289.215969916797,3,0.21444252410890388,Q2_Train,0
34,42956.58716812743,10439.849764038547,14,0.22405522977174142,Q1_Train,0
41,114290.62974462722,25595.396088058333,11,0.20683394413503844,Q2_Train,0
67,57478.23814980718,17270.19929911888,12,0.11323900519495211,Q1_Train,0
25,39611.65850129811,13141.759398823144,13,0.23804571593241206,Q1_Train,0
58,57090.72019079172,32957.41212586414,9,0.21296965175848395,Q2_Train,0
61,79226.08256540653,62351.44177487141,3,0.28814114033066046,Q1_Train,0
60,20127.842711786387,10163.233348064201,1,0.49896287075483986,Q1_Train,0
36,55790.78334471422,18604.47200591962,2,0.08556763211993959,Q2_Train,0
51,25509.44394377721,5412.636805226379,0,0.17819365882543442,Q1_Train,0
21,49996.144473097746,17575.830203293706,4,0.3150861367949797,Q2_Train,0
35,86967.94002613735,18917.347433514733,6,0.4438706827984274,Q1_Train,0
32,146245.65621013142,72828.44545015652,9,0.20279709622779868,Q2_Train,0
68,22142.1399935606,69353.68517949595,8,0.3385041385962829,Q2_Train,0
30,45174.47262944262,19119.953102230895,13,0.04900440284535923,Q2_Train,0
36,307464.7738470308,22278.453747764543,14,0.2705923212407503,Q1_Train,0
65,28961.314716224162,8209.292914779879,9,0.17098676380320924,Q2_Train,0
43,57141.461094425154,16245.28175941633,8,0.11422805525896021,Q2_Train,0
50,108361.86428099348,5731.712129721593,13,0.27085440316602133,Q2_Train,0
64,25085.609056211913,24874.24543466145,0,0.2266823361614763,Q1_Train,0
60,69094.44980596582,49707.94499078005,4,0.3314034526191395,Q1_Train,0
54,171627.6991915916,41732.911106609,0,0.15109954644793958,Q2_Train,0
41,72978.43515901748,5574.691110784233,9,0.14460831390483259,Q1_Train,0
34,44099.252436558476,26105.206334229577,14,0.27886232924408483,Q2_Train,0
21,238928.1000131639,14150.2946026676,7,0.28144333754250483,Q2_Train,0
42,37195.46677706467,8501.428148747716,9,0.11207916724476431,Q2_Train,0
37,33257.7562914837,24190.978046893448,6,0.6520872364287307,Q2_Train,0
36,32093.770845829025,9598.117241592201,7,0.09762561795885055,Q1_Train,0
29,69835.79648024566,26285.410856066017,13,0.2864940228154853,Q1_Train,0
54,31865.593150140412,20540.51995416332,7,0.2202446496429614,Q1_Train,0
59,30405.145236962147,22818.788696434745,12,0.6134009484966497,Q1_Train,0
54,129762.19670100982,48391.84116209368,3,0.20616042472601895,Q1_Train,0
56,46708.87038232626,6944.657915709975,12,0.17205867708907993,Q2_Train,0
52,41804.19743397944,10844.060959549937,2,0.5573098284531582,Q2_Train,0
64,32029.44550638646,8881.671246122498,5,0.5448717134210428,Q1_Train,0
65,62409.41220395354,16613.22400263919,3,0.08326905044275637,Q2_Train,0
35,79765.1186640858,11404.251366659868,0,0.41305820944105914,Q1_Train,0
31,75996.69552418476,7612.680265320678,2,0.16368541567690215,Q1_Train,0
52,34706.32754264539,28467.998190700495,2,0.33934869386811056,Q2_Train,0
58,34782.598409917686,14089.385876541664,12,0.17278491337772664,Q2_Train,0
58,41524.436329075026,16609.64467518452,10,0.09443196052610367,Q2_Train,0
30,65533.33994004538,23562.74195077379,5,0.10254744280531125,Q1_Train,0
35,27657.664965753364,10963.914586294675,8,0.1444651943884759,Q2_Train,0
54,72218.58057962556,17358.732725329148,6,0.16477317551012655,Q1_Train,0
33,42413.0250084819,13542.538050758389,8,0.20594522414347805,Q2_Train,0
26,21110.77590980354,23722.50517798574,3,0.05977338747663256,Q1_Train,0
26,173705.6640280856,10716.80621471343,12,0.2601509482454394,Q1_Train,0
55,46883.31613735048,23802.843058979408,7,0.033447904358136875,Q2_Train,0
28,97764.0870813324,17014.797289691945,11,0.39896094961350737,Q2_Train,0
39,27695.06939095106,9227.564867925892,0,0.051804527324967334,Q2_Train,0
53,118358.2815752365,37411.64748409007,8,0.1437195220657728,Q2_Train,0
62,82847.08186954973,10566.259424063002,4,0.45147510935547813,Q2_Train,0
40,136759.71451463323,30096.20333120956,6,0.33489307640941346,Q1_Train,0
62,29147.91574215508,11145.042030032288,10,0.3184322449437173,Q1_Train,0
62,52359.17691342285,30815.705183897684,9,0.2065958101130099,Q1_Train,0
41,118678.79411089867,6803.086636999547,11,0.4655339781173502,Q1_Train,0
25,32147.633639845295,36065.29352695709,12,0.5663637879903417,Q2_Train,0
24,29657.63001989368,16444.594116100692,10,0.029562757683012423,Q1_Train,0
53,34609.85213759205,18524.774686902718,5,0.5861286541189945,Q1_Train,0
35,131073.3248668744,32696.922873733747,8,0.22743058862196924,Q2_Train,0
20,161533.84842782756,5779.599806581915,11,0.253807173761775,Q1_Train,0
23,54794.74105050743,20454.089554101512,13,0.2088447951590912,Q1_Train,0
61,67895.71094897817,5489.865583298509,0,0.05557102382875555,Q2_Train,0
38,29334.837999211595,20787.828806580997,3,0.08299062159062892,Q2_Train,0
45,77983.58450806297,12448.942529809428,9,0.06492798989373773,Q2_Train,0
57,50106.044754235896,5290.938375434769,5,0.5400390665278678,Q2_Train,0
53,21539.28284926794,8680.495821040231,14,0.20148729652042913,Q2_Train,0
60,110220.34396074258,8093.833781794532,1,0.5038767275655538,Q1_Train,0
52,68303.14785929985,11725.446788390254,13,0.4864345357140781,Q2_Train,0
30,89060.09454857087,25834.414513243595,4,0.5203975535359292,Q2_Train,0
27,68163.00871911971,28801.42807899053,11,0.19172894596489048,Q1_Train,0
61,45090.95674978417,22815.727699238756,3,0.02220627417739972,Q1_Train,0
27,51581.05933878229,16998.639979933017,5,0.27395535376283614,Q2_Train,0
63,77004.99154625708,50988.317213976436,5,0.37697301219487794,Q1_Train,0
30,68567.63206309604,36539.884411416606,3,0.22216520108225735,Q1_Train,0
55,96906.09128103292,14480.638522133415,8,0.17751484626135602,Q2_Train,0
41,55945.14977076155,24588.444929389865,10,0.4272137102974694,Q2_Train,0
19,103849.96970732926,5971.5325750403135,0,0.2725274273353368,Q2_Train,0
39,54383.83229008401,48399.85475534416,12,0.1105664284446705,Q1_Train,0
53,89851.94358270212,15481.155806509738,10,0.3949776575665595,Q2_Train,0
52,60102.10349451522,5947.982362800819,8,0.3729248469629468,Q1_Train,0
42,228219.97908113446,9577.68294636768,1,0.15104943709284557,Q2_Train,0
20,83437.84221088781,16698.438256579862,6,0.18253453859311142,Q2_Train,0
34,56415.44899104428,12938.937725996992,7,0.15099463583448652,Q2_Train,0
29,111321.77046215425,10703.924192039092,0,0.09662478682761821,Q2_Train,0
41,43051.01070993558,6007.916146109444,0,0.07590739206370407,Q2_Train,0
60,63008.62512437388,14250.49226775816,8,0.3060408340521126,Q1_Train,0
53,33384.73735894068,7646.304781116571,10,0.3634120804223751,Q1_Train,0
55,30875.684336908882,17777.31960227904,3,0.25310891619320564,Q1_Train,0
18,28133.820378959004,13091.099405063624,7,0.3357932336461287,Q1_Train,0
37,22997.99867537479,18624.739416237942,2,0.5946780597329665,Q2_Train,0
45,123218.80610153166,23336.010644720976,7,0.3028624215189351,Q2_Train,0
33,37050.163571192315,25704.014118454754,2,0.2555943496957467,Q2_Train,0
64,37147.09828821855,12686.292389362272,5,0.060015113035484235,Q2_Train,0
34,31547.959287973412,23934.80124533821,3,0.2412519393430732,Q1_Train,0
57,52255.71008856867,7288.605040585478,12,0.0654718553880965,Q2_Train,0
29,31677.460053673192,6129.1752779134995,14,0.3270549492099762,Q2_Train,0
44,66897.47210897459,9197.804527682354,14,0.2623387131965699,Q2_Train,0
47,64028.28888399288,6502.433475814704,11,0.11843993973844226,Q2_Train,0
58,54888.08105311799,8480.30210516729,4,0.034036853126084975,Q1_Train,0
51,30879.723695351466,77235.0621962607,12,0.344960268543582,Q1_Train,0
23,100836.4785600787,10011.980763281987,14,0.3848712519020205,Q2_Train,0
49,39570.420484677554,22803.921675862446,2,0.20565343206250425,Q2_Train,0
49,150722.86639396026,15646.875562087496,4,0.12956417031144005,Q1_Train,0
42,50381.36466396894,7571.630115776001,13,0.13070690672441287,Q1_Train,0
24,46232.25208046261,16190.637647892809,7,0.5441975635237893,Q2_Train,0
69,78894.96653152966,17484.25256340277,10,0.1122355045107521,Q2_Train,0
29,113517.99121887004,84045.38180410834,4,0.3067042674573794,Q2_Train,0
33,42047.52924160498,5435.450777520992,9,0.397873963214192,Q2_Train,0
30,30123.76613644115,36922.71616539712,8,0.2700054464120965,Q2_Train,0
24,101232.49711954631,20685.7972161979,14,0.3005046064167339,Q1_Train,0
53,52371.15049099474,38021.360495463894,5,0.022046175172378904,Q2_Train,0
64,100350.16990404644,18548.059164665152,10,0.22403008674353903,Q1_Train,0
68,55214.567314626074,8653.04949539372,0,0.14310505960430034,Q1_Train,0
26,43686.751056057474,17878.161384593608,2,0.05069510408680947,Q2_Train,0
49,79658.40269033005,7959.619880766544,3,0.336746080828509,Q2_Train,0
25,39301.63705353548,20922.402356851584,9,0.4742348033264245,Q1_Train,0
50,50878.62676006145,49197.452138347995,13,0.07706956602892684,Q1_Train,0
25,95229.15827102315,7765.413060518438,10,0.6995298111045062,Q1_Train,0
39,98828.73638957138,24806.333715855028,9,0.27444069258546105,Q2_Train,0
21,48037.313370354124,5637.578037842469,14,0.03440115103786259,Q1_Train,0
58,23921.49172284446,12802.562388972729,14,0.4284520933905002,Q2_Train,0
46,110217.31907188952,42955.389665826406,5,0.19617242784708452,Q2_Train,0
51,20156.462030889455,26683.312947951566,9,0.14701716313444288,Q2_Train,0
45,123880.70562364289,28596.139488286954,14,0.30244186756603897,Q2_Train,0
32,102102.36169894233,8202.084082840734,0,0.2663378119526911,Q2_Train,0
40,34272.12797003276,64201.40269212268,4,0.5152443288633537,Q1_Train,0
61,43320.72151205495,22816.16399746588,8,0.2333940792767795,Q2_Train,0
21,53603.848771317666,10057.034241186358,6,0.3032014754797655,Q2_Train,0
43,28351.547416568763,37636.55788059252,13,0.07725682744367536,Q2_Train,0
26,199841.52340504655,9815.281371925415,5,0.11755439485049711,Q1_Train,0
49,84746.09742191725,23624.9164741582,13,0.5123812916219169,Q1_Train,0
67,89035.8292044732,16477.10891904759,8,0.6708962381333227,Q1_Train,0
28,74104.46360403813,5079.1014885098575,2,0.039799991626197705,Q2_Train,0
39,39514.6302139824,32699.514336930064,5,0.1759034394538413,Q1_Train,0
58,97504.5830371321,59338.76624923503,8,0.41625909445036274,Q2_Train,0
42,196239.92272894495,19409.654667533803,10,0.12453244594850803,Q1_Train,0
27,212565.01263424713,22304.458302341915,5,0.5764765758693694,Q1_Train,0
62,26975.899024406972,23469.72531015219,5,0.1397061236844883,Q1_Train,0
36,25487.134221483047,22382.325662146126,13,0.0663273389968331,Q2_Train,0
25,45567.19617226276,13391.483866381861,13,0.13336795232699,Q1_Train,0
57,42612.28068877974,29729.198325584657,0,0.18383081863194772,Q2_Train,0
21,80799.74892971967,46775.03022426767,11,0.2685720064727316,Q1_Train,0
64,29845.243103584166,14111.317381648738,3,0.25091179236635003,Q2_Train,0
48,42574.67879513374,6345.033093173332,7,0.2734730275990419,Q2_Train,0
28,66006.73334559357,6257.707420748439,10,0.21534355638647795,Q1_Train,0
18,59781.287717583495,35337.75546071805,0,0.2754564435067016,Q2_Train,0
66,117437.01398287287,17026.981270844066,14,0.29550476514780827,Q1_Train,0
64,56094.88179098107,11523.86136545482,14,0.4349002264140739,Q2_Train,0
55,23911.485232081417,53474.2454442039,12,0.22628656130254932,Q1_Train,0
41,49801.52977778509,11024.248466950185,11,0.285399524346638,Q1_Train,0
64,24985.114760850287,35422.5761295898,13,0.17258535033814443,Q1_Train,0
48,65747.29130660495,22022.71221171318,0,0.1438719524310818,Q1_Train,0
58,36498.477233409954,9813.234732195175,10,0.342965499978608,Q1_Train,0
63,36932.3381289215,47563.67653236771,3,0.17046315797748127,Q1_Train,0
67,23993.667696087752,5977.186384169344,12,0.08671055880803202,Q1_Train,0
43,38570.42337742253,10739.61529151673,8,0.1763689431242414,Q2_Train,0
67,63932.9032735239,22599.38537220009,8,0.18593548144966604,Q1_Train,0
22,23449.58382130238,5587.865916038074,5,0.07627843276607311,Q2_Train,0
37,72699.9970740634,38078.73203186691,4,0.45291197995309135,Q2_Train,0
67,29561.119277079662,11148.32780147035,1,0.11218777569320353,Q2_Train,0
55,60126.921068457166,5435.199733451367,12,0.6354297160982004,Q1_Train,0
44,165041.0336906426,17014.3496002991,7,0.1041347364462666,Q2_Train,0
51,56477.035094287734,6286.334546751474,2,0.09697115145894114,Q1_Train,0
32,109163.43315394768,29924.89739528292,14,0.1844524486643982,Q1_Train,0
38,56524.88403164543,13398.643444188274,0,0.3383468995383709,Q1_Train,0
63,72143.00332018165,13552.04861216105,10,0.05001939491775343,Q2_Train,0
22,46101.08534045067,17185.775205268903,9,0.21321687367715547,Q1_Train,0
23,57818.05580445893,5604.642671068786,6,0.3068338480072301,Q1_Train,0
39,81740.56689480554,8337.803384423662,7,0.16705658376870905,Q1_Train,0
27,97726.07115582342,7335.690652790885,7,0.19054697701711154,Q1_Train,0
63,77735.80464528357,5277.853690569633,9,0.48410136751935506,Q2_Train,0
30,169910.2217989121,32539.88742804583,3,0.2536440412396315,Q2_Train,0
48,47993.456387850274,58393.1562548593,14,0.6003158074283574,Q1_Train,0
47,24071.656776208267,23223.584927568678,11,0.7331663661372044,Q1_Train,0
20,26483.74115863625,12983.610106247677,4,0.4228847865634225,Q1_Train,0
46,139203.93780976103,14168.579403872984,1,0.22149626486689206,Q2_Train,0
25,36539.92592285595,13167.70906586738,12,0.17762032831967797,Q2_Train,0
61,134571.8930343398,12129.55067089516,9,0.19647734840211414,Q1_Train,0
60,122475.12555435929,6139.950135712191,7,0.03162117241968376,Q1_Train,0
61,32042.449313154517,5585.706632316306,14,0.1418389272732293,Q1_Train,0
34,24913.128956443084,8347.124771967285,4,0.11283254178027637,Q1_Train,0
28,38546.09959590272,7785.144818118297,3,0.09227371096808351,Q1_Train,0
67,21251.24533335644,8083.9276184962255,12,0.21785657635444838,Q1_Train,0
48,23671.752976591026,10200.501344355067,13,0.15267661557857087,Q2_Train,0
45,43619.53943983176,12600.328643220608,5,0.10912129756401866,Q2_Train,0
33,128035.57788981634,14692.058503689721,5,0.040975996057440324,Q2_Train,0
21,57774.75038746471,14280.202286052076,6,0.282939308959985,Q1_Train,0
43,50285.775184286904,26412.858902485794,2,0.33307415669019175,Q2_Train,0
29,79248.87846598687,33215.575898712195,2,0.24851621247671754,Q2_Train,0
28,109163.7718028961,9001.801922014758,14,0.10087444382083237,Q2_Train,0
54,47353.486176208025,12689.558558081297,12,0.22350167223703035,Q2_Train,0
40,41400.79755394569,18595.468483138826,5,0.18150978540697718,Q2_Train,0
35,44442.16385281997,29352.79812015707,5,0.14352944704073906,Q1_Train,0
23,216953.96564441608,29862.445961263023,6,0.07963552894992486,Q1_Train,0
21,44944.84087794917,12706.512902455772,11,0.2816142976701555,Q1_Train,0
46,83118.07596862005,37155.08807352553,11,0.5033366993430569,Q2_Train,0
34,60744.49913589828,11560.699369411046,7,0.4092915746234919,Q2_Train,0
60,23637.24164772001,18205.315339842684,5,0.16025767738990923,Q2_Train,0
60,35640.9662620741,7071.500779397742,0,0.08946116881207097,Q1_Train,0
33,61829.44171372089,7623.7369395011465,1,0.16880525816826347,Q1_Train,0
19,102295.69904827359,16443.171240885327,13,0.4927346441641755,Q2_Train,0
25,157593.4756509416,17227.40760775446,12,0.2927455343336689,Q1_Train,0
30,103124.13899015881,17294.539955127562,7,0.24084593199097518,Q2_Train,0
25,44629.51885781184,39904.316534993086,0,0.4689574805180223,Q1_Train,0
47,75204.17552317693,12355.484107292654,8,0.3935699898946063,Q1_Train,0
49,159359.56644859756,16548.262474917414,13,0.2648919063496355,Q2_Train,0
53,239972.3495698203,38527.25934087737,7,0.33281253762079027,Q2_Train,0
64,92024.10527478739,14362.117020487896,13,0.6135653363263948,Q2_Train,0
47,62638.72715459509,13835.833870248678,1,0.0802040004018363,Q1_Train,0
60,35957.70265248154,36470.331551785435,11,0.2788858075255922,Q2_Train,0
56,36676.041723002694,25072.409141694443,4,0.279411184550122,Q2_Train,0
54,113884.88812145937,8814.614108038113,14,0.2430231603029829,Q2_Train,0
45,29321.389588505437,11052.906398991956,0,0.06876611194733759,Q1_Train,0
60,36656.83199852906,13797.996792598,9,0.43518639868010756,Q1_Train,0
59,51708.91461380845,6515.968499626296,5,0.24060051766367277,Q1_Train,0
57,124927.15938697086,28048.382903041915,10,0.5579286670127679,Q2_Train,0
65,62315.89341719347,16622.813353047994,7,0.13342858202055496,Q2_Train,0
39,136607.33412485983,7473.398383240898,13,0.039863568892094386,Q1_Train,0
54,21999.285728311632,27725.66778644493,9,0.10343493218511733,Q1_Train,0
44,56202.77766905973,13261.054317645892,8,0.12758950382717046,Q2_Train,0
46,22513.70366510825,25813.35943409023,14,0.06774963876458599,Q2_Train,0
61,129108.85938083696,31805.467843451024,6,0.0883654802541733,Q1_Train,0
30,92584.44577946133,17593.992635041323,3,0.6130732200088338,Q1_Train,0
62,30966.365449749635,5110.468434431992,14,0.14397006196878667,Q2_Train,0
27,68440.81468249799,15986.654094562124,13,0.2916501612728183,Q1_Train,0
26,130178.01892521302,5888.320027036352,14,0.33836456288420996,Q2_Train,0
51,133894.56421592884,10597.949212204736,0,0.5670058793874091,Q2_Train,0
68,55448.59393309011,8429.695534339928,10,0.3748356509397572,Q2_Train,0
18,78274.1631414595,11441.495932613716,11,0.3759026035600978,Q1_Train,0
49,213231.59436655996,7969.580732055728,13,0.06661042712930827,Q1_Train,0
42,33456.219432900565,10346.09743581252,14,0.3526087363930663,Q1_Train,0
46,29227.478413409906,6838.182984041454,13,0.09967975793640803,Q1_Train,0
24,40928.94787274684,6321.20342375559,12,0.21793263859129827,Q1_Train,0
66,28980.20398729848,41122.42226403764,13,0.37032419831932056,Q1_Train,0
37,87931.10441050556,31404.365411166575,10,0.20122949592434977,Q1_Train,0
37,52458.81489822568,8926.814378158037,10,0.09385414868334664,Q1_Train,0
52,43000.60597396553,18363.443738343452,0,0.35210798993623704,Q1_Train,0
52,30816.464492233787,5788.887022108307,7,0.4350587980364992,Q1_Train,0
43,200250.56328388947,8949.873281551516,13,0.6358987736631447,Q2_Train,0
31,49284.748579337815,17125.326822647796,13,0.3478019855396111,Q2_Train,0
34,167788.01208882636,6737.569727681805,1,0.2621993045802965,Q2_Train,0
35,27231.577264356492,10323.987365771452,5,0.21428932677599336,Q2_Train,0
62,92882.2046423509,23948.201795484998,12,0.20703570838640922,Q2_Train,0
69,68069.38036576388,10373.161100361604,9,0.17667305941581649,Q1_Train,0
37,65899.34885364902,5112.48851966529,13,0.20006132375083724,Q1_Train,0
35,69299.70585677546,56947.93791643346,3,0.08752121947340484,Q1_Train,0
21,96763.88332301402,14928.594840892085,2,0.01847762716311134,Q1_Train,0
18,125015.60013899636,8585.51097859838,12,0.1917711300206883,Q2_Train,0
67,82690.28305735366,14334.181678040157,8,0.25761147879848517,Q2_Train,0
43,35928.861102146395,29244.545113565062,9,0.15431049693838603,Q2_Train,0
62,116376.42133095594,14040.786503204752,11,0.2083943772711312,Q1_Train,0
37,52751.95552829308,7848.389339374538,8,0.47216982965610443,Q1_Train,0
69,68472.47593622915,8124.007878249195,1,0.13714998602468714,Q2_Train,0
27,54393.19042183344,9042.562223828314,14,0.4813896950930394,Q2_Train,0
28,79892.51989812223,24530.270194261186,9,0.5310248646302005,Q1_Train,0
58,63862.14470403371,9699.07630084809,9,0.030030691132234173,Q1_Train,0
58,49760.64561135273,24124.625777100653,6,0.5216327896529699,Q1_Train,0
18,38529.29123493514,8486.4174323069,7,0.0882521747436677,Q1_Train,0
34,80302.8083446874,12881.509397537118,9,0.18733175394019466,Q2_Train,0
39,32692.426746322846,15863.890153480315,3,0.07897521591488305,Q2_Train,0
51,68606.90524254576,11530.00024145629,2,0.18562350930807794,Q1_Train,0
46,23135.37485679658,22018.51773362324,8,0.0410512460865274,Q2_Train,0
21,25721.330398758313,15737.244127419883,3,0.06966844087067141,Q2_Train,0
22,55269.43674332195,23317.256115811495,7,0.13927330301310437,Q2_Train,0
28,57444.60531792702,13457.568057833041,3,0.31811544727355817,Q2_Train,0
29,41281.636718418566,17215.661617926096,14,0.13443298619340477,Q2_Train,0
68,118810.75042670043,15950.219860213296,0,0.38549219456452105,Q1_Train,0
62,28742.538959792568,18322.721732992748,5,0.11489111636604254,Q1_Train,0
24,31987.69520522699,37477.01235573251,0,0.346781751791303,Q1_Train,0
43,40096.96857553929,35648.79022843497,1,0.13105641185596456,Q1_Train,0
22,31735.14062164644,5751.250413094243,1,0.21513931959268978,Q2_Train,0
38,68271.91892711006,7007.848114958468,9,0.15036328025472737,Q1_Train,0
31,34120.481559128435,17190.9929627714,1,0.29371207694507495,Q2_Train,0
59,21645.199057225414,60551.15663811261,2,0.06927374076648413,Q1_Train,0
37,24626.505915790618,7845.199146028519,3,0.15416330479981055,Q2_Train,0
32,113424.39787550253,8461.887637895807,2,0.6129248002856874,Q1_Train,0
67,72667.06112988951,21921.313899417284,7,0.2988386712685512,Q2_Train,0
46,31955.906408308423,8328.998370837147,3,0.19166729122704354,Q1_Train,0
58,58590.93833791232,9290.51468014712,9,0.27638885470563673,Q2_Train,0
65,64704.93877518354,21132.89954205003,0,0.36705827034538996,Q2_Train,0
36,41349.80189647217,18272.465730673313,13,0.4023910164294598,Q2_Train,0
63,74506.38842446232,36177.10567958646,12,0.13233777364969057,Q1_Train,0
63,106021.6189099802,41882.032728686485,8,0.2387640834888325,Q1_Train,0
44,37863.03139853565,10175.898417544588,12,0.2105000521755264,Q2_Train,0
54,210635.0500760653,17809.101162704963,8,0.0675360049262803,Q1_Train,0
18,55865.42945062681,28714.826990091842,4,0.29541852471791613,Q1_Train,0
20,69642.19219615016,17185.84164011835,5,0.16166327809175995,Q2_Train,0
64,75554.06318538741,9913.862348166927,3,0.3185610856605823,Q2_Train,0
44,88822.80972133687,9073.952858107566,1,0.6270474989791256,Q2_Train,0
57,122113.63327872868,63406.57992769374,11,0.3587516230499283,Q1_Train,0
51,73501.37083755826,10716.046321730442,4,0.3276314847733449,Q2_Train,0
46,90760.17646027535,13131.341130412151,13,0.22444132586014268,Q1_Train,0
21,66091.35952181039,29055.354223513274,4,0.11541878510473032,Q1_Train,0
20,100706.87084657927,36363.81045076113,0,0.18820102201011454,Q1_Train,0
66,29909.36763529913,48438.539851801215,10,0.4303090489668526,Q2_Train,0
40,59523.503237651516,7016.2028457195265,8,0.18698252242340388,Q1_Train,0
62,109383.84140382092,18772.22133538493,5,0.32428766559768346,Q2_Train,0
22,96768.33077996413,17182.981076717726,0,0.5006604026403365,Q2_Train,0
23,59147.293466390554,12453.564794100103,12,0.1675577643250254,Q2_Train,0
37,79442.8022670756,9037.9810849971,2,0.16999631482272065,Q1_Train,0
20,29996.480679243505,6053.082862018675,10,0.33304595211968724,Q1_Train,0
68,24773.471391201427,9233.43273867343,14,0.07644650394434825,Q1_Train,0
39,34457.50572201764,18929.479386807947,3,0.11387792440466801,Q1_Train,0
64,36768.72835080704,5615.920597943346,11,0.372134406828359,Q1_Train,0
45,28770.27843790579,57752.25192767783,2,0.35983298172805606,Q2_Train,0
29,153182.70740779358,6307.92946759991,6,0.2386544788785769,Q2_Train,0
68,53758.65736463854,21888.22378326665,0,0.18912608676702516,Q2_Train,0
64,61804.86488765844,11369.58340173611,0,0.2822993165079761,Q2_Train,0
58,21135.136752567636,15861.47176766704,5,0.23537532023138552,Q2_Train,0
22,250692.2581469109,38350.98168907083,2,0.30487464402137954,Q1_Train,0
40,21791.463640983333,6275.82567086434,11,0.0527093847375197,Q2_Train,0
54,21216.5658474286,5750.177278460537,1,0.24346449791541708,Q1_Train,0
42,149133.96938398815,12931.117225540427,11,0.1227877450749104,Q1_Train,0
65,20531.15489523651,6942.467725431993,12,0.27810409676292475,Q1_Train,0
44,63122.296397107406,62759.25169653946,2,0.36769441145379816,Q2_Train,0
65,34663.4876748475,7914.795726418746,5,0.07507772034130104,Q1_Train,0
53,23432.74492966735,20717.06799157659,1,0.2749881973627494,Q1_Train,0
56,22296.354940564557,41004.64518561477,6,0.4238914071597857,Q1_Train,0
33,106483.2764696722,6824.659870890295,5,0.49132646715641987,Q1_Train,0
39,110619.81862492907,18346.70265205718,13,0.07006356034244798,Q2_Train,0
38,84859.27470389416,6331.476294428759,0,0.1998533554286037,Q2_Train,0
38,41750.74773643589,30082.70623162436,9,0.3478187690304116,Q1_Train,0
25,106089.59961004631,41003.94684850408,1,0.17796400173145838,Q2_Train,0
49,68263.07539507534,9799.535317582722,12,0.07176420183077598,Q1_Train,0
51,85695.7352836633,26397.75533163645,8,0.34370877542590905,Q1_Train,0
34,75093.37674001564,6222.213530324997,9,0.055695620858704255,Q1_Train,0
27,106217.2561630107,14105.265934672561,13,0.6686366605130777,Q2_Train,0
34,176366.914774193,6226.441178371077,8,0.22325136382074937,Q1_Train,0
21,47596.24420809149,12243.717597630719,9,0.17149706134406503,Q2_Train,0
64,100776.36773630691,21201.19418010498,2,0.2397363824287698,Q1_Train,0
38,71796.76071737055,7060.200793446742,8,0.40520613722561327,Q2_Train,0
54,54648.79854754334,13091.64024867126,12,0.32836807469414403,Q2_Train,0
18,21971.53284075668,7479.70792098058,2,0.33377590971048177,Q1_Train,0
34,67748.37510544472,14864.521653533819,3,0.09815621644677981,Q2_Train,0
32,41776.721441321555,54387.870463747204,4,0.07746259417712643,Q2_Train,0
49,20310.107228066,5506.806389894705,6,0.5083404881580412,Q1_Train,0
56,54059.67214386243,43403.56099373283,5,0.05068961159098613,Q1_Train,0
18,60533.65898724462,8538.009695090064,7,0.3915156895115485,Q2_Train,0
64,83795.86353196224,21428.84263362324,5,0.4076974565916378,Q1_Train,0
40,34449.0000852062,15917.701121427112,8,0.14556247129455838,Q1_Train,0
56,28544.37760175427,8857.390323494918,3,0.09514457875507404,Q2_Train,0
51,20088.23690933779,14615.787952927245,4,0.20712595743433598,Q1_Train,0
58,26392.40469033223,22520.140584303736,8,0.36751146555814007,Q1_Train,0
26,32603.318271472534,14603.065302806866,1,0.03963322121488344,Q1_Train,0
30,278361.24306498724,12434.03657329315,1,0.40564698670551874,Q1_Train,0
23,97740.79068024908,15213.732343323987,5,0.10300877868826294,Q2_Train,0
34,61454.25400700168,6372.998630340973,7,0.23562367123287842,Q2_Train,0
66,115653.6945450992,18003.290738704134,13,0.49512345036225874,Q1_Train,0
29,44403.243322255454,15507.68549752858,4,0.046461619366261614,Q1_Train,0
64,43453.737191853535,9672.114002709299,10,0.2934889343346957,Q1_Train,0
18,160014.0454462049,22517.042861932878,3,0.3895099853309764,Q2_Train,0
34,79746.41586046683,79309.26037927202,2,0.3322752847167951,Q2_Train,0
20,22608.508368697512,40177.65439322171,3,0.13994217434407502,Q1_Train,0
21,49016.82843655387,12328.606281784429,7,0.576601922023156,Q1_Train,0
35,154326.63008149303,9931.485595888429,7,0.12143522716212793,Q1_Train,0
66,27845.071375041647,23346.004282680267,13,0.28126909061767785,Q2_Train,0
36,37258.75115847568,35832.75987143125,0,0.08242225511829132,Q1_Train,0
57,172660.47146771644,10394.870201284262,11,0.14761957958782562,Q1_Train,0
31,62325.71275603064,19557.67904232259,13,0.4055698365732942,Q2_Train,0
50,38310.89679134869,47055.485979232224,8,0.2322387996671335,Q2_Train,0
31,43795.02192157755,11500.82880305254,13,0.10104569773587509,Q2_Train,0
21,42826.12179752842,10668.436734746669,2,0.41435238620539805,Q1_Train,0
36,85269.46497081628,26762.990626114395,2,0.31676875411075217,Q1_Train,0
23,29957.01104750722,96175.40224720392,8,0.27330387211105417,Q2_Train,0
50,23609.62799778797,7271.373478811495,0,0.3104622312496476,Q1_Train,0
66,47839.50318380726,12385.928502629871,6,0.09919364337393499,Q1_Train,0
57,22018.75897885405,19946.74596513735,4,0.6263692381753766,Q2_Train,0
18,69348.13019060767,27755.14307520364,2,0.028660208568211335,Q1_Train,0
22,28284.834570578612,5720.682534980947,11,0.12958231219251173,Q2_Train,0
44,29464.53443078538,23314.300867388756,10,0.0597900505385663,Q1_Train,0
57,94420.06304050109,16605.026650876636,5,0.3516391549603249,Q2_Train,0
65,48399.24972075585,29264.112495169127,8,0.3389916005953811,Q1_Train,0
52,184815.18363519793,5763.299701363142,14,0.06848757925373491,Q1_Train,0
36,44774.610535959764,7370.244704250557,8,0.3498981481904354,Q2_Train,0
29,45592.21744095514,6654.8215319537585,6,0.36521636989449396,Q2_Train,0
33,74796.65719829303,6011.62425290112,4,0.6588932164358406,Q1_Train,0
27,69203.72443601523,35436.57974907072,10,0.027940665416493666,Q1_Train,0
42,79967.54543042507,15730.067468469162,14,0.4849088919863604,Q1_Train,0
37,43334.98016312896,8546.880624008834,0,0.09788927459260176,Q1_Train,0
48,52647.965654700856,11319.259578958581,13,0.08565355973669198,Q1_Train,0
21,30972.21301107909,11702.89232591542,6,0.04985535636761808,Q1_Train,0
61,77010.24317209842,14012.223208106452,12,0.463482256400908,Q1_Train,0
40,32516.22780287964,13184.8373548553,11,0.13093506345512748,Q1_Train,0
19,20062.87929117419,21682.36051456367,12,0.36195619895097003,Q1_Train,0
68,38265.26400603719,21313.54492924059,9,0.22904001762463916,Q2_Train,0
54,30947.12207148128,16870.447554992825,3,0.5460873156443631,Q2_Train,0
25,35608.76186265394,5745.873354400351,1,0.5200926112350722,Q2_Train,0
24,40057.29976734107,42824.57112219259,5,0.18322588831198228,Q2_Train,0
31,52174.67198788241,7939.445789526538,6,0.24338029596378347,Q2_Train,0
33,37329.92027018992,9261.989715493506,12,0.10359555282059132,Q1_Train,0
35,45942.18365588184,8802.711467491781,4,0.3969902282703044,Q1_Train,0
69,36705.757610622495,18085.095404186166,12,0.2542643777674618,Q2_Train,0
33,21320.050634504598,30482.90120561396,9,0.5466866922087488,Q1_Train,0
50,128586.18347241229,20535.802318501777,9,0.3544298955249066,Q1_Train,0
66,31734.387299850947,21456.05997594315,12,0.2464931566996382,Q2_Train,0
28,59625.48206695002,22467.7629811421,7,0.3063594657564052,Q1_Train,0
44,177962.65282175725,14137.916606477022,9,0.04357477112400148,Q1_Train,0
29,43688.411856092695,5773.479552685682,14,0.21708529132318402,Q2_Train,0
34,68142.96328561306,12513.795336253203,0,0.09573320788948578,Q1_Train,0
23,125260.96592216333,32477.292810250216,11,0.17170634460775308,Q2_Train,0
50,49887.648921629734,7141.915052245771,7,0.6838712907769106,Q2_Train,0
50,89626.29813379553,21205.28528559324,14,0.23373465768013607,Q2_Train,0
19,33757.24253134288,11154.095914784,1,0.5172677947035971,Q1_Train,0
47,30818.09004713202,15023.802595412155,6,0.21191899275397066,Q1_Train,0
64,112013.7442981044,32095.47391459574,10,0.38504037425420357,Q2_Train,0
56,29336.460875921148,20201.886915860137,14,0.09317457118930488,Q2_Train,0
21,61260.2325832498,14173.259735983145,11,0.1329904841226998,Q2_Train,0
50,24023.653266282214,7685.702239331304,9,0.1874437889551373,Q2_Train,0
24,136730.89091223874,6599.778964749774,1,0.16620910061974165,Q1_Train,0
32,45364.74150764203,17456.74502524601,7,0.31444040985008653,Q1_Train,0
46,20810.538693300277,58908.10729184238,5,0.4698856381415617,Q2_Train,0
37,29229.78736366864,46359.2863517251,3,0.04176069827133016,Q2_Train,0
46,26283.646538465255,34968.669198585514,7,0.09559956845840274,Q2_Train,0
35,60710.04528227343,7553.993671884543,5,0.15685285068638363,Q2_Train,0
25,28397.715294225203,9552.448288144278,6,0.4800820920010321,Q2_Train,0
27,87381.22974722304,13304.467628320657,5,0.2405284441843231,Q2_Train,0
34,34686.121707120496,6009.739739484719,0,0.26276350022257117,Q1_Train,0
23,53815.665469880834,42388.045998449226,3,0.1854963462433945,Q2_Train,0
22,25083.07755050406,34721.202003160724,3,0.4677010475917578,Q2_Train,0
43,55350.181365272685,7587.282255825037,6,0.10057245595470915,Q1_Train,0
37,85976.70568021855,7312.462918540979,8,0.567647884556895,Q2_Train,0
44,69926.29129078156,12501.52363685062,5,0.25617456295700974,Q1_Train,0
29,52898.15974351362,8278.55638286419,4,0.24484290167186057,Q2_Train,0
51,73468.45957882499,29590.062516134814,7,0.5353558134384958,Q1_Train,0
52,70824.82343686433,10121.86666460051,14,0.14687637178571436,Q2_Train,0
33,23350.26876764032,6781.509083261257,7,0.21077580329681894,Q1_Train,0
19,40940.663692010865,51041.374315989626,7,0.16265903985620528,Q2_Train,0
39,112556.57275690381,14926.538153695295,1,0.10222698999531224,Q1_Train,0
60,43282.277623770075,14230.365215596727,10,0.2556942179499377,Q1_Train,0
44,42444.595119414655,23301.4715546251,5,0.5126581785829954,Q2_Train,0
46,30048.773913614485,32220.55614203307,12,0.01932066852767826,Q2_Train,0
55,82768.89148605401,11117.253064787452,0,0.481086798399536,Q2_Train,0
44,48632.32680308158,6213.367687118134,6,0.011889103042387415,Q1_Train,0
58,25824.71490418328,34125.22649054424,6,0.1945409439974992,Q1_Train,0
37,35511.14331471415,10194.078765351787,7,0.18776001495348754,Q1_Train,0
61,35035.73845298869,5763.286903741488,12,0.06427816908359534,Q1_Train,0
36,53352.470544393924,35067.2901890503,0,0.379839727990497,Q2_Train,0
37,50900.11036398745,15697.475957309107,11,0.0757868534137967,Q1_Train,0
47,37716.287462421904,7085.165822628151,3,0.04550077170825878,Q2_Train,0
51,67760.56534833493,13621.438562161797,9,0.20714209640936718,Q2_Train,0
39,33689.46750810616,5403.617495581313,4,0.16725306137153775,Q2_Train,0
23,31160.254732046502,13370.452399338226,1,0.14005188651210743,Q2_Train,0
44,35395.04079650398,16332.824381021539,3,0.43251155903823085,Q2_Train,0
26,104443.29439526543,60213.839613314616,12,0.37707688168496867,Q1_Train,0
50,26862.922882411847,16241.271528917436,6,0.11967878213308153,Q1_Train,0
49,42946.36388637734,7081.190956315223,13,0.3274096385770293,Q1_Train,0
65,52425.673468209905,29966.823473592453,6,0.37415269434607906,Q1_Train,0
23,48323.964435014175,22850.485824434436,14,0.529821121407658,Q1_Train,0
58,84670.40377238212,51177.33536886384,1,0.24676295710876778,Q2_Train,0
53,65413.225905169056,16492.64057130089,4,0.4093042756392972,Q2_Train,0
21,92963.71242148583,16597.297230302527,7,0.2550826597957376,Q2_Train,0
18,41733.91903850458,5240.502936703695,7,0.23248359933487353,Q2_Train,0
36,130238.78421599214,14627.375160324907,10,0.4291475741869593,Q2_Train,0
42,83231.91618581893,25074.442704323457,3,0.09864284954002922,Q2_Train,0
27,160309.09805975645,17518.76429634905,9,0.24602863102378472,Q2_Train,0
32,72656.01367595143,6744.6555732180295,0,0.053335799958512946,Q2_Train,0
39,46678.18540396048,30150.60695775559,5,0.2545299609079153,Q1_Train,0
65,59202.3258621646,6816.597156020134,6,0.08264284075090385,Q1_Train,0
38,63952.16030652786,7615.495009479324,0,0.0856525108940341,Q2_Train,0
39,27939.235849639987,30898.33004648872,7,0.6907982738904109,Q2_Train,0
53,79950.90204012685,11588.901393624077,13,0.13319250248801873,Q1_Train,0
47,20736.23817500542,6080.552174779334,7,0.0827710980103036,Q1_Train,0
42,69012.1513350061,9192.912419611785,2,0.5556108012902782,Q1_Train,0
62,26216.610170612283,26695.927279881293,8,0.08067986225305991,Q1_Train,0
18,120483.07164757891,10497.081387513314,2,0.1620590464648881,Q2_Train,0
66,164782.39386390097,46239.28036278522,11,0.1294405614544428,Q1_Train,0
62,74603.23299845684,8556.093653987406,3,0.08291366732035614,Q1_Train,0
66,53758.00550836759,6936.553727287701,6,0.5020699698392477,Q1_Train,0
26,30557.798785890227,17149.113017922144,12,0.45305533751321914,Q1_Train,0
36,83280.09362759942,19470.246552723467,6,0.44206476893721436,Q2_Train,0
27,35330.819068084704,11843.243285122748,10,0.50330975108714,Q2_Train,0
53,89180.54937104601,28323.40365037297,10,0.23068995712359444,Q2_Train,0
63,20885.167320406552,24378.370319762405,1,0.4565707196193331,Q2_Train,0
59,83657.49884246165,8207.004457147676,13,0.17431568489193333,Q1_Train,0
49,68104.11280367823,31935.278247296632,11,0.3214517167180789,Q2_Train,0
23,32060.778673109293,26242.73751372933,8,0.17492670275859673,Q1_Train,0
65,78137.76691720086,8552.36374754071,6,0.34830349281394785,Q2_Train,0
34,42795.01584482468,22823.162542209542,4,0.4143405250169983,Q2_Train,0
27,48797.176670002584,26349.256458175383,12,0.4603534974844969,Q1_Train,1
44,53991.036285143935,9981.661455496622,6,0.20416046030550503,Q2_Train,0
69,58903.66809948881,8489.542625287544,9,0.14468606707562912,Q1_Train,0
42,50903.886554271354,50782.854205391406,5,0.1590256522709353,Q2_Train,0
32,105360.10134630991,20224.34194543203,3,0.44131951649161955,Q2_Train,0
36,39117.77748324067,19109.80345361156,0,0.30404009906310847,Q1_Train,0
45,27528.179071274873,18534.677374028382,0,0.14607363072096613,Q1_Train,0
58,28824.69900102982,29114.377895840345,3,0.04836605005503463,Q2_Train,0
59,21530.373026658806,14296.34346149102,13,0.7358459967600836,Q1_Train,0
67,85958.38007612825,24379.65509976012,11,0.6011778608681049,Q1_Train,0
62,43001.906662566784,6161.368489495264,12,0.422977363107376,Q1_Train,0
66,110270.82422937709,8192.455686055539,6,0.18234127483438123,Q1_Train,0
69,24797.617651421162,5482.457870192815,6,0.12512343307866358,Q2_Train,0
63,35578.953673726566,11936.304711055229,6,0.6281630242702436,Q2_Train,0
22,22720.47568276811,21887.035020314328,12,0.1809535950139092,Q2_Train,0
60,65194.45032023197,17098.241576137974,8,0.12323319453417395,Q2_Train,0
28,99968.58222157683,12651.41994546802,4,0.23114346548012127,Q2_Train,0
20,83892.9104704027,8107.038202072862,10,0.3083478126190333,Q1_Train,0
50,40253.86013954785,5151.843796171656,3,0.31399762400696035,Q2_Train,0
28,63747.842806053755,40926.81375371217,2,0.3823435434389727,Q1_Train,0
33,21971.451087130852,15562.462344066764,6,0.4513099671684261,Q1_Train,0
35,54184.04976553105,11450.835326484717,8,0.2584303460527444,Q2_Train,0
65,53307.76089452955,5399.702102147152,5,0.5490084012819694,Q2_Train,0
27,27620.226230559725,8390.167782094468,0,0.5554408761238141,Q1_Train,0
35,48731.697923450556,7531.394181237763,0,0.354040090792009,Q2_Train,0
55,25861.580524025965,25081.471109733156,2,0.051979428373586566,Q2_Train,0
30,207880.69768510805,5635.417112502074,5,0.4983888886496524,Q1_Train,0
20,78105.35854683173,10745.739744481689,14,0.5173273719672239,Q2_Train,0
18,23344.621635537012,12971.807027744471,10,0.17962408184446899,Q2_Train,0
44,27791.619788682514,17716.50545880881,0,0.2814737443100394,Q1_Train,0
63,127303.74390982118,5504.65238501007,13,0.10125602491192111,Q1_Train,0
25,46395.56404707858,28526.20431970471,1,0.16488555493083346,Q2_Train,0
68,67638.98094924283,10071.637090550506,14,0.08791838101624143,Q1_Train,0
63,57563.5276315259,22733.469973536772,10,0.14967845463684795,Q1_Train,0
34,44536.16372076755,6868.426234452769,7,0.38480613209732717,Q2_Train,0
26,60536.325013117326,10262.535326657404,4,0.11755860069121149,Q1_Train,0
23,27607.572400600744,24279.916697468423,2,0.12538242550678094,Q1_Train,0
42,49617.65500702034,33275.29752346377,1,0.360143131672905,Q2_Train,0
56,230407.7797437716,10608.919538529226,6,0.3762483932996576,Q2_Train,0
66,41651.17654948472,12720.752961632577,9,0.2291587595380685,Q2_Train,0
45,71722.59918551026,6576.130798478327,7,0.27409208378668065,Q1_Train,0
26,122607.66926585209,5752.180275249304,0,0.2623413111363598,Q1_Train,0
35,85602.94458719889,8217.074167964824,2,0.11672458808411011,Q1_Train,0
38,39099.585405304286,12887.642969633418,7,0.0692773609217491,Q1_Train,0
60,27294.32355957873,8322.692846058557,12,0.05282391125616348,Q2_Train,0
57,23646.31156970084,10744.136168822102,4,0.16241866879115327,Q2_Train,0
53,90741.49408452511,25517.77855884982,8,0.2268210784318211,Q2_Train,0
60,36345.44270052277,49006.57383210614,11,0.3718204040614873,Q1_Train,0
54,119233.61324739002,7260.36082140501,8,0.4409809044037291,Q2_Train,0
32,233692.23835861645,8484.996151677871,5,0.12097614893567388,Q2_Train,0
45,34674.88761898176,9933.802587124634,11,0.2694187476916099,Q2_Train,0
35,102058.3368920642,5196.30746579624,6,0.1920761053712002,Q2_Train,0
51,89347.99240065049,48071.02174474848,7,0.5724317127930574,Q1_Train,0
39,88755.87697840837,13841.643985301876,9,0.19584901399974597,Q1_Train,0
30,53336.665173390444,7577.089278128243,0,0.14353071780407423,Q2_Train,0
21,76068.67461708891,35917.85942475253,8,0.4484782647035495,Q2_Train,0
39,106828.73645070243,22695.65483138004,1,0.2722046914402925,Q1_Train,0
24,52651.770633676904,13467.64205988519,2,0.32750635320839333,Q1_Train,0
60,52834.128754227626,36552.50941232986,0,0.14882539820793023,Q1_Train,0
41,39184.30661169645,40380.62495477977,9,0.2970369898342831,Q2_Train,0
21,95894.40169161558,5761.199673804396,10,0.6914377081043173,Q2_Train,0
45,77949.29948577526,6905.992313096753,2,0.5538146254925269,Q2_Train,0
32,49995.584799777615,5420.257093270699,13,0.19265763241174233,Q2_Train,0
18,47179.206741073445,18074.43069096079,1,0.2500229436705763,Q1_Train,0
31,20326.118566125126,32957.99438690796,6,0.30154145228758167,Q1_Train,0
67,47020.69114882671,32275.532869768864,9,0.2112605989096814,Q2_Train,0
18,99490.77484859907,17165.629628766175,11,0.4424705145141734,Q2_Train,0
55,59115.759303604405,28856.872382148937,10,0.11108862396660972,Q2_Train,0
38,30916.557405021398,48614.12888133693,3,0.12240513099949525,Q2_Train,0
65,251015.91906260367,21501.343199962008,11,0.2067740995269268,Q1_Train,0
66,54843.07486675907,46513.176875865895,10,0.22879999598856782,Q1_Train,0
27,42281.27242608677,11181.328930884392,2,0.3492667763648461,Q1_Train,0
67,82154.01960612711,26862.602651208817,7,0.4920310702495851,Q1_Train,0
24,43711.93988431487,41435.48154501615,6,0.39982607797484465,Q2_Train,0
62,39700.18853238537,16202.498838070022,1,0.1085499284937735,Q2_Train,0
64,225291.68071131237,11014.842462666165,9,0.03880370021064726,Q1_Train,0
37,31497.28521675509,5843.725459108999,2,0.44964426210157454,Q2_Train,0
52,38739.74425823432,6911.408478215615,11,0.42650563279178455,Q2_Train,0
21,128396.06246672348,11555.70500377255,10,0.05449814898199652,Q1_Train,0
22,56891.74274502294,11450.069282351838,2,0.41614353413749616,Q2_Train,0
18,27288.88110881044,7455.508872096582,7,0.03380833135909077,Q1_Train,0
21,31313.61263024222,21481.148674776927,3,0.3556335292678639,Q2_Train,0
59,40201.727083644,9300.819442188815,8,0.1379697221999418,Q2_Train,0
40,88728.97881520739,10080.15719133897,12,0.5102401902530669,Q1_Train,0
42,67893.87439912822,11317.706031276633,10,0.4427608201473143,Q1_Train,0
38,123503.77198497017,7486.437366270191,9,0.29803334391762193,Q2_Train,0
69,54753.63429373903,13544.429012719625,1,0.4669161425306636,Q2_Train,0
41,40111.74759181343,6256.026009393663,11,0.1585647090489064,Q2_Train,0
42,299588.3728130772,13356.082608320678,2,0.09549550001776172,Q1_Train,0
62,41974.36694176521,11230.7348022105,14,0.43036111578854663,Q2_Train,0
49,24640.657862202694,26981.54895618334,0,0.573439594585416,Q1_Train,0
22,44427.944395861225,11600.81387368591,7,0.26547887919152785,Q2_Train,0
53,24480.378669916136,9557.470437802804,11,0.07523222197714075,Q2_Train,0
59,20232.581378097224,28247.671487233183,8,0.1483939947011038,Q2_Train,0
66,20479.50656205185,20516.528876722594,9,0.31103158627610583,Q1_Train,0
59,43925.01233445277,5581.13343997362,8,0.15853523635589564,Q2_Train,0
33,64215.912220512066,75599.84598444629,13,0.41636618547418724,Q1_Train,0
50,70381.12288055278,11534.09165093059,4,0.4425215045722238,Q1_Train,0
38,105682.4944431621,10082.667082017055,13,0.23173480928201595,Q1_Train,0
68,103600.81267982653,9255.62248246075,0,0.1356909938413689,Q1_Train,0
62,30088.252531386817,23658.19432866192,3,0.15414890099621598,Q2_Train,0
52,65054.865110470935,7232.49156455909,6,0.36517612919361475,Q2_Train,0
22,24669.976558075785,10825.374261779223,5,0.4215974166316709,Q1_Train,0
40,136283.2551771343,40120.09589717839,0,0.1459599904787947,Q1_Train,0
40,36376.642855054226,17232.220282116235,4,0.42248156108032126,Q2_Train,0
33,67105.41165070492,21407.562234248,11,0.4142066669555851,Q1_Train,0
46,44990.19818153679,29088.209424674627,6,0.09661187575183967,Q1_Train,0
64,80146.40416764391,15184.758687798441,8,0.26881011481878836,Q1_Train,0
54,22460.84560966637,43688.31741308173,12,0.4720372630870749,Q2_Train,0
40,40365.17430683227,7778.205102985607,13,0.5598313128415678,Q2_Train,0
30,79383.97190937049,76807.51191158545,6,0.15978237987902277,Q2_Train,0
63,30549.677131761724,6553.397295253202,2,0.3447081689612777,Q1_Train,0
69,85742.82201363577,16537.19500096146,14,0.26348923945296426,Q2_Train,0
64,175514.1826708843,23613.513373378213,10,0.07498420991018638,Q1_Train,0
65,138656.89658153383,19240.821669849858,9,0.10826758838696435,Q2_Train,0
40,97884.05465170182,13273.396596298313,3,0.08255908542683402,Q2_Train,0
62,82296.48846069412,9278.13411670733,14,0.13297678067609162,Q1_Train,0
34,33403.0128149018,9081.649116028208,8,0.2598337735296048,Q2_Train,0
57,70242.87867788816,44249.24338759145,0,0.369774361249513,Q1_Train,0
38,71539.3640769083,9013.109218536454,2,0.2783818104679163,Q2_Train,0
19,46112.98152056562,54213.276829159026,14,0.28669632481871987,Q1_Train,0
35,37499.59543681306,40017.939708098165,3,0.6666383833582558,Q2_Train,0
47,34142.23304464247,6653.111567654625,6,0.17271754410102025,Q2_Train,0
34,24652.468546914064,32630.106821994883,7,0.06078006300839051,Q2_Train,0
59,23634.429573791745,27077.729131466855,9,0.17321761681040782,Q2_Train,0
31,40426.561559116235,17367.617392016135,14,0.47199898904345755,Q2_Train,0
64,76366.73941817418,24232.813941409055,12,0.30110479022287756,Q1_Train,0
68,57647.12475178903,8855.871453774198,2,0.11667450911508999,Q2_Train,0
51,49953.36553124894,17104.957287047895,6,0.4395146396674647,Q2_Train,0
26,20653.08016010493,70430.86608128957,4,0.29564743688967976,Q1_Train,0
59,93598.12025185108,8541.028637999092,1,0.37961993135817895,Q1_Train,0
45,22093.454663029017,24281.2878502088,10,0.41563058879052883,Q1_Train,0
28,108397.5066005468,16895.63217750186,4,0.2950687012800846,Q1_Train,0
64,80967.62806887113,5919.15923273173,4,0.49691897546794017,Q2_Train,0
45,59194.07985458369,10603.114688542206,13,0.4843112659301972,Q2_Train,0
41,28164.681003412,69618.04023217337,6,0.2575909693002477,Q2_Train,0
25,125445.95894404654,6083.906665376064,11,0.6301978320467766,Q1_Train,0
26,102340.6808203529,9520.973898542825,7,0.1783526455295886,Q1_Train,0
64,77037.63672718243,5028.70762826842,4,0.23216900080801542,Q2_Train,0
50,133876.65176154123,14855.493446312983,5,0.5660295239841249,Q2_Train,0
36,22730.945402473713,34193.654887053286,10,0.26965636641439145,Q2_Train,0
27,26657.79916458278,30091.926307676247,12,0.2747179531314535,Q2_Train,1
18,85079.71957273554,12873.536538925186,6,0.3394852282715746,Q1_Train,0
67,62150.03373447993,13915.420513927036,11,0.24848527825407668,Q1_Train,0
51,33405.01070241703,69576.20925077016,0,0.24441801531740445,Q1_Train,0
30,115901.30852013397,31676.526963809785,3,0.17014981085093264,Q1_Train,0
51,67742.76704127953,51826.47214705058,0,0.28741652533606626,Q1_Train,0
65,28913.98771452432,44941.53971912313,1,0.25320362482446485,Q1_Train,0
64,154119.21507452478,39242.3091001358,10,0.1861744078037957,Q1_Train,0
41,65184.798668910196,31526.498286510232,9,0.24184428734247346,Q2_Train,0
43,111817.12089647072,14424.395819350375,12,0.10727516782528004,Q2_Train,0
34,21501.462138146533,9582.601925281608,4,0.23767875198854782,Q2_Train,0
30,104557.72401522464,20331.930614980927,9,0.5479818818641292,Q1_Train,0
22,104088.27684861145,5648.3396859420955,14,0.1863845746819445,Q2_Train,0
43,114420.54327442759,28488.05358239327,12,0.27490373158801257,Q2_Train,0
66,29269.266275564383,27094.263661857294,14,0.11805316937252204,Q1_Train,0
66,96878.66051871916,21594.508782064335,0,0.24235187060586352,Q1_Train,0
56,34060.22184892901,52958.12995928794,6,0.38626073239785236,Q1_Train,0
18,86935.76604362275,16014.25789997956,0,0.32816308559463414,Q2_Train,0
60,63362.390785945696,16213.795374397496,12,0.3238980036666897,Q1_Train,0
42,70062.39703566665,6842.951326399775,0,0.2625036862538598,Q1_Train,0
20,42956.23213792316,17193.818579742896,8,0.24618292656548785,Q2_Train,0
60,20911.591472156422,90047.60535385789,5,0.4327852262112551,Q2_Train,0
33,33511.87390561733,11197.444871384167,0,0.0850308344640408,Q2_Train,0
42,32491.303933762996,9816.659495142057,7,0.213131274688186,Q1_Train,0
45,66937.8334794594,8341.146060334995,5,0.0075877222405758855,Q2_Train,0
18,34358.799216370826,15753.731693820362,1,0.483515295225211,Q1_Train,0
46,154605.8785436965,35894.44046901568,0,0.48931675491828314,Q1_Train,0
33,31190.730815644223,35913.84905716452,0,0.2648041252995373,Q2_Train,0
68,80298.54177777344,12246.732330971547,2,0.1059477656000055,Q1_Train,0
61,171550.47202127185,32087.979965874973,14,0.12840157427790963,Q2_Train,0
58,49430.35455182947,14839.885325801857,10,0.4962814347256862,Q1_Train,0
24,29256.355218825047,11890.027599654066,5,0.31414043690151333,Q2_Train,0
31,50902.899033490336,8438.403124536324,9,0.4095863938242524,Q2_Train,0
46,66667.74907380875,13654.289345163055,12,0.09370537930696768,Q2_Train,0
36,40094.967570824,13796.781793193957,7,0.17386956534416806,Q2_Train,0
62,24758.17956857218,20051.774605277933,7,0.059881156656692004,Q1_Train,0
32,22516.72717780177,6751.0814433254955,4,0.44770951053351676,Q2_Train,0
20,117329.4894576811,17844.234925300796,7,0.48313464285299834,Q2_Train,0
47,28066.14451131069,6493.5704488282245,0,0.09157300477263186,Q2_Train,0
68,27755.34896749114,8732.162981777226,0,0.2023543461023472,Q2_Train,0
19,124843.54858523098,27242.157296820802,4,0.39702496817008637,Q2_Train,0
25,23164.08464839114,15191.168720241947,2,0.26081036196712626,Q1_Train,0
39,101756.29222172825,7420.194770174344,1,0.31826611536593014,Q1_Train,0
23,36564.866055292856,5857.961095006371,6,0.41454159005375557,Q2_Train,0
57,33543.329005419146,18775.01599382172,5,0.09155732739829718,Q1_Train,0
32,243864.53013014694,14572.727000861609,2,0.18245087485122038,Q1_Train,0
62,31108.853591298863,6248.41391080251,0,0.10779400610623552,Q1_Train,0
32,118947.18624365218,7188.143001979757,6,0.3918138029202246,Q2_Train,0
37,58611.89641425663,20544.852880466184,13,0.5368589153196699,Q2_Train,0
46,125271.48609078201,73325.6419747502,0,0.36572351615116305,Q2_Train,0
59,28226.261429791604,7438.128882010298,6,0.2775276143916289,Q1_Train,0
20,77080.9891202362,14462.008713226664,7,0.4126115455679816,Q1_Train,0
31,72245.42856513223,15387.338314786923,9,0.22339700798088555,Q2_Train,0
69,64570.53833857479,23692.645655911823,9,0.1949255636914783,Q1_Train,0
28,122242.67041703998,25140.76344877816,3,0.28616147841110245,Q1_Train,0
48,32091.73641165143,24625.14330214175,7,0.09085017561229854,Q1_Train,0
60,53251.44714223878,6010.479034189762,11,0.12210221506597775,Q1_Train,0
44,52084.86606346097,13489.975578403455,12,0.43458716312026385,Q1_Train,0
47,34573.09001128036,14674.202999087725,5,0.5249830884689687,Q1_Train,0
66,174924.8511315972,22090.12508149729,10,0.42783723853328365,Q1_Train,0
45,80022.68218685148,31962.47052353323,9,0.18677910527882557,Q2_Train,0
48,55626.88729837483,29549.323161539287,1,0.3678919859768155,Q1_Train,0
51,30086.775797898285,5075.8539286559035,3,0.3107077436121202,Q1_Train,0
32,26575.016378598153,14776.62304357639,14,0.09472221781084549,Q2_Train,0
25,102796.69341403563,48250.08326855672,0,0.27600583087499075,Q1_Train,0
26,61945.81525649536,9157.397600938053,11,0.1904673145999101,Q2_Train,0
54,353172.0523277981,5324.869988694164,8,0.19718511669777952,Q1_Train,0
49,28253.79898140989,15249.665886448178,12,0.13301606970785895,Q1_Train,0
69,56241.57394463592,12633.593591236631,11,0.32256290438839325,Q1_Train,0
52,45412.38948237836,31445.865874018746,12,0.6331972171131282,Q2_Train,0
54,162927.47265433517,9283.051365413983,7,0.3398569942394634,Q1_Train,0
61,28290.17315702344,17472.713985022947,10,0.23701625906740986,Q2_Train,0
46,63661.155541425476,10726.567388022959,2,0.2818314984607618,Q1_Train,0
24,66110.93514728795,23694.602529283846,13,0.20585248476976623,Q2_Train,0
26,30944.293131284176,55857.22895714368,10,0.31696187270799064,Q2_Train,0
45,248056.66659273088,8102.743131925068,0,0.09252128211345086,Q2_Train,0
46,111067.25233953024,14836.46926111633,9,0.17854167231560983,Q2_Train,0
34,51774.47253817937,38125.15619343007,8,0.22783079835060815,Q1_Train,0
33,48545.525092245465,24231.22543980906,2,0.49778422785021853,Q2_Train,0
40,37475.20835923964,7346.798061193951,13,0.17158900257606083,Q1_Train,0
48,94322.48832102728,13660.188274055896,3,0.48979189542584023,Q1_Train,0
38,35131.49256695584,23166.25662584028,9,0.22616632220706148,Q1_Train,0
53,27362.36871329788,14168.943252827787,12,0.4374104651428226,Q2_Train,0
54,48619.70898716517,12123.617612289045,14,0.29136304418446907,Q2_Train,0
39,27073.262467577366,70342.70278815205,0,0.5078130584531138,Q1_Train,0
59,40797.61078629689,49285.06623004724,12,0.27959535055805707,Q2_Train,0
59,115544.61406884064,37134.04918635095,12,0.17056587438482876,Q1_Train,0
33,28640.509421952447,9775.31879864061,8,0.26017644389146855,Q1_Train,0
25,46579.84433074006,37525.967301421086,14,0.06955371169211501,Q1_Train,0
57,23908.502360371065,14552.212691381195,8,0.4086315431352449,Q2_Train,0
57,90442.78735259599,16522.70424537256,9,0.38697291360691216,Q1_Train,0
47,55576.59058832375,10823.439488925662,4,0.12474601797198794,Q2_Train,0
47,81714.17910746863,6372.317871590522,4,0.3112780599162239,Q1_Train,0
29,62122.62443335859,7652.726064071043,14,0.1702185036050196,Q2_Train,0
27,101076.22856539398,11212.196931668237,4,0.19513829097573168,Q2_Train,0
34,22688.736962171755,8744.040145213674,11,0.1883680789669395,Q2_Train,0
19,165621.205517118,15244.375365462998,4,0.1896035804175317,Q1_Train,0
29,84405.02129344089,8076.521913837956,5,0.49058547944734365,Q2_Train,0
68,35745.61226342326,35180.12019767987,12,0.5782138007606134,Q2_Train,0
43,59092.54950513347,40102.712954369425,3,0.4735359656862845,Q1_Train,0
40,262936.4804345507,15968.282448579375,9,0.11817487399774425,Q2_Train,0
35,116946.98428846142,43126.863805593326,3,0.34699596379442155,Q2_Train,0
64,45925.979508709526,7060.988193104755,3,0.2765739773519244,Q1_Train,0
47,92056.4614548011,15638.420505136686,12,0.5057070918050152,Q2_Train,0
18,87363.87510559287,11074.761289615588,6,0.799257353391522,Q1_Train,0
49,61781.60624456196,27875.83529939772,5,0.6202786258583836,Q2_Train,0
45,95723.1930064626,30639.220225171546,14,0.3294756466631007,Q1_Train,0
63,171340.34271122148,7563.5094789619725,10,0.18793819051319363,Q1_Train,0
30,30579.189291747396,9588.282228249442,11,0.04914668725591298,Q1_Train,0
44,143619.52053063107,51564.88463602417,3,0.2265506808571406,Q2_Train,0
53,34956.05319922454,8841.603717647527,12,0.48778217126923806,Q2_Train,0
39,48911.02857771564,16979.264597670575,2,0.22404568818776302,Q2_Train,0
27,67714.85065151678,9555.423087431689,10,0.09298960672639411,Q2_Train,0
32,60573.595273906976,17826.801925418265,8,0.26848891404891617,Q1_Train,0
21,34858.67979277661,28097.0427924386,2,0.38447626099442944,Q1_Train,0
49,63413.40571849946,24260.659656947933,7,0.14075926488934115,Q2_Train,0
37,41571.66189961028,12475.177024006738,6,0.18463404419635354,Q1_Train,0
54,279994.9869217977,8708.04933786248,3,0.15010250786919657,Q2_Train,0
37,61479.878428852964,13545.706698739768,14,0.061674388200807964,Q2_Train,0
29,106994.86117768692,14538.734725600163,6,0.3094500452637672,Q1_Train,0
18,32587.035867523657,34218.53083200045,2,0.30879173304996593,Q2_Train,0
54,53414.06357763426,26149.845051157354,4,0.13816521567444373,Q2_Train,0
23,31007.812225011294,9850.81225502703,10,0.3496530069126616,Q2_Train,0
49,26825.494529741132,5571.329898485542,2,0.33455473616958026,Q2_Train,0
67,34726.02923779208,7337.284920345299,4,0.3263271798221168,Q1_Train,0
65,60263.95669917328,70322.17371389054,12,0.2340914300531015,Q2_Train,0
23,29665.43535681286,27086.98479903654,12,0.18195349632542474,Q2_Train,0
63,26576.460555244863,8661.97623418026,14,0.11081548053171636,Q1_Train,0
57,53795.89970509137,40332.92262608756,1,0.18600359427859992,Q2_Train,0
30,28799.48456247611,8569.137024983338,11,0.10681397120274135,Q1_Train,0
55,75644.33497572024,40718.846116795874,11,0.03728432628952086,Q1_Train,0
19,139338.7876136903,14379.843217828991,6,0.5035748978938704,Q2_Train,0
28,202336.76416611785,15292.696349866608,12,0.21705895163419067,Q1_Train,0
55,40110.950685550764,9717.556384798303,8,0.09171676540313034,Q1_Train,0
65,21429.442335800184,14887.923779687144,1,0.44958211158027644,Q2_Train,0
29,104480.53845366945,8289.418469872659,13,0.4044247087192866,Q2_Train,0
60,35561.551452883796,35217.31304764232,2,0.6683377406980618,Q1_Train,0
44,74236.88407870996,16393.52619575922,11,0.22467377577852674,Q1_Train,0
49,60103.79896918576,27485.2926011373,12,0.10249225389719326,Q2_Train,0
27,36011.69004657318,9076.1157915077,1,0.2866630308424211,Q1_Train,0
20,99551.0372945988,23442.080467963013,2,0.23568404661170908,Q1_Train,0
48,42751.67313789092,28061.28024531738,1,0.37300479932606406,Q1_Train,0
33,87988.12500866415,18388.18129097099,13,0.16692399892477083,Q1_Train,0
66,21451.369568626367,9208.373472425188,8,0.08475705010403531,Q1_Train,0
52,146209.44631116342,8969.016559273216,12,0.4094203209139046,Q1_Train,0
69,48171.80873844189,12327.326675961081,13,0.5100578964131733,Q2_Train,0
28,31376.099920734152,6139.179070504884,0,0.06154028330077833,Q2_Train,0
28,31534.976276321257,15249.681048943383,9,0.12949537989700438,Q2_Train,0
39,307629.26172228355,33612.684729889515,5,0.44255901240047835,Q1_Train,0
31,22593.921147483114,6763.223745539762,6,0.42643744377915554,Q2_Train,0
66,125264.9877370862,21460.50039258669,3,0.5100816595746487,Q1_Train,0
53,32920.05142714948,9538.290658809783,0,0.1372293624491393,Q2_Train,0
32,102770.27087900552,11490.695845834693,11,0.5661706202806458,Q1_Train,0
52,33519.30037228344,8123.043025793477,14,0.2838227874363502,Q2_Train,0
27,162131.73879253975,10454.439357420075,1,0.3244357666290318,Q1_Train,0
42,116281.71462845423,33227.55586601129,5,0.14598537873651599,Q2_Train,0
46,30085.372422793764,8855.617875544618,5,0.38081800617294237,Q2_Train,0
27,71040.4104781076,10180.333290324663,4,0.18969195914898482,Q1_Train,0
60,46184.66031751892,7227.1489042727335,11,0.46321410060519547,Q1_Train,0
42,76159.72355172016,5344.034167756087,10,0.6913190448173682,Q1_Train,0
40,20391.95226839502,50265.313414264085,12,0.05557947452692092,Q1_Train,0
41,22836.514200033504,9671.875022150714,9,0.43266764201863966,Q2_Train,0
28,30691.95120835882,5092.939775449925,8,0.3523370230889434,Q2_Train,0
63,50495.83055408498,48310.05307243892,13,0.06473031832848802,Q1_Train,0
22,96035.78837232839,5478.893586810051,0,0.18975197743801472,Q1_Train,0
68,97968.21234751164,18428.614609687094,5,0.45135915917236663,Q2_Train,0
38,147258.91798220275,5958.026863675997,11,0.27513188654467297,Q1_Train,0
67,28904.916931023436,20856.62995581507,0,0.12091061990842229,Q2_Train,0
21,40289.77923057403,7395.082102433141,12,0.22300436642040397,Q2_Train,0
59,94689.02182142892,54813.59903454496,5,0.20139515255452237,Q1_Train,0
28,57873.893201508705,14006.735303597019,13,0.34406324215400663,Q2_Train,0
49,162196.38255067996,26697.67398952208,11,0.20533381943378043,Q2_Train,0
28,62503.76431330822,17121.569388733562,11,0.12684813961387367,Q2_Train,0
35,148742.29200016614,26700.476671255,10,0.12276835691158827,Q1_Train,0
44,44964.51939070353,57534.98776883141,11,0.13894107609039705,Q2_Train,0
35,70167.560588298,20346.206974456923,2,0.3172038998582722,Q2_Train,0
40,132163.9370784053,18861.19823332945,2,0.18126349035345882,Q1_Train,0
61,82993.30366018487,12030.884507379673,6,0.3749678610690545,Q1_Train,0
22,126899.21341225228,16012.575137336526,4,0.12335645955523113,Q1_Train,0
58,40538.41090180651,14688.373607534462,11,0.3327986099471294,Q2_Train,0
42,45348.71299662048,34723.763936245305,2,0.5124165428349047,Q1_Train,0
58,140236.24303565035,61340.91399335668,14,0.08748656054307823,Q1_Train,0
39,26413.2905604412,7830.801184492057,4,0.23508483997279123,Q2_Train,0
36,26340.994251042,7526.513949550957,12,0.46747374006312475,Q1_Train,0
18,156562.20120345854,12496.114325966682,2,0.28245546364891577,Q2_Train,0
24,37532.64857920281,8831.717748061017,3,0.5309432448738941,Q2_Train,0
21,33841.354676969626,21904.922011144532,5,0.25026724037085196,Q1_Train,0
29,47759.444296783506,18572.95234573878,12,0.35488162549601493,Q1_Train,0
39,56373.51191336762,28923.044686957415,3,0.326912534870335,Q2_Train,0
34,115503.76016646753,34053.28200635205,11,0.0985488684342191,Q1_Train,0
46,94550.709087932,18445.9638621836,12,0.17619867620858648,Q2_Train,0
63,35308.203320670684,22677.276620628207,0,0.2800480712368031,Q1_Train,0
37,72179.05317095915,49177.66016455306,11,0.1279627589667907,Q2_Train,0
60,105667.34658065344,25854.556019598527,4,0.3384215459791044,Q1_Train,0
32,43955.28674542651,22028.82650647758,11,0.46310037872996124,Q1_Train,0
47,76204.94104173251,24194.441711802796,7,0.36361822191384824,Q1_Train,0
55,92786.62625988625,10317.603633707984,13,0.021287628984859024,Q2_Train,0
20,81899.85345276943,8773.842810903016,9,0.42649142015626956,Q1_Train,0
43,25525.345144879877,7409.591615487017,14,0.7551741417981213,Q2_Train,0
19,90767.795424354,22526.171910812445,11,0.5532765334913554,Q2_Train,0
66,83064.19220918955,12752.919329555563,4,0.19110731259993236,Q1_Train,0
55,101885.04183421604,18752.21996644664,4,0.09234323154389229,Q1_Train,0
19,256018.70009375343,15421.162046353229,6,0.265464481375793,Q2_Train,0
28,65964.48690632504,22257.35521873626,10,0.11049237380475528,Q1_Train,0
25,103900.06809563885,6937.498998430527,2,0.1544005524042775,Q1_Train,0
61,72515.28086636358,5885.8898422857965,7,0.3062469897632621,Q2_Train,0
57,62202.8977526221,13747.378846869307,9,0.5193441105636515,Q1_Train,0
39,39302.14710839545,26971.523051701795,1,0.4774512631840789,Q1_Train,0
25,26124.9139262314,8332.423426209218,1,0.1509270324512926,Q1_Train,0
46,39138.567332551174,68633.33785658536,4,0.2790524069078865,Q1_Train,0
57,21582.911414575337,26608.665310480075,2,0.0369063556124952,Q2_Train,0
47,32308.652636419698,32556.49539593334,9,0.18073152683046514,Q1_Train,0
34,22545.240107686383,15366.018331338892,10,0.415916693516395,Q1_Train,0
37,53841.458703744,6032.959826102424,2,0.26425902303727167,Q2_Train,0
33,24046.700115775755,13534.5900603261,3,0.1955658233070006,Q1_Train,0
60,173224.28775594564,49201.96522958099,4,0.0795884788962802,Q1_Train,0
33,38193.51333343373,14639.791619902679,12,0.1971028125723521,Q1_Train,0
62,21826.062718287023,8840.609165552454,4,0.23652463232544912,Q1_Train,0
64,28060.530616711658,17260.28516134193,2,0.03349663956283025,Q1_Train,0
65,80098.25895869645,41005.958040590434,3,0.5238264119390528,Q2_Train,0
40,50080.98646567819,15702.407829674165,11,0.10952710762318231,Q1_Train,0
26,77307.23943182064,7395.729040209728,2,0.1396820173193546,Q1_Train,0
68,29990.400854275824,17928.24467371292,14,0.3622281215209836,Q2_Train,0
37,22301.854707390277,22390.222661876796,9,0.1925677406560464,Q1_Train,0
54,24220.255230355775,30635.62219120038,8,0.49914043336765485,Q1_Train,0
34,27280.811912133093,20375.069008636747,5,0.16141609898544057,Q1_Train,0
64,54052.910788875306,24618.983472052685,14,0.14673998264532664,Q1_Train,0
48,28281.572590812386,5804.755099692109,9,0.18308515466732253,Q1_Train,0
25,29325.398271658276,12224.112614951484,1,0.24103914202415538,Q2_Train,0
32,20218.501903188422,54426.93842285888,0,0.14450517706969482,Q2_Train,1
47,24704.39598743562,16721.659966842206,2,0.41106117483293714,Q1_Train,0
63,45040.56964379836,7893.352443970241,3,0.12017435788421851,Q1_Train,0
29,81052.83378154723,20454.243569420694,13,0.049625549409469644,Q1_Train,0
66,87633.65092256355,13024.63252704729,4,0.7629968059008971,Q2_Train,0
34,79636.21324479068,46727.75815450499,12,0.09292867890779029,Q1_Train,0
59,158004.20924833394,27377.94450861891,3,0.21381486000650066,Q2_Train,0
47,33544.15031140634,9678.06067596179,11,0.38284637606789923,Q2_Train,0
36,67043.45210897831,36560.25663054376,10,0.3082769333483627,Q2_Train,0
63,65178.22887838683,5340.804128337255,11,0.48433148914359586,Q1_Train,0
51,20218.13471102549,8958.709987843615,9,0.5870157179192425,Q1_Train,0
67,60510.82441346119,5989.214587825424,6,0.40007930052142154,Q1_Train,0
24,155002.65581452055,41603.77513136289,8,0.16703571196895362,Q2_Train,0
61,40366.66929610512,30415.3831175418,8,0.29985733139581433,Q2_Train,0
51,191478.59794853287,8073.91138219011,10,0.32789804228645497,Q1_Train,0
37,42061.61056958948,32205.15271640062,0,0.47846933872067743,Q1_Train,0
67,27532.686046280854,7374.870298931237,8,0.5364989580009528,Q1_Train,0
55,45408.409138538016,14698.573711187699,13,0.18686187445226035,Q2_Train,0
27,69640.28899783842,16447.28835885602,0,0.30378718483312983,Q1_Train,0
49,55147.57046858256,33535.07516736473,1,0.09230278608796019,Q2_Train,0
69,58471.034664766514,19391.021627321883,9,0.41855875287460903,Q2_Train,0
54,34626.03258488974,43886.460609062044,14,0.18503600476654208,Q2_Train,0
37,38603.69203085572,5554.545377834482,10,0.29762071924775635,Q2_Train,0
20,237481.99129037248,15053.149676993587,5,0.1378306113925456,Q1_Train,0
54,37518.15517094295,21216.664324090765,8,0.2934023580424493,Q1_Train,0
57,133447.28905008046,32123.674305339166,4,0.4345891206434639,Q2_Train,0
25,38173.19689340488,16685.6921001117,8,0.23306561356392813,Q1_Train,0
40,35929.63850205787,10721.730534159142,7,0.23648418091235704,Q2_Train,0
57,211403.84373773757,59636.83700711947,10,0.05777878732818595,Q2_Train,0
28,76087.62432486619,21502.345349456933,11,0.07283145891388225,Q1_Train,0
47,76256.22113195516,20238.960687309973,2,0.2838121865450264,Q2_Train,0
27,69019.75985418579,24558.992810652577,13,0.2269848972904132,Q1_Train,0
56,74870.10499087424,25107.952107672045,3,0.8441338761862741,Q1_Train,0
45,35378.84439451263,15188.172625281048,8,0.10119708364709623,Q1_Train,0
66,46223.00208961473,13153.010417998035,11,0.2536903588598673,Q2_Train,0
53,64899.92934673057,41000.10490568459,13,0.13949882733819394,Q2_Train,0
53,118208.21401755884,16059.708493633774,12,0.36726631377546554,Q2_Train,0
43,60184.20561142123,24273.31578179388,7,0.16475216919812513,Q2_Train,0
39,31276.389600123166,7037.021950305509,5,0.16678555969706935,Q1_Train,0
21,99077.3609544413,6777.096082808487,1,0.14711206174795297,Q2_Train,0
48,42226.798091473815,48880.82481784147,5,0.27497152170778727,Q2_Train,0
35,176850.4546402731,27212.813313546583,3,0.2016485557757926,Q2_Train,0
40,24434.82588297836,32819.57665322023,6,0.24476287801749091,Q1_Train,0
39,40261.993336047526,56906.494755591455,10,0.7493509584826421,Q2_Train,0
19,165146.3843268319,15649.948196408295,0,0.10790098685158521,Q1_Train,0
48,101618.2610085052,18015.22562759785,2,0.3507629549862237,Q2_Train,0
45,62496.27139585726,18346.567474135663,13,0.2689515854007613,Q2_Train,0
63,52734.56762625226,12677.332678337423,7,0.1013846722860795,Q2_Train,0
49,25630.241120198283,33021.04098237398,0,0.08071032213494757,Q2_Train,0
22,111464.20228654257,12100.852833328096,12,0.13523030836916433,Q2_Train,0
57,31749.079105819736,6425.7549952229,2,0.1319596838166873,Q1_Train,0
63,60740.612953116164,5617.881256260706,2,0.3081232388699156,Q2_Train,0
41,77664.36505720338,13058.710287842889,11,0.3867837598091562,Q1_Train,0
52,27405.87787014812,7678.4464151099655,7,0.0628082709392037,Q2_Train,0
61,34040.27640604222,80493.65128170306,13,0.41897018124565866,Q2_Train,0
65,30728.40948452432,29020.81021250522,0,0.23693209749546593,Q1_Train,0
34,146734.13283536042,29392.541660068295,4,0.08658608911673939,Q2_Train,0
18,82907.29681704569,9572.367693312455,6,0.30623447636786527,Q1_Train,0
48,86800.40495759375,36712.23190170011,3,0.10864498833220262,Q2_Train,0
48,98992.81738405755,86516.8509379248,14,0.44177401577388037,Q1_Train,0
30,83002.43475250667,94962.2448265296,1,0.4100226925150641,Q2_Train,1
68,145848.49033874992,7365.957865152337,12,0.5493692315920051,Q2_Train,0
29,166154.6765651387,37509.07427025311,12,0.08807208591784574,Q1_Train,0
32,28114.749341943465,26166.379640104962,7,0.019693334186669433,Q2_Train,0
30,141298.60964490846,8085.063114191304,14,0.5924781239716749,Q2_Train,0
57,101718.9891246061,13158.331916855648,1,0.5015727138265221,Q2_Train,0
37,218171.99947116437,9360.320838317362,2,0.2259050793067079,Q2_Train,0
38,242910.08255052232,22319.27095470755,9,0.07317379943215223,Q1_Train,0
33,53253.368773731265,13190.024809175095,11,0.13848749591942355,Q2_Train,0
26,38077.308143005095,23258.28608170081,11,0.2982879323086468,Q2_Train,0
61,53910.03416513023,10501.937337166399,14,0.35822605922162115,Q1_Train,0
55,31189.59995457096,40272.07359308025,5,0.3033134344456636,Q1_Train,0
36,82087.7656098084,23411.272587189473,13,0.1151579566423231,Q1_Train,0
24,58426.79467606569,5568.1156584262835,6,0.1046658361938988,Q1_Train,0
65,103190.06780091979,15236.87951274949,0,0.3294166304683824,Q1_Train,0
56,89417.8097897995,18418.439801166023,12,0.27256105930595376,Q2_Train,0
21,30733.981545352017,51903.40280286948,14,0.40410056421746887,Q2_Train,0
42,21605.385482995753,9744.510252542746,7,0.19761917256315667,Q1_Train,0
49,115630.13675986379,14578.565225821889,13,0.5432469587144078,Q2_Train,0
57,27398.920066570012,25944.896792350963,0,0.08537682714700065,Q2_Train,0
62,142443.0238239724,32367.643185253182,2,0.356398202313096,Q2_Train,0
66,102196.73525616074,10761.15883130268,5,0.17261399933323135,Q1_Train,0
54,42564.29491216343,16488.497700225154,7,0.40926657258304305,Q1_Train,0
23,117689.64883225565,11460.821422975425,4,0.278086282673591,Q1_Train,0
36,107057.65752522733,7911.610728601264,5,0.289422689985763,Q1_Train,0
30,24088.622916982447,17144.19372714927,11,0.23117892600719658,Q2_Train,0
43,63685.722740669735,5743.850982216912,5,0.6724324256198314,Q2_Train,0
48,20042.88291860172,6001.291191931264,0,0.2607354167691321,Q1_Train,0
56,46091.59648570955,12838.080586450797,14,0.3073122268434168,Q2_Train,0
30,67198.33224857473,9388.13244475362,11,0.1364307623093511,Q2_Train,0
55,64081.46522332607,8223.504981716484,14,0.05948373796244705,Q1_Train,0
55,97566.71641813217,22033.403898693883,6,0.05004712744084404,Q1_Train,0
47,33567.987892910285,15912.996324459291,12,0.5210859791897613,Q2_Train,0
20,48618.46202632063,14717.646115857005,7,0.3131915354048645,Q2_Train,0
51,162798.45557888362,17643.525720166304,5,0.1677726762866453,Q2_Train,0
33,228466.7449190618,29869.684270837683,10,0.4016793748502101,Q2_Train,0
39,24989.77413037195,9028.463931370776,10,0.31509392940876096,Q2_Train,0
49,40412.95802990158,28521.85690326975,8,0.27145239290842016,Q2_Train,0
25,54288.43261276525,7173.935008453381,10,0.40157202905872275,Q2_Train,0
23,68545.49806937974,8747.289605197433,4,0.107565467296154,Q2_Train,0
31,58816.75190643573,22205.803047129873,9,0.34737319634602254,Q1_Train,0
49,81937.4582786453,9194.94933648171,9,0.21111813816195152,Q2_Train,0
27,27395.62126067943,9446.257280758035,11,0.31771945946253083,Q2_Train,0
20,20888.854144067765,11817.233838832062,7,0.27023046310194326,Q2_Train,0
29,49501.81965853831,38071.161712384965,8,0.24066554315107014,Q2_Train,0
48,38211.350745331896,18753.807226683926,12,0.49192355368810975,Q2_Train,0
46,30905.115309502016,8147.429396458703,12,0.30921361232622574,Q2_Train,0
69,25571.647936704056,12995.563848065038,9,0.06119473120775339,Q2_Train,0
42,22659.545919292395,34005.255374958375,10,0.1411021678556496,Q2_Train,0
48,80350.43405611739,19580.717053464523,7,0.26608357945075833,Q1_Train,0
39,22044.25416200402,26592.71592112443,3,0.5625487780439123,Q2_Train,0
21,76388.69095518172,6169.587195058211,3,0.5238565166274184,Q1_Train,0
30,71203.87295531944,35772.959696241014,11,0.3614888787727813,Q2_Train,1
62,185905.99920403323,37525.6488154014,2,0.3169087873702726,Q2_Train,0
67,43724.63057954692,6047.192663540738,11,0.23853259184726958,Q1_Train,0
66,64560.63064202495,14713.0111906001,1,0.11788094367993954,Q1_Train,0
37,27620.12397616918,8549.13271585096,2,0.18604758817193146,Q2_Train,0
69,23438.387303468324,13753.82318455345,2,0.4232901901312635,Q1_Train,0
34,78540.12218534967,21519.016264411515,0,0.24838566831109682,Q1_Train,0
53,61938.84429593098,27711.35960908562,6,0.06283222399822727,Q1_Train,0
50,48075.860415773444,14708.925338338091,3,0.3124192859077108,Q2_Train,0
18,105218.35860289902,15724.5153859062,7,0.41178253357818345,Q2_Train,0
30,85827.60547226995,19961.848202896774,1,0.35408372477820543,Q1_Train,0
34,24008.049175054377,25647.574349077102,1,0.37065647477314834,Q1_Train,0
67,23064.102834424368,41721.473907578875,1,0.06984321018071832,Q1_Train,0
44,45680.75794590611,11612.167649492072,5,0.3755501628477712,Q2_Train,0
62,242646.02151687827,13371.125839795943,4,0.3092609938264909,Q2_Train,0
40,65719.48430889167,12164.499594351724,9,0.48428893395908906,Q2_Train,0
63,56033.87449837462,26735.120191607475,8,0.2584741570983882,Q2_Train,0
25,29767.06621419083,35422.05986069013,1,0.2346353754313498,Q2_Train,0
25,61676.38829619068,11635.882968263988,0,0.4664907002587857,Q1_Train,0
43,48905.57447845457,7303.3365591533175,1,0.027458655757955808,Q1_Train,0
64,26816.368060653367,15221.440149193135,9,0.1240484552998173,Q1_Train,0
54,85589.71018602478,14022.225557187965,7,0.08501675082175089,Q2_Train,0
66,201811.24999912202,9749.184232351967,7,0.29622223900828426,Q2_Train,0
42,70033.68719959623,17008.223569500537,11,0.10941848061809246,Q1_Train,0
35,196262.04459029614,20866.939847995855,11,0.20904229808479496,Q1_Train,0
47,25918.168179590197,15805.196554819937,13,0.8652029705085791,Q2_Train,1
56,50732.7860806605,16359.44291521144,14,0.34670702649189555,Q2_Train,0
30,73777.11287052253,18455.57850152887,12,0.08141494533359409,Q2_Train,0
46,105452.79408025925,9438.967728961645,6,0.3170826247053181,Q2_Train,0
63,42557.391766236105,28830.480552322453,9,0.08151107811660553,Q1_Train,0
47,30803.492289749123,24025.993744195763,7,0.14701238188142154,Q2_Train,0
35,42713.19771943032,8835.290491623211,4,0.4854803120048773,Q1_Train,0
60,56640.964511348684,21446.354581709278,11,0.2920238095105569,Q2_Train,0
47,100361.36218798152,52197.030462168375,12,0.17509507701162985,Q2_Train,0
38,32910.17857914996,18910.55135618989,6,0.22151285724723593,Q2_Train,0
34,20989.90583097387,29569.22125519448,2,0.4844137108177521,Q1_Train,0
69,41192.214032060685,15301.466150591326,13,0.3613371552117652,Q2_Train,0
32,27873.238449714197,29367.415952543164,5,0.26084983980441934,Q1_Train,0
26,63362.601147319896,20343.559876034924,1,0.07618637873168613,Q2_Train,0
69,44203.24207716403,8454.73528930615,13,0.1785047551977062,Q2_Train,0
27,24912.919835289016,19099.345491956235,9,0.119448697150918,Q1_Train,0
61,45530.15434617372,12779.504882750993,7,0.15848025877092736,Q1_Train,0
40,76999.43298822481,12201.274787210514,1,0.1049072858589514,Q1_Train,0
69,42662.143522161874,8873.820662892133,7,0.3278953877661973,Q2_Train,0
47,27951.545645040624,32356.60553540519,12,0.2287283164548921,Q2_Train,0
69,32704.52107057347,11708.925754209522,5,0.11433903160987496,Q1_Train,0
26,99427.62731046481,22835.867873213097,12,0.28003098361515416,Q1_Train,0
18,21291.09618888933,11126.669112482814,4,0.15356704305710223,Q1_Train,0
61,78562.39713472161,18987.7699877352,9,0.12472672246041994,Q2_Train,0
52,35323.39353109532,12017.679563262958,14,0.16156203158374752,Q2_Train,0
28,23435.822834792772,8401.272068965663,6,0.6701344826871813,Q1_Train,0
51,20722.764281123742,10911.598441868682,11,0.40286469559702454,Q2_Train,0
33,126435.6521528913,20154.989976939807,11,0.22733002911977143,Q1_Train,0
26,41817.34153666647,23899.649142455426,3,0.13187514834612182,Q2_Train,0
32,49203.62363978116,7482.53384885085,13,0.16446822973182568,Q1_Train,0
29,30387.984094425927,7254.627523076766,10,0.3985151039898937,Q2_Train,0
50,95061.37599436546,30118.77724708829,6,0.2577910942643422,Q1_Train,0
44,23333.191641735855,8557.688850038108,0,0.25666284437072096,Q1_Train,0
60,176405.92469482345,77033.56435724857,13,0.21549326826141307,Q2_Train,0
57,84160.57420720912,30796.47235710945,6,0.29628372370456285,Q2_Train,0
28,77572.65912274149,11179.616891098953,3,0.35537417734877347,Q1_Train,0
56,119184.07983465958,11479.88662248513,4,0.26409797548622793,Q2_Train,0
60,52639.77025884124,14741.93341649462,13,0.18694280568361663,Q2_Train,0
48,48096.46086272444,13222.637961724007,4,0.5075711457488596,Q1_Train,0
49,269329.4605770494,6273.653236740962,10,0.029954361821962,Q2_Train,0
38,29675.79566220368,7140.097998432006,0,0.44824181304145777,Q2_Train,0
38,51926.79983769876,9914.120255961458,8,0.47529072692390795,Q2_Train,0
57,33407.3722949114,52873.65405911387,6,0.5024358019228325,Q1_Train,0
23,26722.132809979674,5118.247803171386,10,0.5262199457933443,Q2_Train,0
39,169762.89285454998,10981.691685533897,13,0.3381317628810591,Q1_Train,0
55,28454.399229143928,18838.45909917799,1,0.04262871642802382,Q1_Train,0
54,29460.839080457117,15389.02048270075,5,0.35378062180803077,Q1_Train,0
62,55916.960026693065,6084.895527410956,13,0.6275174819212456,Q2_Train,0
68,94114.14369618116,15871.037405450723,14,0.5348902299918036,Q2_Train,0
25,32364.085823149868,7093.401953024624,0,0.10311194499464339,Q2_Train,0
58,23145.484130620916,15984.551221307767,1,0.10983188265213921,Q2_Train,0
52,78817.41398454315,7335.643647958388,14,0.3564775207995121,Q2_Train,0
28,87309.046126428,6574.110365803113,2,0.26867112230065104,Q2_Train,0
68,22926.070386089694,14529.459388439316,9,0.18857003936826486,Q1_Train,0
36,45876.286226460375,13745.151754672384,9,0.10999703194300582,Q2_Train,0
56,105971.50979118464,33757.9141376162,4,0.5342688472968595,Q1_Train,0
45,63034.577058373965,6259.320190797565,13,0.26785483463257664,Q2_Train,0
34,32589.037810378544,43424.15033502582,4,0.25500247522418085,Q2_Train,0
36,60304.39492891586,34051.38172528047,6,0.0380147708667218,Q1_Train,0
55,27124.093011977577,8319.855168154467,0,0.14780125893506837,Q1_Train,0
19,55687.11650013056,19362.765192289473,1,0.08978547924253746,Q1_Train,0
54,24268.272636342335,17207.552593419226,8,0.6407006369407438,Q2_Train,0
69,20709.06837189787,46363.47753503458,1,0.5514026248127716,Q2_Train,0
43,103530.20500496675,9735.68137598612,7,0.18227087736601236,Q2_Train,0
66,57928.30155923637,7498.791481622197,0,0.4003483199891116,Q2_Train,0
69,58244.26308049474,39586.75574478958,2,0.1096175878049999,Q2_Train,0
49,129606.74458131359,11594.828135953023,10,0.49375515160348943,Q1_Train,0
34,56153.98550887934,17737.167276676577,12,0.4865837397765466,Q1_Train,0
58,87181.45196204563,26820.878367303652,12,0.39337693105041505,Q2_Train,0
53,37722.08185398539,39267.24455609451,12,0.07505768123874686,Q2_Train,0
63,49722.216289995486,35807.11125875855,6,0.2508638471074277,Q2_Train,0
52,25785.478103176432,40604.424244991256,6,0.4240018032750622,Q2_Train,0
57,92257.06496304151,39969.741248768245,10,0.25760521367614647,Q2_Train,0
45,45124.274936907816,27506.789079560243,12,0.2682683259655411,Q2_Train,0
18,72516.71595643593,8758.644725018221,10,0.35659928433932064,Q2_Train,0
59,91068.20575443488,44817.85638092861,3,0.390931503255796,Q1_Train,0
35,39484.72309437669,9165.274970739232,5,0.11806615670854542,Q2_Train,0
65,99854.3647153363,40858.12938185416,14,0.26923118886511666,Q2_Train,0
57,40694.4532835537,19321.92923151282,11,0.3070942911797241,Q2_Train,0
50,34792.9076485889,21511.14317547845,6,0.07590480115424506,Q1_Train,0
41,86803.65589323839,56791.00369179129,2,0.023899273780676862,Q2_Train,0
67,33110.36466144983,32904.216224202435,7,0.11200203704449435,Q2_Train,0
21,24454.693436983696,23285.050500558802,5,0.3506324135256554,Q2_Train,0
61,73624.89859131059,22337.740655309284,1,0.270520940463642,Q1_Train,0
26,59833.97278023101,12975.51117067018,13,0.07344238507472436,Q1_Train,0
48,37687.47993507559,9371.481759526674,12,0.4031894821938509,Q1_Train,0
41,211403.2874173334,67922.04657398527,13,0.4543766720934277,Q1_Train,0
31,31346.891100261986,20451.82996625075,9,0.05170675344910926,Q1_Train,0
62,25879.063359266824,15436.758347176457,2,0.17517483283884205,Q1_Train,0
42,89481.11966289955,27806.221841127917,8,0.2283061428607371,Q2_Train,0
51,80585.07245057664,18845.969513320662,8,0.3849745993781889,Q1_Train,0
20,103345.2341370856,23567.522912166616,11,0.4255011015828136,Q1_Train,0
59,153543.25136437896,7955.52347244353,11,0.26717762850854565,Q1_Train,0
26,26362.212956548992,16757.76977486209,10,0.34137381562113767,Q2_Train,0
43,21537.24598859825,9992.30790682626,7,0.28981404691482,Q1_Train,0
37,37874.04093642853,17669.616472945883,8,0.26911745658509684,Q1_Train,0
57,99807.44602623014,7011.605552935938,7,0.21035003988308856,Q2_Train,0
20,34802.75907775299,12794.730080529007,3,0.3692819190914323,Q1_Train,0
41,23055.103585923873,21802.973828637012,14,0.07278594920836251,Q2_Train,0
20,50811.13735235539,11248.58641232983,6,0.19060959939826158,Q2_Train,0
44,78081.41256571017,15253.15910694014,8,0.24129159481564383,Q1_Train,0
33,71918.95728355985,30205.966820610254,3,0.1344571123505281,Q2_Train,0
52,40499.27469968422,8395.668225309957,11,0.20194999734025937,Q2_Train,0
58,75538.66583450831,37456.66396466132,12,0.2959162342644791,Q1_Train,0
43,141953.60356552497,12016.858224590504,8,0.21561881536241317,Q1_Train,0
64,66910.5039560855,7130.273864189794,8,0.31944347228341735,Q1_Train,0
51,22023.676183581185,13170.132407685169,4,0.5881458791435611,Q1_Train,0
48,90018.76397487192,5671.838381232908,12,0.39805091217462796,Q2_Train,0
37,28332.07677836316,22087.29284855863,5,0.38655200356848163,Q1_Train,0
29,23035.75391448842,6002.50036373068,1,0.4205105928056675,Q1_Train,1
40,63222.624633284824,20144.20524683217,6,0.07724565006696288,Q1_Train,0
65,52086.530187476696,12289.116207176157,12,0.6263806279368649,Q1_Train,0
65,38252.029725174885,8448.515488959172,6,0.06971513966135799,Q2_Train,0
42,32371.799603834166,25321.96481908254,14,0.18310069091767475,Q1_Train,0
19,86074.17995902915,64255.9624662772,5,0.5285168539629239,Q1_Train,0
20,20579.394653644966,6401.575051236984,6,0.2858747292388671,Q2_Train,0
38,56386.78460133284,11877.497702656401,7,0.45641739028120226,Q2_Train,0
42,25238.709374617098,32361.486450783417,9,0.5095000654466486,Q1_Train,0
37,73802.760539187,12584.168904061618,12,0.12706807546651025,Q2_Train,0
66,61680.67454107733,14123.135262192282,10,0.5890935905038615,Q1_Train,0
69,20524.098587798075,12964.68168766622,0,0.4818100104412837,Q2_Train,0
39,31451.34305347377,9025.618811233031,4,0.6203510758724199,Q1_Train,0
69,54585.75044668011,11787.008288129138,1,0.03944059467757127,Q1_Train,0
55,38698.22135553407,9224.261279306947,3,0.16539584934040155,Q1_Train,0
69,79564.9256540639,17661.856167705293,4,0.14383268556291798,Q1_Train,0
32,24358.3569849337,6331.14098405019,7,0.12712432492187176,Q2_Train,0
63,22058.60213966436,21487.901260851315,14,0.22018542479790768,Q2_Train,0
42,35003.1328335141,12281.742201364035,9,0.09521947230285895,Q1_Train,0
38,38490.49094486557,36575.54802214355,9,0.450581564976654,Q1_Train,0
41,78186.43542663372,16186.02080768886,0,0.3683499650800366,Q1_Train,0
23,43466.56132275726,5138.912585043151,6,0.20735318150519574,Q1_Train,0
60,28930.36798874507,12675.158200925453,1,0.14590948089454292,Q2_Train,0
65,23279.73766116794,10095.073582863817,6,0.2610071732980959,Q1_Train,0
61,116380.70958667896,13890.816392894678,2,0.21337573434929463,Q2_Train,0
40,72362.02636129147,12463.319481829576,13,0.2477554294902341,Q1_Train,0
44,43257.169586916134,29155.760855742894,5,0.5029492604324289,Q1_Train,0
52,24366.62578272606,6281.537539858161,0,0.018386339942402487,Q2_Train,0
39,101617.31581313086,57438.4976305717,5,0.4333328472544908,Q1_Train,0
57,49359.72526968634,24875.711547170675,3,0.4117111857266379,Q2_Train,0
27,31844.160235890376,24704.47373093535,2,0.38702133740795547,Q2_Train,0
42,92186.75304090751,24511.11920706623,6,0.09679352129299457,Q2_Train,0
69,81326.97027688145,9872.687476888532,0,0.500570342136304,Q1_Train,0
66,67867.11148144286,73724.6633544107,1,0.44127612682069467,Q2_Train,0
25,128079.84578254915,9185.418517534708,8,0.19829904311636457,Q1_Train,0
28,34194.3829281178,6404.8792769703105,9,0.34908210334980505,Q2_Train,0
22,137381.68781560523,61833.92726706948,7,0.20482117110092335,Q2_Train,0
54,48481.01231918723,16060.0437583369,6,0.7090151161108754,Q1_Train,0
62,24957.11667986914,14473.541304893972,10,0.7481166359679681,Q1_Train,0
22,99220.07707767896,15462.794685929206,14,0.2259994362549539,Q1_Train,0
26,28937.813035331514,5670.845458868498,13,0.25854444573658747,Q1_Train,0
65,58773.76218739892,8494.827357399554,1,0.4452101436902844,Q2_Train,0
19,55471.321604503195,31846.032031002258,6,0.20948095588097984,Q2_Train,0
68,24428.19162290283,11904.538800073455,9,0.34975913023738575,Q1_Train,0
47,51250.16235375527,10034.097256939465,11,0.1644316421292964,Q2_Train,0
28,112545.08757079365,17186.422310694423,4,0.3008662591222959,Q1_Train,0
45,35749.56409317121,5792.248676600624,5,0.05686514591766495,Q1_Train,0
61,92379.13243301603,8822.800221834535,11,0.6111910449645377,Q1_Train,0
43,143572.32226618606,19643.72480328285,11,0.3001004819866117,Q1_Train,0
30,39572.79101908405,15525.363282689848,9,0.14368509372881194,Q1_Train,0
25,135335.49847490882,8176.072370269055,0,0.09333372701102616,Q2_Train,0
45,55202.41173953561,17241.693780101123,8,0.06871176711892082,Q1_Train,0
47,39048.75749758889,44678.148883163165,7,0.17024776140028286,Q2_Train,0
26,133413.1617868634,17531.355234382507,10,0.16605314106209065,Q1_Train,0
56,21628.084558785657,7700.795003914476,1,0.39826288840910606,Q2_Train,0
48,21420.943451168056,92744.2527536888,3,0.31588545090604486,Q2_Train,0
38,65793.24165488742,15362.974349914472,2,0.560259590360556,Q1_Train,0
48,24140.25741663324,9591.576999698098,6,0.024624151871233617,Q1_Train,0
69,170038.4403144796,5462.659858423495,7,0.3760117478405462,Q2_Train,0
42,80711.85472527394,38043.98646103682,6,0.6817224552712896,Q2_Train,0
18,39956.5922045554,25968.98937083186,11,0.12598966614751161,Q1_Train,0
39,79198.56343263059,58239.56983937747,14,0.5889363086794145,Q1_Train,0
57,118283.77143630045,20019.054381081576,8,0.14321085616511636,Q2_Train,0
54,43939.241420855295,22646.159259264998,1,0.7090420646455067,Q2_Train,0
64,187420.64422872337,48034.1018247119,9,0.4669553192509297,Q1_Train,0
18,35393.74859770938,15902.248677950247,3,0.1787978714447502,Q2_Train,0
38,36787.327381219424,8623.58395822787,14,0.04054705257622342,Q1_Train,0
34,91159.41438688913,27856.58556283643,2,0.5188628391836345,Q2_Train,0
62,91972.80350532835,11536.020979919784,13,0.09738207860485738,Q1_Train,0
33,28307.736482654327,21030.588775938377,7,0.32225261669102845,Q1_Train,0
64,42653.73751577339,16892.218522079373,4,0.2795821608805464,Q1_Train,0
34,69475.39699756716,18317.12712446243,7,0.08903871695228896,Q1_Train,0
43,51572.60175226501,18891.249403854694,14,0.6008592477707283,Q2_Train,0
30,80658.14052178137,6529.753716643437,10,0.4432607397534018,Q1_Train,0
34,281648.0109562061,22509.738687841545,8,0.1283383393169841,Q1_Train,0
55,73802.41658770017,5329.810871132489,8,0.271213369110616,Q2_Train,0
65,21400.22748490892,13095.140800566402,8,0.4874200121825294,Q1_Train,0
62,37832.02449577804,5148.5906399544665,6,0.26792791093193236,Q1_Train,0
23,26773.912614021603,6107.31148433425,6,0.2549661341934751,Q2_Train,0
52,26014.350706207704,13866.982808283778,3,0.3848506636978093,Q1_Train,0
63,76952.15769847273,9123.545933241494,4,0.4427435222397195,Q2_Train,0
64,74859.92917694838,9443.889497788365,5,0.43229872207755704,Q2_Train,0
32,31364.228864654342,25330.00961564326,12,0.2374890470340052,Q2_Train,0
30,23362.539098396013,19245.733558749165,9,0.28795814907429124,Q1_Train,0
66,45485.548338614666,18623.524285960022,1,0.6067557262725941,Q2_Train,0
48,74865.89194236275,38995.89611761759,14,0.22793439465909632,Q1_Train,0
52,191576.03993146055,7965.6878014249205,12,0.13646132662723143,Q1_Train,0
23,47726.11576978899,14706.280839587987,1,0.14113195204874013,Q2_Train,0
22,31171.17580049007,19988.146425885647,12,0.10846983859435995,Q1_Train,0
39,105012.57179592448,16000.862793069318,13,0.3071457339869488,Q1_Train,0
66,88167.87661873794,13976.873883498058,14,0.21702558216472637,Q1_Train,0
51,45945.594470797434,19180.211468024754,14,0.03456578581350596,Q1_Train,0
43,219646.57322103804,13685.916804103377,10,0.3181917583669919,Q1_Train,0
22,75653.43694428692,15790.357609173387,5,0.3393642841095784,Q1_Train,0
43,33536.95175896062,86289.05368746658,2,0.27605249566263573,Q2_Train,0
67,101861.44992815742,24654.712446971687,6,0.18942292631867355,Q1_Train,0
31,28089.458535226895,15074.322783767768,0,0.5599445612845799,Q1_Train,0
30,87854.87532396126,20843.777591782295,5,0.3146443296686978,Q1_Train,0
60,103978.58422458339,12104.22391653487,4,0.3557661244533327,Q2_Train,0
34,20232.950262744627,22074.072674476913,8,0.22590955060422105,Q1_Train,0
52,22107.121650060588,15323.929737378296,5,0.36168838048939744,Q1_Train,0
53,45919.072263288486,31505.906059821456,14,0.246696308059119,Q2_Train,0
52,155762.25739579712,20782.53938861568,3,0.5288865953674318,Q2_Train,0
61,105260.99141830829,5787.92799679681,9,0.2422698432041054,Q1_Train,0
57,234626.3178998943,33562.16278700225,0,0.47535499863959585,Q2_Train,0
41,36542.133973134274,11197.574851140369,2,0.3221722806903142,Q1_Train,0
18,81438.03493457902,5920.082596980884,6,0.3648801640342062,Q1_Train,0
53,74785.45755374082,9703.719874704057,11,0.26815168067172684,Q2_Train,0
23,27293.938652402154,14758.90199831141,14,0.25971180775918423,Q2_Train,0
54,34049.05298978573,7646.359229820673,9,0.2601634170504957,Q1_Train,0
64,41584.91076379006,25286.972477943735,14,0.18909986537133167,Q2_Train,0
33,34006.59183221039,7312.210720517477,10,0.2118094804946628,Q2_Train,0
43,87453.98234704412,7189.077999193545,12,0.3086838516483102,Q1_Train,0
45,92395.57893016608,12075.346578773639,14,0.38731403594903846,Q2_Train,0
49,55318.64399682852,46534.23562144376,13,0.1823376664256045,Q1_Train,0
48,42352.39472880843,25646.11091760766,4,0.4529925677293178,Q1_Train,0
26,21573.55056122753,22329.06346442727,4,0.07300454457823936,Q1_Train,0
56,36279.194370314646,5589.960763573823,2,0.10021332097514253,Q2_Train,0
19,64253.797616628384,5735.163440240886,12,0.2190634791618095,Q1_Train,0
25,69771.36830999033,59792.09365593368,3,0.22880621000344162,Q2_Train,0
24,82978.2971944047,15332.872848233583,4,0.06067425538411656,Q2_Train,0
61,73389.6217099406,14302.58997775326,7,0.0065569860904919975,Q2_Train,0
56,37511.24259237088,15536.936359552554,10,0.2245311526573999,Q2_Train,1
33,22625.729055695512,67118.86670326395,6,0.3767315844375094,Q1_Train,0
52,52714.60337709209,6772.1651714204545,2,0.1277275506603123,Q2_Train,0
27,43973.38549909422,7717.036099067608,7,0.3180684808667356,Q1_Train,0
55,41899.111667610334,14605.801157312975,7,0.36104276550738135,Q1_Train,0
35,23116.683794619938,11178.594915898871,12,0.09431913618322994,Q2_Train,0
67,51428.47682982555,51657.46939191581,12,0.25299556210979635,Q1_Train,0
22,281339.73946116696,14968.492323021854,8,0.25114140538323787,Q1_Train,0
46,37757.80895206067,5349.252283804168,3,0.6791424244612654,Q2_Train,0
56,86617.96258699519,8759.477509476836,9,0.32258634228592686,Q1_Train,0
51,59680.246159355986,13453.168642664985,3,0.32710781873050376,Q1_Train,0
62,24693.94854521129,17379.723922735888,13,0.4006734308374433,Q2_Train,0
40,32158.251301569264,33447.731888387185,4,0.5670200976932623,Q1_Train,0
23,27791.91662964497,17705.49120898659,9,0.23885164382853968,Q2_Train,0
63,40120.86340927997,9889.37456947237,14,0.1419017071690928,Q1_Train,0
61,63858.66372994553,52517.70288547898,0,0.0968110695412021,Q2_Train,0
21,80779.1916575642,6199.474898654277,11,0.02813374970560523,Q1_Train,0
46,44499.28432864376,12588.32395045239,13,0.08835254624580054,Q1_Train,0
40,54472.417192756955,21219.067810142275,7,0.43363111123060083,Q2_Train,0
23,50340.83186731938,48688.275896054474,3,0.22289159687255033,Q2_Train,0
35,64254.117238094885,6660.618109862063,9,0.5864164830422305,Q1_Train,0
49,75490.11981730706,28822.248913842508,10,0.06956627941512915,Q2_Train,0
26,36203.9434307793,13831.66726032385,1,0.22025780631022948,Q2_Train,0
27,51194.28507681527,6004.635842930296,8,0.166975947920607,Q1_Train,0
37,86019.65114977959,13644.06997713237,14,0.18920651873059013,Q2_Train,0
23,24926.269012989498,6264.241586002498,4,0.5704748920789776,Q1_Train,0
20,59170.35035244841,7035.259368265362,3,0.2114287838531458,Q2_Train,0
28,79109.13558919556,8869.681147962321,12,0.19810584834973552,Q1_Train,0
21,28835.384299334655,15324.677549666476,6,0.10697664591099225,Q1_Train,0
34,99681.21021153878,16609.678573758363,3,0.1557989247477305,Q2_Train,0
58,28286.934453761794,8896.28698834713,3,0.3986945630122018,Q1_Train,0
49,114394.38893739729,26183.20349759363,4,0.1257230460412796,Q2_Train,0
39,39527.84723475756,12344.870157848862,2,0.1471799351237328,Q1_Train,0
23,48929.91805469194,15813.174244855443,12,0.24031946454213407,Q1_Train,0
52,39568.63989154769,15510.3000106486,14,0.10181820865673454,Q2_Train,0
39,56468.58905719819,17382.654689617746,9,0.6819758775476129,Q1_Train,0
30,21450.29206952428,21023.11341531466,13,0.23471200357366262,Q2_Train,0
20,44204.36253602762,30871.82065121552,3,0.7489931851952392,Q2_Train,1
29,142222.5435211992,22025.74709313314,9,0.5038990631469095,Q2_Train,0
58,31559.34485404141,25002.011875971988,14,0.167852792630961,Q2_Train,0
40,85792.92019870497,10733.418408586032,0,0.1115762443830073,Q2_Train,0
27,29743.45931045957,20123.208372996312,8,0.14165985509559773,Q1_Train,0
69,28418.46121910776,12946.012493001192,11,0.17559606812026934,Q1_Train,0
40,59033.007015610325,17720.256549724836,4,0.44978832287738335,Q2_Train,0
47,112549.2332630634,6226.8687266327015,0,0.04647232996157646,Q2_Train,0
42,57196.1292565198,31620.768073852723,9,0.5855561054259344,Q1_Train,0
45,21832.34840676676,28853.823986258463,2,0.6449556321203567,Q2_Train,0
51,21505.295742252438,14139.108290477681,6,0.5628623328603761,Q2_Train,0
64,62509.527413932876,17763.87063532455,3,0.16029187198457723,Q2_Train,0
27,94998.32230437949,9923.572572466222,3,0.5398747056715234,Q1_Train,0
59,130012.97985584471,9410.324074323133,0,0.41977561991898454,Q1_Train,0
63,38125.639612586994,13376.80516051875,5,0.510674151324778,Q2_Train,0
47,74048.7424828172,7534.171310335654,3,0.28891017251491574,Q2_Train,0
31,26421.507149078345,21991.575460426953,0,0.6022037281526462,Q2_Train,0
52,91935.16358851378,14080.140647077244,4,0.27970249474019054,Q2_Train,0
52,136930.92095078548,8742.588329190577,10,0.11312527623719652,Q1_Train,0
28,190545.16374505535,69828.16488313398,1,0.24798925817183942,Q2_Train,0
38,92879.50495613081,9351.919095117066,10,0.1905792231963894,Q2_Train,0
38,253752.01820545644,24198.43762499034,9,0.5122499352814325,Q2_Train,0
39,22770.59433408371,15570.782696719278,10,0.15614745178516945,Q1_Train,0
34,147712.64427456365,9846.255266134605,12,0.6267338475966361,Q1_Train,0
29,20000.46480093963,13642.381858453686,10,0.10621275952666984,Q1_Train,0
59,34802.020596385155,20856.331801385855,0,0.22198418005737275,Q1_Train,0
35,115790.91116692992,12829.610957068307,1,0.07850774800294712,Q1_Train,0
28,92868.70660693155,23482.29134282879,9,0.669246371977766,Q1_Train,0
66,20100.664482682256,15051.866668182465,2,0.022042015001941303,Q2_Train,0
68,60450.99795328708,23505.847086060116,11,0.1565530504336251,Q2_Train,0
35,33587.51442933783,5654.683372470275,0,0.1342565747814771,Q2_Train,0
52,88444.12722182383,10964.452675960256,1,0.3634819075395342,Q2_Train,0
23,115631.5936910071,23218.266920429498,9,0.3025007800646045,Q1_Train,0
61,58367.65936255281,30172.735511196173,5,0.3714780941513489,Q2_Train,0
64,93384.66770994404,24833.633183272625,0,0.0945866295111846,Q2_Train,0
65,131058.92706882332,12936.841983371578,13,0.2959486577802785,Q1_Train,0
29,110232.70476927991,51475.9006333708,0,0.0211108406650692,Q1_Train,0
43,225177.502727373,30408.441991705757,8,0.06175314269644594,Q1_Train,0
32,41766.84282821996,25166.68112575244,2,0.1289518508598065,Q2_Train,0
25,40555.56395481029,72827.45563611385,1,0.29968921424886685,Q2_Train,0
64,49349.261174310515,23865.98728949888,0,0.1982371930695006,Q2_Train,0
30,109641.6321661682,71454.90295873756,14,0.327166452493558,Q1_Train,0
60,30885.898978709774,6442.153763647916,9,0.3272174526668462,Q2_Train,0
34,89444.93918483258,47356.66475563951,0,0.27681444796295585,Q1_Train,0
38,20139.914769976043,20787.384359616903,4,0.33611736357878647,Q2_Train,0
25,141498.29689351073,13436.12152128359,3,0.12398804605903699,Q2_Train,0
33,84683.2996186515,7909.857531815164,7,0.222684045184816,Q2_Train,0
53,40273.135389198695,15893.943537282921,14,0.02373647054067067,Q1_Train,0
45,173594.02391960457,12108.661900010024,2,0.15211251698048525,Q1_Train,0
46,23554.411597578455,15145.66026827655,4,0.16750335055375165,Q2_Train,0
64,71214.42926013189,8271.173375872146,6,0.13797458257738754,Q2_Train,0
40,150803.4582092314,12983.526753232632,9,0.4370082488035562,Q1_Train,0
31,38507.32591265689,12190.529287322002,2,0.20154402838073318,Q1_Train,0
24,141296.15524612454,15872.564796126442,1,0.31511288792680436,Q2_Train,0
32,172113.9055156894,16909.06911209227,11,0.21089674172932307,Q2_Train,0
63,117399.11017836006,8229.287891647053,6,0.28524292853434385,Q1_Train,0
69,56979.78376256843,31562.953085277637,11,0.23969814343808246,Q2_Train,0
30,26777.024511246695,20963.640940498197,4,0.26719353905526777,Q1_Train,0
54,87020.31176089866,77311.35037905665,5,0.22740186282082958,Q1_Train,0
44,21594.128938871858,20701.493434142147,0,0.39099362885432604,Q1_Train,0
69,38939.08247951208,18825.249022664524,8,0.1823246238162885,Q1_Train,0
37,169383.24044954422,15892.241041864452,4,0.02739418488799544,Q1_Train,0
42,30249.13369959677,35546.409019647836,12,0.08703270124009269,Q2_Train,0
23,81387.96136183552,12989.380003801756,4,0.4695687451457811,Q2_Train,0
49,99116.88511310727,15723.750013505045,2,0.1536629619961697,Q2_Train,0
22,144305.87072352227,6721.5022021237355,2,0.17366106264544962,Q1_Train,0
47,108558.95197337259,16586.23729494826,9,0.28463906296381597,Q2_Train,0
62,49998.65307458416,27473.397790821877,7,0.19279877075654162,Q1_Train,0
36,120453.2885477155,10366.588878452647,8,0.29992551619466135,Q1_Train,0
51,106515.09426429338,8075.863910762886,5,0.4531997300284746,Q2_Train,0
60,40311.39220106363,10167.307867598945,7,0.4933845334715467,Q1_Train,0
46,21463.634773635597,11939.88834260978,2,0.29633140391955515,Q2_Train,0
69,105280.46544843518,14998.959791057441,5,0.47204748519330836,Q2_Train,0
64,33413.43760029141,19351.605256587405,2,0.2113435482661818,Q2_Train,0
26,44654.480622333635,9512.297856864581,8,0.2231298052752398,Q1_Train,0
56,127393.87721787242,14921.38245628713,10,0.3154512142349354,Q1_Train,0
36,59144.18723079627,5684.253188431368,2,0.41248627250466535,Q1_Train,0
55,24650.05375914714,10213.218868186566,2,0.18743949544618915,Q1_Train,0
23,51763.92905802942,28218.815797573992,4,0.3414942913203002,Q2_Train,0
64,24187.395485697543,50493.97612311303,13,0.30904942273879477,Q1_Train,0
32,30588.507038817264,35322.3143153959,11,0.19310440357210953,Q2_Train,0
49,71819.62777378495,9809.453997775296,0,0.24222081089064995,Q1_Train,0
67,24213.07043950385,36932.04420689652,14,0.3025462401792377,Q2_Train,0
35,30456.24870928294,11467.497461020768,3,0.28515103328932856,Q1_Train,0
40,85535.16830860625,5472.805930808417,11,0.3646576197572138,Q1_Train,0
54,31990.352793999056,5587.629862204921,1,0.13221225968226372,Q2_Train,0
39,21935.033190190898,15520.723763709135,11,0.35279172347486504,Q1_Train,0
21,53523.86671395156,12691.798706260564,2,0.23034989518726282,Q2_Train,0
61,133652.671050061,51197.95876788785,0,0.2703315547342853,Q1_Train,0
51,126892.94603082631,15999.816999808467,1,0.12114372502581962,Q2_Train,0
30,47641.89187764097,10040.476131160936,1,0.5216073786658845,Q1_Train,0
48,149957.71114479494,8134.443510271735,14,0.29245977057542794,Q2_Train,0
21,193206.1350253691,14281.869193199558,3,0.24846297406100804,Q2_Train,0
36,55133.47372343475,16263.135797565095,11,0.2994731758312992,Q1_Train,0
59,50496.10247169389,7038.906327492515,6,0.0651980193709384,Q1_Train,0
47,29596.68311218227,5918.505883886829,11,0.1690607014417683,Q1_Train,0
48,74167.6528316573,8651.73126281533,10,0.08495162366303537,Q2_Train,0
52,50795.00516145608,5977.653919564971,11,0.12449400663678482,Q1_Train,0
38,43154.425130146075,5866.63389022644,7,0.3395969563607544,Q1_Train,0
48,35361.339514273124,13809.290048181238,1,0.10078146945908964,Q2_Train,0
36,23440.008949892366,29930.258292627383,1,0.2503216430389749,Q1_Train,0
49,38764.37824437136,22064.05458252721,3,0.3735662171511827,Q1_Train,0
19,81526.99748408463,9566.047688567696,11,0.22303929795708669,Q2_Train,0
27,40181.36575956281,13985.19969456434,9,0.42834246769257245,Q2_Train,0
19,75300.07865048037,12101.12091123519,1,0.28883173125019207,Q2_Train,0
41,84946.00231107097,6121.168590317593,8,0.11917257807333367,Q2_Train,0
34,20810.389247382558,27469.744376978982,12,0.13847930891261861,Q2_Train,0
33,34052.45012620028,31545.84544618757,12,0.13258706823636887,Q1_Train,0
33,94126.0551790046,15245.217242388833,11,0.11926485280465951,Q2_Train,0
63,23434.088123840815,30763.852198486802,3,0.046412045932031104,Q2_Train,0
18,61060.97785784246,29544.432617104343,10,0.11778748102127588,Q2_Train,0
28,135470.10732966836,6040.775334014794,7,0.20269964604857044,Q1_Train,0
38,21576.134646718685,5970.455894230672,11,0.25390913953299415,Q1_Train,0
24,85698.99333828078,18212.774231554762,6,0.18847409725796768,Q1_Train,0
43,76219.49772607572,19067.810291230515,12,0.5613787239475337,Q2_Train,0
64,33923.39538450612,5555.968537728555,3,0.14894291893613576,Q2_Train,0
67,65278.38831663421,22897.469059084822,0,0.06338422459381979,Q1_Train,0
29,98935.1680216389,7087.655204038051,9,0.0956848249317389,Q1_Train,0
48,21697.527816299553,51631.8282127115,8,0.3952498836501188,Q1_Train,0
34,83226.56669528442,11086.82438513335,14,0.05181341481706473,Q1_Train,0
50,34524.103781158774,9545.896206905674,6,0.22402754042838025,Q1_Train,0
28,167682.79030347086,10164.125354877833,12,0.5610859101802104,Q1_Train,0
45,58633.35855781308,46553.69769688402,0,0.1971655982115647,Q1_Train,0
49,21697.811242888238,14891.079729521336,13,0.22424284275244258,Q2_Train,0
45,85535.78657672502,45053.06050635322,2,0.3770473284039904,Q1_Train,0
19,65702.33203900709,18576.21690299698,5,0.22208078740306797,Q1_Train,0
59,21181.252372183524,15149.507363304574,11,0.20751779941583332,Q2_Train,0
41,29851.460983081437,5959.572476906387,6,0.6029881374307728,Q2_Train,0
21,60123.21324639645,16070.201533428693,9,0.5727316737188771,Q2_Train,0
61,45771.18882852786,17397.363188295083,8,0.25329541339443823,Q1_Train,0
36,30538.385849910163,22769.937324783103,12,0.16498241789516127,Q2_Train,0
43,94067.35037455722,86196.09347019918,9,0.25575507684364424,Q2_Train,0
28,53568.78352937229,13211.850056054127,11,0.15877956451988842,Q1_Train,0
57,38551.237902116976,15706.4722516997,14,0.13230077161437429,Q2_Train,0
67,28817.611223043376,6169.460614395422,10,0.13038576287367756,Q2_Train,0
20,32441.49189024544,11427.176109870536,12,0.31845239080441173,Q1_Train,0
29,65235.20672750742,11177.888133415596,6,0.5244572973065195,Q1_Train,0
44,31834.680293292007,63761.41887520433,12,0.6553896059320489,Q2_Train,0
19,29732.842644518016,23300.879861113386,1,0.3091809172052146,Q2_Train,0
37,23315.42363252767,15178.445290292859,12,0.08019090788985954,Q1_Train,0
42,64349.17474912727,27908.47519417096,10,0.24722749988235304,Q2_Train,0
27,75408.17223752406,21601.4795346757,8,0.20003870723709052,Q2_Train,0
59,48262.483310253534,33651.801495865555,7,0.31641445742843033,Q1_Train,0
50,106130.9306188879,5306.225834999014,8,0.11843650696877867,Q1_Train,0
30,75714.0875820361,74798.43441492674,14,0.4959464972766014,Q1_Train,0
58,53798.342480269275,5909.50671838347,7,0.4173454402588508,Q1_Train,0
59,96224.82666697344,8212.277791967408,0,0.38735991401648123,Q1_Train,0
54,25911.588937113396,19710.774908622654,13,0.16597124120738183,Q2_Train,0
62,168389.45688022234,8529.563924788898,13,0.06340072672907945,Q2_Train,0
39,32012.13360816305,52077.85023550854,8,0.44076477714132084,Q1_Train,0
37,104620.59734768159,41711.786700834215,12,0.31640101413445254,Q1_Train,0
60,48174.422061801306,21132.14441032165,7,0.48326177032129175,Q2_Train,0
44,73203.0236772078,33989.480819688426,0,0.33133029214458204,Q2_Train,0
33,86826.94521907375,9387.052570403142,10,0.43647224272809115,Q2_Train,0
51,78545.11436063437,9439.543635049962,5,0.22218786561761475,Q2_Train,0
42,25589.71359329149,23846.79318590697,1,0.2723428025983505,Q2_Train,0
29,24527.50310279885,10484.128887309475,5,0.08119489384558459,Q1_Train,0
57,38398.58932830949,8499.361087308336,8,0.3471679674921907,Q2_Train,0
29,62728.44156204123,5362.632578051401,4,0.29790249692016035,Q2_Train,0
26,62652.40258190533,9440.687762269248,1,0.1585844179436877,Q2_Train,1
27,30798.266202598792,23755.46701410403,11,0.3597079360363476,Q2_Train,0
49,65169.75147367061,7524.840840868344,10,0.2728874479240687,Q2_Train,0
51,90404.1156638231,16116.020179271849,5,0.08808666850936712,Q2_Train,0
19,20214.218348791794,9638.308122665341,11,0.2795156923317576,Q2_Train,0
68,45181.867085483645,24256.097347819497,4,0.5103450628535512,Q2_Train,0
41,93757.85689035633,6490.123761560411,11,0.26120614106894735,Q1_Train,0
44,134879.81969301513,26291.82848489686,6,0.1377193631954388,Q1_Train,0
19,91911.62250295145,9874.301348124183,6,0.3254041805789137,Q2_Train,1
48,113791.60331750789,12293.40339329337,3,0.38878945367379597,Q2_Train,0
46,26087.941978613024,23453.12460790597,6,0.2871500831467717,Q2_Train,0
32,50475.74512966887,29384.75652603084,9,0.153607813436387,Q2_Train,0
37,31101.102171852668,19394.03203468535,13,0.23297577752894774,Q1_Train,0
41,71694.49262471357,37744.59579117751,1,0.3742927615434347,Q2_Train,0
27,33625.057027148134,14084.835821116689,7,0.06441967341462977,Q2_Train,0
63,50996.86051362694,5173.523071040139,10,0.284937285417701,Q2_Train,0
31,30425.641242324476,23961.56987470127,5,0.13348417083123534,Q2_Train,0
35,53134.946565924,10124.532538966298,1,0.6284863438108726,Q2_Train,1
41,56615.00536582563,53932.365180774446,12,0.4377665190506325,Q2_Train,1
29,22537.208630396253,45398.75980601808,0,0.4013181249347339,Q1_Train,0
39,126657.01181481896,11180.183313719903,1,0.40217420193945347,Q2_Train,0
23,41022.568981095814,10977.528067129506,13,0.025348302379739264,Q1_Train,0
53,117014.3630505813,20659.926458177906,10,0.651485087130526,Q1_Train,0
62,80475.4665898711,7112.349969405699,8,0.3799320414487657,Q2_Train,0
53,92658.59984277523,59041.46753182634,12,0.10081127306743802,Q1_Train,0
39,38883.58451197267,9824.222887595974,7,0.12591110014805476,Q1_Train,0
33,46106.17305320941,10087.038064670693,13,0.27949761689338204,Q2_Train,0
49,44470.68078460693,6905.925376094545,9,0.321412833152186,Q1_Train,0
50,243517.12788260644,16071.142378282004,14,0.20653676851974087,Q1_Train,0
62,91658.6959525764,17900.18661145781,11,0.21050729922328443,Q2_Train,0
53,24197.07794709583,30379.54180674563,10,0.3362355537858307,Q2_Train,0
37,73968.17865566174,5931.565326210244,8,0.343601259132644,Q1_Train,0
35,35793.0473471255,11604.346814666118,3,0.4913827312902784,Q1_Train,0
55,33967.090505414315,8350.132015216892,2,0.5402929669803853,Q1_Train,0
20,34823.54035111025,11644.643003340547,3,0.4564676887488392,Q1_Train,0
49,54655.37667443253,11560.834260028943,11,0.30532766927918287,Q2_Train,0
62,75353.02857797511,10557.98850660248,9,0.43336710510772136,Q2_Train,0
57,34182.43407402471,15955.895137270576,6,0.2783334181996573,Q2_Train,0
31,73944.9112985098,6978.294184664838,3,0.5341154095827383,Q2_Train,0
56,32554.25119126303,25977.31687337826,8,0.43354213978398126,Q2_Train,0
48,188258.6851367657,18721.093862764214,8,0.6090639886045942,Q2_Train,0
31,26654.384637331772,18322.479481339342,13,0.42470629486463357,Q1_Train,0
23,52716.2511603427,45921.614126718,14,0.3051077550169268,Q1_Train,0
33,21146.306391970513,9192.529094418645,8,0.4209079088516634,Q1_Train,0
31,120194.74655597555,21432.21688043773,11,0.23166025838695983,Q2_Train,0
63,72098.04397307013,15912.208352382198,12,0.10505081227820458,Q2_Train,0
32,44780.47832323352,20445.555209538375,10,0.20984999389209794,Q1_Train,0
61,60232.08277532034,14893.053052693378,6,0.48257750293276086,Q2_Train,0
34,94874.85166697371,20499.551411199827,7,0.3571366099329924,Q2_Train,0
58,24430.52453979787,18839.954123500036,11,0.43133367953501167,Q2_Train,0
61,28529.361051606546,17398.819006516092,11,0.1626752992745898,Q2_Train,0
51,119954.40672224252,23222.911603904122,8,0.08200847058518643,Q1_Train,0
62,39784.36678304915,10443.213901044448,10,0.3951303680540057,Q2_Train,0
31,71636.6769469383,20015.74104058188,10,0.14783653987327483,Q1_Train,0
50,23315.87008631835,38715.799741973075,4,0.3891976744818951,Q1_Train,0
48,66808.34949546914,30157.832472366346,8,0.5755628743884909,Q1_Train,0
34,34083.94684551462,28216.66632949339,13,0.02301864012793378,Q1_Train,0
45,28929.528957133814,15906.9542536005,12,0.10405995260967052,Q1_Train,0
36,86796.10258564935,42630.95661827054,7,0.18604220486239323,Q1_Train,0
63,144034.70145607297,8150.193961900089,11,0.4891229664382471,Q2_Train,0
49,30782.34930199536,9141.845040777378,5,0.19874724280475473,Q1_Train,0
52,56295.178038894795,13073.340271768298,11,0.12901342883114947,Q2_Train,0
22,35269.32882734349,14325.720990561005,0,0.18738602355790784,Q1_Train,0
26,74387.9025473996,7344.905294078171,11,0.19882671975665245,Q2_Train,0
46,164967.41209676082,19489.067386642753,9,0.19869699296807591,Q2_Train,0
23,49911.302089893434,8795.681575557308,4,0.08179905110904342,Q2_Train,0
48,71932.84290324415,23506.745845453108,13,0.20553316899536,Q1_Train,0
39,52022.22103324991,5344.965422678449,9,0.27797163706234873,Q1_Train,0
19,22554.786737460985,11891.676088083792,0,0.08175572420679005,Q2_Train,0
62,87691.32078674751,7339.342020267194,5,0.32658010670219034,Q2_Train,0
22,42569.021889666605,37157.16701164373,9,0.4117302924177032,Q2_Train,0
44,32712.02235667892,31098.18808215427,7,0.059293954394589815,Q1_Train,0
25,94251.12808575475,16992.65864201285,13,0.2686063399207098,Q1_Train,0
18,183863.24023196523,10250.928739185167,9,0.5338299300803695,Q2_Train,0
61,110331.47234223847,10599.441181370119,5,0.056016646796169536,Q1_Train,0
40,66789.14941042033,30383.11296268953,11,0.23559434220060785,Q2_Train,0
28,166232.8944021419,20671.810193469773,14,0.5113630352757247,Q2_Train,0
56,200536.77960728024,41691.66170894706,12,0.3791748887521506,Q2_Train,0
64,171586.23324106607,13914.639748253103,14,0.3856142552389886,Q1_Train,0
28,87562.85202949538,40595.18241652951,11,0.46600124479985766,Q1_Train,0
46,35868.217318844065,19108.588919619782,7,0.1816521985937244,Q1_Train,0
43,81043.58880956646,14127.694070316127,11,0.4698227987566204,Q1_Train,0
52,22007.745785567342,42193.88686477342,10,0.45735522437594694,Q1_Train,0
37,61849.472538624985,22093.171108531435,11,0.3471857906628638,Q2_Train,0
20,34608.52533527065,30726.622678715026,1,0.41627107805683444,Q2_Train,0
18,32752.480007944352,50403.19323693992,12,0.12291254688401354,Q2_Train,0
64,23112.15151113011,12921.48121319829,12,0.3596730855327702,Q2_Train,0
34,73464.79873030417,15952.345204711444,13,0.251221865238236,Q1_Train,0
19,55181.15499775583,6781.908225808398,2,0.4145791674486608,Q1_Train,0
46,21526.683578934208,11458.098360498749,0,0.6233784055269299,Q1_Train,0
25,56228.648836175285,18087.506376111807,10,0.29316634570782246,Q2_Train,0
46,35922.47782442902,5511.643631999124,6,0.2771681685159246,Q2_Train,0
65,73661.68602958493,5953.7952471963745,3,0.20701242284519952,Q1_Train,0
20,77375.20034801471,7034.479961298273,8,0.13285335401231876,Q1_Train,0
22,139988.24053583713,40728.70999845135,12,0.23631299673467715,Q1_Train,0
61,44956.78909660138,19547.33646315449,9,0.26201047623009827,Q2_Train,0
37,48831.29423801655,10345.217615659974,13,0.28083462211329596,Q2_Train,0
37,73230.32632235304,18345.44720603943,10,0.09370747342207303,Q2_Train,0
56,256326.08134696257,12738.404757937224,14,0.07732097624323757,Q1_Train,0
36,146045.4468597214,5561.328921671422,12,0.28738381189480916,Q1_Train,0
55,57670.16677474994,32457.810080013238,9,0.49652446486973767,Q2_Train,0
44,81052.04222877293,10749.760276720532,14,0.09253306126112774,Q2_Train,0
62,113620.08318805037,48893.578689371265,9,0.21883245907143303,Q2_Train,0
60,33426.29614991586,36748.81616695477,14,0.5702701053932491,Q1_Train,0
30,29284.35580870467,8996.956602496739,9,0.16457712982953063,Q2_Train,0
30,23548.31975115068,55489.342395266816,11,0.2268808932052588,Q2_Train,0
62,38162.53926795595,22572.251305180755,3,0.32084757351648696,Q1_Train,0
39,75140.22219856133,33974.98724210293,11,0.24281991759227642,Q1_Train,1
25,46182.6399556516,15949.872249855855,6,0.16984938622640186,Q2_Train,0
68,198019.88601413128,58585.89447913378,9,0.6731895533691155,Q1_Train,0
60,29782.548893614516,53624.26663231918,14,0.46670546616769804,Q1_Train,0
45,89915.85591030643,6764.303185207427,12,0.20991353872127944,Q1_Train,0
26,46268.18941843958,18798.461344405157,5,0.15453270293426294,Q2_Train,0
37,107539.51701806017,12221.922438025282,8,0.2361385023762134,Q2_Train,0
36,59571.76374427573,11227.497026478983,7,0.47606471280193696,Q1_Train,0
65,39091.548406819944,24872.45251635327,6,0.3601598867115402,Q1_Train,0
29,54674.2848109088,11681.412456384902,9,0.3075829696268999,Q1_Train,1
48,24007.520363053434,29812.300187357192,11,0.31471721520964374,Q2_Train,0
31,97735.52732408617,20586.351450482558,10,0.608760141948427,Q1_Train,0
28,106715.0282236616,8909.688389431225,12,0.6678252778247272,Q1_Train,0
59,111338.84695023822,5501.956364380696,3,0.12271351933930269,Q1_Train,0
44,83556.84430300971,8791.47795938597,4,0.41955051974631097,Q1_Train,0
55,28149.37976600352,55950.394012850076,12,0.3138247913284825,Q1_Train,0
23,84615.88043300224,5417.106876422778,8,0.6003954631432852,Q1_Train,0
63,141770.87232253526,45214.26979899874,8,0.3187109131053679,Q2_Train,0
69,46592.43671533532,13195.568539450342,5,0.2931041825332358,Q1_Train,0
55,161972.30628566543,11887.756492055183,5,0.679262889572092,Q2_Train,0
66,56363.014331693324,10013.89990327826,12,0.3661147918446827,Q2_Train,0
59,56961.19229566035,10069.855198466408,1,0.08290476197599186,Q2_Train,0
18,35621.357104053845,9443.366387615104,2,0.2971905796880124,Q2_Train,0
52,44173.5367816748,8768.556148260826,0,0.18162152301371753,Q1_Train,0
57,60286.40200109598,22960.89884844921,3,0.2071016020762296,Q1_Train,0
25,162350.861781955,10083.852965704109,4,0.2720369713840007,Q2_Train,0
69,71457.93714912122,5198.268659173399,2,0.5249084458231167,Q2_Train,0
64,40256.999889765706,45272.26966150762,13,0.14406064437906532,Q1_Train,0
28,219948.94627933766,26682.861899603853,10,0.09058795957722397,Q2_Train,0
56,53960.69089514526,14494.540885105835,4,0.3154565365870614,Q2_Train,0
21,159431.96904697467,7159.438158520001,10,0.5410073965805522,Q2_Train,0
42,59852.685891736015,21267.456407388425,9,0.22384429249708793,Q2_Train,0
29,66502.35342241748,8950.888520641758,4,0.21017337026227761,Q1_Train,0
63,80029.58644295234,5248.090619263126,10,0.07509833881681172,Q1_Train,0
54,30181.08801754014,43617.31513858262,7,0.2646118097582276,Q2_Train,0
41,22675.910943280844,10154.043463005528,6,0.5116314913743005,Q2_Train,0
42,23678.971459460146,5709.694441435637,6,0.23938551707066694,Q1_Train,0
69,65237.60046287788,8076.598982419482,7,0.5012101215886002,Q2_Train,0
21,32423.875577305364,12362.488359706955,8,0.3839709460743766,Q2_Train,0
66,34295.34818934655,9162.16651514151,11,0.09040227031475451,Q2_Train,0
28,169546.98353505295,7674.82272026962,5,0.4746809959543447,Q1_Train,0
60,78340.21279257373,9588.543161095797,5,0.15205621406819164,Q1_Train,0
64,49401.61602500511,10230.81814896558,1,0.18748860049062924,Q1_Train,0
42,51413.963215530945,6260.320375342722,0,0.18752828889289905,Q1_Train,0
46,132751.44234313286,40679.513845300295,9,0.5512825090853802,Q2_Train,0
36,44272.82402486168,6927.548947187301,13,0.13401252072999073,Q1_Train,0
31,89918.2409302947,10857.126487984584,8,0.26319748192213843,Q2_Train,0
31,86329.78798438322,7277.0827705860265,3,0.3215547228772889,Q2_Train,0
52,20999.86754870625,20591.197110349643,1,0.3661089679622907,Q2_Train,0
45,49942.24343318794,50008.63238703351,7,0.4271229619734083,Q1_Train,0
20,61238.40133697149,19560.447851569756,0,0.20978911893520405,Q2_Train,0
33,85786.13202711155,13041.970664045348,3,0.19475584797815582,Q1_Train,0
63,108991.44124482153,17241.37666779642,9,0.42956619078216596,Q1_Train,0
69,61495.013097725816,18075.24277078559,0,0.33082389321579064,Q2_Train,0
63,50980.18124173921,9032.835400344129,14,0.40774513978103755,Q1_Train,0
42,61759.99535613989,32180.562962932498,10,0.17972318064026727,Q1_Train,0
68,89529.80791708478,117009.13292445315,14,0.1558825859552865,Q2_Train,0
55,23543.149792201722,12101.975601539998,7,0.08405413325746407,Q2_Train,0
59,116554.87318038067,43728.276929193366,11,0.14919095687069545,Q1_Train,0
64,99733.80612383026,66529.71641685555,10,0.3367213841993048,Q2_Train,0
69,94455.92301236113,12553.115459431574,8,0.11089506819841749,Q1_Train,0
55,21111.396341399664,23896.745161403367,1,0.2608268750115831,Q2_Train,0
40,57382.15900266704,18051.57732115998,11,0.1364056648773816,Q2_Train,0
42,22789.822008494088,24212.466950684557,1,0.6188445219128083,Q1_Train,0
24,83371.96412743855,11852.635450605912,9,0.321924159043784,Q2_Train,0
34,79353.01575350788,19248.33852281339,12,0.3900983963309675,Q1_Train,0
66,103446.90554387108,17324.36749149696,9,0.14122256932864374,Q2_Train,0
65,50153.58705071108,23788.37524342372,7,0.0132432077338574,Q2_Train,0
67,46023.08654531215,20174.183581100107,13,0.16545483091346197,Q2_Train,0
50,91562.00410385881,8285.275542965373,10,0.44083309581727137,Q1_Train,0
34,65579.82317756966,11718.123960650806,3,0.5819909269617105,Q1_Train,0
21,90193.35151100573,19384.587771811188,6,0.15598589604707816,Q1_Train,0
60,82554.73174034941,34971.45478117604,2,0.1348575845660075,Q2_Train,0
21,169118.8709421069,29160.03464329249,14,0.13578611155238063,Q1_Train,0
18,21649.21106426981,9105.207714984876,14,0.5540200796776439,Q2_Train,0
67,44140.05107955338,67076.40182815178,4,0.13582423328224053,Q2_Train,0
26,110721.49846962438,10692.523346046026,9,0.25648686560355255,Q2_Train,0
36,72286.34064954054,19357.93689443925,3,0.3400352601872508,Q1_Train,0
53,21313.394717610103,5494.2085551609225,12,0.33295406454975385,Q2_Train,0
60,74253.73295921505,47976.159027914706,4,0.7032447755399899,Q1_Train,0
44,55940.65278137155,13567.290576764644,5,0.06583288822774186,Q2_Train,0
35,69226.84533531619,14667.523471432378,12,0.17714471443505125,Q1_Train,0
45,83465.21564422596,26075.156481023867,8,0.26781579474452055,Q1_Train,0
46,27697.247302664404,15159.596528373859,3,0.09873139826174379,Q2_Train,0
33,27545.098451004815,33179.118876573746,2,0.08660443531443351,Q2_Train,0
52,82963.38502340445,23725.529954141228,1,0.029014878547612588,Q1_Train,0
54,22167.86117332013,12192.287107453725,10,0.051448568098726444,Q2_Train,0
34,72473.39925089042,10845.14451828325,7,0.31516873593289646,Q2_Train,0
43,57091.07374193909,50258.2645011428,10,0.12599375469557345,Q1_Train,0
65,78985.61036570882,21820.89431553222,14,0.516452858130059,Q2_Train,0
58,42974.74164656957,26073.718530307662,13,0.3078875356538448,Q1_Train,0
21,31837.847095144367,27628.261347636515,10,0.2674815518269131,Q1_Train,1
39,30617.019436011033,27749.540335158592,8,0.19182143551589964,Q2_Train,0
28,200839.82636345038,6419.342946907767,11,0.15304243864876327,Q1_Train,0
61,33130.54780423367,11100.518160217816,8,0.12783191410577188,Q1_Train,0
35,49312.53423041561,12282.59094172527,6,0.13207994044400495,Q2_Train,0
43,46938.49827288254,18900.533963943097,5,0.3693811383117967,Q2_Train,0
18,36867.391971309735,23975.477226092982,2,0.5800940405388474,Q2_Train,0
43,126836.4494095704,38970.839750527586,13,0.29279584423555194,Q2_Train,0
40,28819.40052554349,6295.181327970461,1,0.36981070435853075,Q2_Train,0
43,29987.366551118652,6117.976349312861,4,0.4029042719440097,Q2_Train,0
62,62398.79956288712,23751.556999039683,13,0.30690284970264653,Q1_Train,0
23,41053.70837990267,12625.635434329197,7,0.3009791083449154,Q1_Train,0
23,47368.37469800257,14856.02658652093,13,0.4749618698115029,Q2_Train,1
61,102135.93315888404,18907.091841118774,4,0.5126622105275458,Q2_Train,0
25,136978.56661831043,68967.88044443676,2,0.3660328528204253,Q2_Train,0
41,98164.38997259579,6042.922720796723,9,0.3438190240451979,Q1_Train,0
54,42563.13715740256,5311.067162350592,14,0.009614116115272731,Q2_Train,0
35,29260.309336939434,13979.964890560614,4,0.44315983084123867,Q1_Train,0
48,54607.05488835439,27316.157332773506,13,0.20528776786937605,Q1_Train,0
54,84601.19419639789,8258.704947596929,8,0.49791107336181006,Q2_Train,0
47,24347.162491411822,8105.549130601139,14,0.19045674223875228,Q2_Train,0
59,70295.30863680781,10571.441970583495,13,0.34210386095689677,Q2_Train,0
50,117623.8564264085,7437.966395016452,14,0.21087509624791578,Q1_Train,0
47,46733.30678470268,17832.702934604215,8,0.14605841960263788,Q2_Train,0
26,42392.48278191956,34981.39255038454,5,0.2882159196287626,Q1_Train,0
38,108864.13923438027,16354.851821533772,6,0.29654413648126887,Q2_Train,0
29,184714.22469474934,10302.02597833596,6,0.6913672725283284,Q1_Train,0
46,156735.89217048034,23350.75871606131,11,0.26685070006142014,Q2_Train,0
60,20714.59725149312,27570.01994879681,12,0.22244783226267906,Q2_Train,0
69,209612.69346868998,11172.636179786628,0,0.299512914961699,Q1_Train,0
56,96490.29558648066,9296.225249307921,0,0.1841719169340666,Q1_Train,0
35,21335.318694128386,21110.551353727533,6,0.21529196351738564,Q1_Train,0
24,29748.765987554772,49261.06412376006,4,0.4658324489014965,Q2_Train,0
35,114975.7583370127,42407.60312367721,11,0.3595467798771407,Q1_Train,0
55,26879.931079069574,20858.765022014675,8,0.11000241249202743,Q2_Train,0
54,44432.22789376407,53477.73609070963,7,0.06826262276816412,Q1_Train,0
50,24471.168751920097,30906.209840794665,0,0.1491098499846806,Q2_Train,0
61,70807.04604968528,7262.95399851094,13,0.44755477278198014,Q2_Train,0
28,120530.90993784186,10535.277490026718,4,0.19974834129275393,Q2_Train,0
35,54123.6044343286,24759.91625481631,10,0.182391136099493,Q2_Train,0
21,23281.537069969716,21228.468451252364,7,0.3110886558406838,Q1_Train,0
66,36120.06803252001,10628.174767854709,7,0.09471272168487406,Q1_Train,0
46,86640.10019995995,20787.384552039548,13,0.17414737391358756,Q1_Train,0
41,33907.83614971769,15815.491993457223,10,0.1367538152926264,Q1_Train,0
19,105058.77799813947,14960.183933283904,11,0.5925557159257276,Q2_Train,0
61,43894.545482460526,16315.289162797271,10,0.23201386325610318,Q1_Train,0
59,48270.284949487876,12393.75731993968,8,0.5020351816089285,Q1_Train,0
42,65893.18159065171,26140.824648169084,5,0.09219073805557425,Q2_Train,0
38,20371.3016524851,11112.229397535746,3,0.5570192732848879,Q2_Train,0
48,66752.762074184,44192.10880508886,14,0.3934884278905246,Q2_Train,0
56,46258.79934566234,44667.3212176069,9,0.2930612503990094,Q1_Train,0
45,28894.903670679472,83268.93865059162,7,0.2349378793297633,Q1_Train,0
49,58201.99613653211,5003.047787528662,3,0.2731152107782758,Q2_Train,0
45,36826.277179077806,66251.29102158363,8,0.3523135126860743,Q1_Train,0
66,64629.10809499863,6095.198634372896,0,0.21584336124709844,Q1_Train,0
26,143777.64722208487,26902.97654129124,2,0.04197656426113694,Q1_Train,0
39,30062.531666124967,42481.17800540641,0,0.25509784228875027,Q2_Train,0
49,92595.95805020149,16795.609756262085,5,0.360448110721132,Q2_Train,0
22,33059.7086987913,12319.1329637304,5,0.1292778318040284,Q1_Train,0
40,37173.92440761355,6144.1046139575765,6,0.27923826658335593,Q1_Train,0
22,146318.6343851648,14372.121691088301,0,0.5022062266303124,Q1_Train,0
59,140984.12796183888,9883.827612944966,0,0.5560627942010871,Q1_Train,0
49,29234.062807504706,6195.604353557746,4,0.25764823364990125,Q2_Train,0
56,37344.58377326884,61805.24749460604,0,0.18039591324647763,Q2_Train,0
24,124734.53215052244,10291.62951719742,13,0.30265763874168516,Q1_Train,0
36,20752.076296448602,11327.933425561368,6,0.43834114101156707,Q2_Train,0
27,97663.81133425464,20075.478762717874,11,0.2529035740039591,Q1_Train,0
45,103908.38373963539,6830.356665912815,5,0.21422766016870076,Q1_Train,0
46,32501.916113801817,5903.001799133578,9,0.41947634730212646,Q1_Train,0
32,28198.955637059116,45014.09670670516,1,0.13568415042456955,Q1_Train,0
52,27807.016020462106,29080.843656131492,4,0.3250417053048209,Q2_Train,0
23,51176.12981027961,9890.566805202949,6,0.35996621618324937,Q1_Train,0
29,34151.02024210914,20274.52752210133,1,0.05624999919356545,Q2_Train,0
64,55806.01696800217,18465.43101806561,4,0.14319570939815662,Q1_Train,0
30,31842.496862818793,34416.29111154695,13,0.5793297182256801,Q1_Train,0
46,89553.645924502,11641.712531156085,8,0.5166214622541268,Q2_Train,0
20,100198.22465313028,29295.423089266096,0,0.22321015558615462,Q2_Train,0
25,109200.62056910388,43291.794191901026,9,0.46027716593812557,Q2_Train,0
64,89152.68469503202,29340.932193843837,11,0.1759947112993424,Q2_Train,0
21,22644.496482424707,41076.14557297386,4,0.1667609899345367,Q1_Train,0
20,39295.794073802084,30556.91861923349,10,0.5918094709372196,Q2_Train,0
62,39272.132075814035,33065.34942488732,7,0.22711675410307308,Q1_Train,0
25,118841.4967393082,12658.651340678276,12,0.2341425217273356,Q1_Train,0
30,102706.15248702512,17031.832722194624,5,0.4103936157490555,Q2_Train,0
20,105471.75870325239,15890.625383744173,12,0.09700032834072271,Q1_Train,0
26,21431.860578712465,12866.190478923258,1,0.27646197562549035,Q1_Train,0
31,24538.555363162173,33271.548257051596,1,0.2805229884408775,Q2_Train,0
24,45638.4722821302,56497.461187757515,8,0.34255937330044345,Q1_Train,0
24,33138.26271309605,40728.62774270823,14,0.37351403713752535,Q1_Train,0
55,72407.91456374315,17620.557032559947,0,0.11664289862338949,Q2_Train,0
51,33908.3439048081,14690.418241919204,11,0.3213676876510893,Q2_Train,0
58,50884.62273916092,10471.979447052574,1,0.29780000996533584,Q2_Train,0
39,52573.38804743677,17067.820006437752,7,0.4283544982982987,Q1_Train,0
41,29780.567601077637,17748.83763499253,14,0.4204945802415085,Q2_Train,0
66,124457.51654593286,39299.36755435798,12,0.1664030436036125,Q2_Train,0
54,57308.52550590336,23264.086143802797,5,0.24599894932862928,Q2_Train,0
18,35226.8796305976,26988.509826777685,14,0.5001327258976176,Q2_Train,0
60,20909.046177068023,8456.253415806697,13,0.1544403413858117,Q2_Train,0
33,24928.330094762223,9485.82460576416,10,0.27190356372873975,Q1_Train,0
63,27977.379467375034,7377.541975135029,8,0.2489242659803886,Q1_Train,0
25,24106.92140358589,12315.475083527755,1,0.26017066639382175,Q2_Train,0
66,133592.7542529154,20915.443894962304,14,0.19942864970366836,Q2_Train,0
42,141202.79422078165,16549.69420018583,9,0.3202861627830904,Q2_Train,0
29,180770.13886388935,11603.141637393332,6,0.18890034104629527,Q2_Train,0
43,27010.851938770156,18776.74140421227,0,0.2673280292067625,Q2_Train,0
65,94086.64396229615,12591.730325452005,11,0.10945042582449202,Q1_Train,0
31,116803.11934103628,8589.717921241703,9,0.5585659933453351,Q2_Train,0
58,96789.49512741524,21304.423651171706,2,0.25172738004725,Q2_Train,0
53,109962.12940114479,19334.08445434943,14,0.18597760364590227,Q1_Train,0
40,36187.59627548326,12197.778674277964,13,0.17002841112623068,Q1_Train,0
60,51374.13196093854,7066.835559463521,4,0.17802439958406055,Q1_Train,0
64,287833.387201867,14585.825275760972,2,0.14296442087278075,Q2_Train,0
42,27423.44203769589,8182.875329438165,12,0.2583983175531373,Q2_Train,0
60,123261.80973126004,41920.92811141683,9,0.2878522797568932,Q1_Train,0
44,72041.14221647367,5078.4485572037875,13,0.07828510727263428,Q2_Train,0
49,44487.73458729667,22223.170499273656,4,0.13132971085622477,Q1_Train,0
64,30444.906980284304,29751.66685529282,13,0.21190640026625107,Q2_Train,0
57,101144.2004478779,17626.492942699617,6,0.38979820766993273,Q2_Train,0
49,131972.08268896857,6952.458912030142,0,0.17297876506495177,Q1_Train,0
37,53969.67545973445,11926.595368286042,14,0.03528905934583897,Q2_Train,0
51,41596.17053221419,6137.063561121065,5,0.32753902081193464,Q2_Train,0
65,77312.40004586,22146.15827417249,0,0.03148867007295351,Q2_Train,0
20,62628.23097290897,10141.6203309503,8,0.4008314168281039,Q2_Train,0
43,210988.85042253818,12369.921324198756,5,0.4288076184830381,Q1_Train,0
25,120538.84407319069,20413.904351842022,7,0.24019006868097992,Q2_Train,0
41,40498.256828060155,7339.885172630922,9,0.17658226760892884,Q1_Train,0
65,77298.20013120094,24823.480974646096,7,0.3151113334329249,Q2_Train,0
22,130161.93281135798,8450.592575910861,10,0.3459165171509825,Q2_Train,0
35,68636.6193719558,13468.306861893334,7,0.236213803243135,Q1_Train,0
19,21641.329761774767,38721.94642927954,12,0.12416652761602459,Q1_Train,0
62,59255.400662930915,11129.806307819359,10,0.4009616196971913,Q2_Train,0
67,100719.35916963355,13199.483842595779,13,0.18163702023919168,Q1_Train,0
64,85208.16500888849,29919.319014384524,3,0.36320719166374876,Q1_Train,0
36,27467.821022067146,7873.818636548618,1,0.7475520057331111,Q1_Train,0
56,28451.334959029602,28885.77114819442,14,0.35029094597560795,Q1_Train,0
43,64465.41691804658,18005.009412888474,1,0.20805128797442438,Q2_Train,0
63,27268.69465117417,15211.737844521322,11,0.2733211965628224,Q1_Train,0
31,73356.80157330228,6121.813311594953,10,0.40519378952658985,Q1_Train,0
62,101424.4241002057,6681.86153353806,4,0.24171759029148918,Q1_Train,0
41,61126.938487745996,15804.590732144676,1,0.3525330215394021,Q2_Train,0
18,62148.05427425666,29312.50335857548,8,0.5228404184859363,Q1_Train,0
39,57734.72800413607,29948.225321372858,12,0.20996930963234484,Q1_Train,0
40,28414.878834699113,13023.273062113632,4,0.30095908261112336,Q2_Train,0
35,379512.00297425716,18178.245926399555,1,0.4375389451655582,Q2_Train,0
45,43293.50074183714,9622.631632090332,2,0.12490340454301072,Q2_Train,0
50,154121.55158316225,16793.335933949824,12,0.6093547974329523,Q2_Train,0
36,122596.87957800365,18009.807554070743,5,0.3911964400785117,Q2_Train,0
69,41802.49693448744,33072.515664702936,12,0.571829545803928,Q2_Train,0
66,81973.8308427525,5483.897566051753,5,0.2281431948947786,Q1_Train,0
43,26357.772808942445,25784.435568247125,5,0.21349481884232352,Q1_Train,0
52,38564.215163224595,20823.924360724865,12,0.26894793754305724,Q2_Train,0
52,34746.16978193093,18301.744573580225,0,0.136047326163778,Q2_Train,0
33,20307.95454926133,23309.01230681258,7,0.31474995803323397,Q2_Train,0
55,69826.63295132668,8090.620694345445,8,0.08641037179032679,Q1_Train,0
39,163808.71564374393,13287.771519909867,10,0.32238098336032783,Q1_Train,0
45,21290.482783323125,32826.80963969173,0,0.6269092995104387,Q1_Train,0
65,32408.44941400252,51022.25245339693,0,0.2800031231890182,Q2_Train,0
52,78893.73123960635,5931.178458680161,8,0.43949824371699664,Q1_Train,0
63,22771.00880128327,53578.0205679228,12,0.21915905317818335,Q2_Train,0
25,68078.29560026835,19005.39877694407,4,0.0973208004767829,Q2_Train,0
39,91620.23155146792,6885.638722810066,9,0.5059358371536018,Q2_Train,0
58,71760.45338813582,15014.426167334368,0,0.276520614702073,Q2_Train,0
23,25072.9634233685,24727.194007498187,4,0.2569268041607044,Q2_Train,0
40,23618.46527123405,17622.03037534385,8,0.11714011378002166,Q2_Train,0
40,47860.549334238574,7584.105160723414,6,0.25276287511513335,Q1_Train,0
40,61223.86738030085,6386.2005689570315,5,0.36929041436663484,Q2_Train,0
49,20016.65116656112,5933.177053169571,10,0.15679542916074038,Q2_Train,0
30,43515.799242613764,8356.637855624986,6,0.0919525593695372,Q1_Train,0
32,48070.99445705836,10064.520658449994,4,0.22421213348108426,Q1_Train,0
38,27117.860538621404,13537.473632633042,8,0.3104763032656409,Q1_Train,0
44,72702.8061739479,15389.937102439597,3,0.38171524649118344,Q1_Train,0
62,22235.52388091463,9863.107906165576,3,0.20193796127628882,Q1_Train,0
61,49049.32375803568,10146.126991861003,2,0.29623614629583067,Q2_Train,0
41,212015.67212496445,31368.412971997812,8,0.2035763385710655,Q1_Train,0
68,171628.5149701376,13250.010157606828,9,0.4357490780240856,Q2_Train,0
64,45184.48678090926,32449.476302473766,10,0.2325138050402012,Q1_Train,0
57,67846.66215443405,13297.210654693,12,0.06914260273815886,Q1_Train,0
24,52640.761379345895,5311.827038573729,5,0.2663015970182323,Q1_Train,0
65,27372.82039069789,7158.389781943288,13,0.38016504938868084,Q1_Train,0
37,53469.5947545377,6953.688724959531,1,0.3142599445502958,Q2_Train,0
44,84159.07604143428,14090.178961225856,14,0.2231364531760791,Q2_Train,0
23,194945.5491754767,26661.01782997995,3,0.6268508315620401,Q2_Train,0
44,118958.06115626583,53789.75285998525,14,0.11849087759263116,Q1_Train,0
26,31422.942328057004,13113.624407705534,1,0.4910141695607809,Q1_Train,0
38,77517.27258396239,12492.933456842591,2,0.26434162682039064,Q1_Train,0
65,33354.02875394205,26402.965881883858,8,0.24553406155308427,Q2_Train,0
66,117755.48739467711,21685.58398671035,6,0.18389783806769544,Q1_Train,0
45,129310.52063569047,10883.513746528699,0,0.26782112801854635,Q1_Train,0
45,30647.258938560626,5943.866353287654,12,0.41210634361009024,Q2_Train,0
19,39214.77040678742,41373.19090345099,11,0.15128147236328846,Q1_Train,0
42,40275.75332351785,5409.467996622098,13,0.3646447740245146,Q2_Train,0
58,34494.41292178973,23274.4661673469,7,0.28443023569480125,Q2_Train,0
23,133534.9683108271,11856.190585783404,4,0.2009596882919041,Q2_Train,0
55,58591.3096347976,15665.762008839305,2,0.04865789441184733,Q1_Train,0
23,35377.387071254525,9652.5053632808,0,0.14619444637356147,Q2_Train,0
62,110119.0863480443,12464.14812950723,14,0.10733058644133574,Q2_Train,0
28,62519.24528896344,23846.70660549789,0,0.6296815048189329,Q2_Train,0
31,28451.506892034155,6864.872512706896,4,0.14362486306911,Q2_Train,0
20,95625.04882948291,29640.062539113227,9,0.23109194407462494,Q1_Train,0
52,160086.68596589987,24342.480765705688,9,0.182764127587795,Q2_Train,0
50,74457.65298516996,9971.157154213948,1,0.48624521462897347,Q2_Train,0
41,55275.48913545832,6888.940022449122,4,0.20583259836359719,Q2_Train,0
69,52334.41282284572,5256.11162293945,2,0.270624447708642,Q2_Train,0
41,28845.324969260695,46828.41622748603,10,0.03759611194262364,Q2_Train,0
62,25453.958924658997,12769.092171487644,7,0.31360663805227473,Q2_Train,0
52,35684.61678239136,7908.6296743233,1,0.22328197727273535,Q1_Train,0
18,62133.66406528964,41427.998868332375,1,0.25818527803956337,Q2_Train,0
53,166689.826608662,11671.370435875713,4,0.1730137505308601,Q2_Train,0
42,37774.14581031907,14333.388492690268,9,0.48404755271277455,Q2_Train,0
66,52809.880986874865,30673.62335867588,9,0.33385688209611714,Q2_Train,0
51,47154.96390318215,39341.16935419331,11,0.06344059812800723,Q1_Train,0
33,28904.381525053068,9501.780853201144,8,0.3762877557923199,Q2_Train,0
51,50533.71319089945,15319.049882303096,13,0.20655256221081558,Q2_Train,0
46,100641.54202805638,34265.76017679265,1,0.23774580390975109,Q2_Train,0
36,37219.846038147836,15022.380109000944,14,0.3289345212023526,Q1_Train,0
40,55925.57145350261,14865.964220011938,9,0.6863287347631775,Q1_Train,0
36,66191.99179242214,19455.57824119523,0,0.4851158806181969,Q1_Train,0
42,49934.633032580445,26879.061010338894,8,0.27631553040129847,Q1_Train,0
33,30640.49646323638,21432.04085208546,12,0.5209295422310743,Q1_Train,0
68,147389.56085139315,19775.235736718056,12,0.10183589176747392,Q1_Train,0
26,61672.1253098991,11970.378446871011,1,0.1243842695393147,Q2_Train,0
18,85306.62313467156,19916.772463870544,8,0.07997583790677465,Q1_Train,0
61,42441.74065036484,15576.317463223893,0,0.3074401861447373,Q2_Train,0
57,36132.32742206978,27530.631686418244,3,0.6032013199726206,Q2_Train,0
51,122312.73219549438,8702.491504182459,10,0.4078541444200104,Q2_Train,0
38,124791.09267705816,5558.873216739258,0,0.5810104237388538,Q2_Train,0
65,46220.93364333699,17027.802025394358,1,0.06846202538008433,Q1_Train,0
60,102219.08054336865,5716.957214014495,11,0.44429234442631915,Q2_Train,0
56,48131.007121373674,10247.049303588992,12,0.01072156534804043,Q2_Train,0
48,80355.7098364445,27431.838277749644,13,0.20337038174203848,Q1_Train,0
59,48209.94936764967,10498.278566545003,12,0.2950715340937245,Q1_Train,0
27,44941.487685367116,14818.488359865312,7,0.7527616556266779,Q1_Train,0
35,42895.151415681365,31811.048784089668,5,0.28298052821731273,Q1_Train,0
26,81305.18483874024,26599.68499024956,10,0.11269879567519728,Q2_Train,0
48,43273.291288973596,41435.01108853682,2,0.37177810619801777,Q1_Train,0
26,95520.597328516,12999.500055985387,5,0.6722205193713447,Q1_Train,0
62,53614.96643140869,12084.924001671909,0,0.2148917755801389,Q1_Train,0
26,128095.42653812085,35063.3969742537,5,0.3173790129152839,Q2_Train,0
21,33764.28223322032,17181.711974521528,8,0.29473081372338455,Q2_Train,0
34,61997.95905933805,55556.75768942258,3,0.17475467349816443,Q2_Train,1
52,31656.685641954722,7131.346387988218,12,0.33179662252869485,Q2_Train,0
69,73092.97933178667,38106.1190168603,0,0.6291162662060819,Q1_Train,0
22,37131.37836630488,9010.416904611264,8,0.29088958876369925,Q2_Train,0
37,40121.627123604696,10501.810247784517,5,0.34612564123002343,Q1_Train,0
32,20164.93317384782,15904.623298914548,12,0.15157399521510592,Q1_Train,0
64,38634.85420999087,15026.6490685655,13,0.24444686889073503,Q1_Train,0
27,139776.03165472735,11339.935515518859,7,0.18295250656300358,Q2_Train,0
58,41151.035692165344,37998.65575028956,6,0.12885697220044673,Q1_Train,0
20,69481.92968957528,21694.121238454827,8,0.5491945970802146,Q1_Train,0
47,198754.32453659046,30353.380032266814,11,0.3534795258572837,Q2_Train,0
28,165509.65279253054,20682.415263755327,10,0.20451026300780178,Q2_Train,0
54,223376.2473159903,9841.768647023242,5,0.1372929627660564,Q1_Train,0
59,21825.11648626483,15395.075754444653,14,0.4597813292585739,Q2_Train,0
30,74050.98079873036,8484.76356276432,4,0.14049357385446834,Q1_Train,0
53,35472.381942628126,36585.40690368244,7,0.3335638184559363,Q2_Train,0
30,26932.256366496324,28308.151618208733,10,0.10479410161383246,Q2_Train,0
69,44927.51382931922,7393.861680741227,4,0.08947704236896782,Q1_Train,0
24,30033.777965164965,35992.81618913106,9,0.32739580085648173,Q1_Train,0
19,65971.05600556172,13191.16649781887,10,0.616336555366858,Q1_Train,0
40,108372.06715956372,11416.270270980196,9,0.6493025770940364,Q2_Train,0
56,65815.09516048786,8686.572687301821,0,0.2161594325449507,Q2_Train,0
38,44570.771101714585,12275.57804748644,6,0.3148431737193591,Q2_Train,0
40,50574.49269736666,7783.343045526608,1,0.21763752196614394,Q2_Train,0
46,248018.2409583926,50544.641739735205,6,0.15449444936150758,Q1_Train,0
43,48155.04579549632,27116.508318584394,5,0.4132222699254493,Q1_Train,0
68,50559.59821759034,14327.742457607541,5,0.20494237844188828,Q1_Train,0
48,73839.73087902865,14855.38954945822,4,0.2252243822144025,Q1_Train,0
48,77946.64483632494,29173.35539573086,6,0.21784712084891267,Q2_Train,0
67,39963.303593474964,9522.436409035116,3,0.427272238760534,Q2_Train,0
37,46435.87261187403,13441.728520942026,12,0.5696098021113021,Q1_Train,0
61,119774.55461907297,6590.241063879135,0,0.0201400407685194,Q2_Train,0
62,186822.10022932274,6077.215038331598,6,0.3065027830535504,Q2_Train,0
19,29467.607498913334,5276.150567141348,8,0.2339172497202112,Q2_Train,0
42,33832.478790479945,15290.57954988577,11,0.1955287664557084,Q2_Train,0
30,51151.19081982666,18862.1638468631,10,0.17463852333490257,Q1_Train,0
56,99828.23792286245,8788.86334794847,8,0.2832391896823727,Q1_Train,0
45,85759.2756518514,17678.717413242586,6,0.17058375848861174,Q2_Train,0
20,62814.254967937646,14124.946124421076,10,0.26242875852598474,Q2_Train,0
52,37489.55923761739,7339.792676715817,1,0.31926687867845815,Q2_Train,0
28,53334.43328144925,14935.042341362187,8,0.15619498019454267,Q2_Train,0
37,65100.411376761636,14329.74805512895,12,0.2226059995704538,Q1_Train,0
22,34454.24108818729,16084.3697816958,6,0.13867944772160565,Q2_Train,0
36,28904.932903054585,15635.808200319694,8,0.35009703713404217,Q2_Train,0
39,45421.706599338984,11261.8256754808,3,0.18935247195347463,Q1_Train,0
36,24279.3228075265,22854.18639218363,8,0.21864771724258045,Q1_Train,0
64,57408.17733254746,8577.877098371284,6,0.03593592361181179,Q1_Train,0
33,111505.8374436797,33691.51006982887,7,0.34618635437251,Q2_Train,0
41,26333.50125439533,8242.446746768792,0,0.61273065501898,Q2_Train,0
21,24180.91874325934,8549.957706534273,11,0.33695127189055246,Q1_Train,0
42,24207.404637601983,14740.9092232671,0,0.3166226587409596,Q2_Train,0
61,225104.83276330915,12033.599102526827,13,0.20046311662820915,Q1_Train,0
52,42184.15714117332,14669.169519195026,12,0.3677728180966507,Q2_Train,0
31,39931.587375093135,13203.022689195042,7,0.40111182805550377,Q1_Train,0
66,24805.271161666555,33982.45590791034,14,0.1856971655769986,Q2_Train,0
36,64051.15221650039,6990.401851661794,14,0.22013941894314104,Q1_Train,0
24,38627.162481911175,11423.033211730417,7,0.14480441558347484,Q1_Train,0
36,39320.15198862071,7920.995089072846,10,0.06667562450716916,Q1_Train,0
66,47769.04909441907,10572.223655597702,2,0.4067654170876703,Q1_Train,0
42,40911.41856763601,12046.240520515625,7,0.32386834630320627,Q2_Train,0
33,76276.15591346845,20653.182858381493,4,0.5635404976584542,Q1_Train,0
64,37533.68312436291,48896.26841251863,7,0.26203608662291744,Q1_Train,0
57,41603.6667619886,18500.646488703795,2,0.23098829436648563,Q2_Train,0
25,20198.485156328647,40303.95899186656,5,0.0795770620809759,Q1_Train,0
35,53871.819614744105,14423.422895045253,11,0.04768140912280584,Q1_Train,0
69,140967.9124926831,18803.973564873704,4,0.35211289058636847,Q1_Train,0
36,39461.28917196584,6917.974830105401,11,0.3796867049780985,Q2_Train,0
59,47763.72183399888,20090.307838837434,11,0.6547115740840717,Q2_Train,0
30,114959.04187634656,20712.588307378144,7,0.36204060930608917,Q1_Train,0
24,33829.71831575387,32339.83768152591,10,0.18698065040873038,Q2_Train,0
51,137701.25983828644,16042.836115272541,6,0.234690036707614,Q1_Train,0
23,62463.080470580746,16086.279216536088,12,0.21717970569018,Q1_Train,0
41,31287.501181955635,14520.825890034586,1,0.14699433166705422,Q1_Train,0
35,78410.0705965459,27442.567778087345,12,0.1418006724662549,Q1_Train,0
40,30343.87272762038,7632.489798614168,9,0.35225900625792844,Q2_Train,1
23,60737.230447376576,28763.78453649744,9,0.2727007254325367,Q2_Train,0
46,72149.93873799051,25302.34163361736,6,0.1060637736431001,Q1_Train,0
34,49909.10992353069,12013.020018792835,4,0.03476546798999144,Q2_Train,0
63,94656.84908079266,7913.666289732715,10,0.3829581751215148,Q1_Train,0
41,29167.93401929405,26321.275983533287,6,0.47152675299450647,Q2_Train,0
68,65359.21174720073,90892.58798644911,4,0.3455426814699392,Q2_Train,0
20,37473.015020551604,8210.839396196883,9,0.07096848262343194,Q1_Train,0
28,68723.50534576719,34558.61195797642,10,0.269608043460291,Q1_Train,0
55,30421.3142270784,5256.902843969006,13,0.12323874040892899,Q2_Train,0
31,32358.859789896072,7179.256180425731,13,0.1960316437276394,Q1_Train,0
25,110764.68506396501,25404.73671693341,11,0.4758162696977589,Q1_Train,0
37,21513.20477208857,14315.058456520286,10,0.4053324496765452,Q1_Train,0
49,23860.174590986455,41608.33081679871,12,0.38305090975428735,Q1_Train,0
26,34338.644728636704,10572.942607207817,2,0.100418590458489,Q1_Train,0
62,76421.35340797027,14415.643217316698,0,0.19534543048258807,Q2_Train,0
46,117683.35226666431,14868.55671117307,0,0.1474521349477878,Q2_Train,0
25,34424.91933815877,31985.055761679152,8,0.4830512559613935,Q2_Train,0
21,42428.05136307287,17086.61381864678,5,0.35848108518863603,Q2_Train,0
52,70071.14419080623,12310.669516607592,6,0.4125605294015597,Q1_Train,0
24,77036.70032214667,83517.07784406256,11,0.11729882251247904,Q1_Train,0
44,157890.4638371198,18478.642041265633,12,0.3275661939413321,Q2_Train,0
33,30400.760498328178,11420.64164156233,2,0.3906716287886408,Q1_Train,0
55,57943.841483234086,76114.18394766725,2,0.4998474169464377,Q2_Train,0
24,33376.82364416612,9196.107278281368,7,0.1531059470782394,Q2_Train,0
61,116284.42333144275,35931.91790460266,3,0.21651933513412533,Q2_Train,0
40,83836.18133251829,41337.65655232526,0,0.16712468186070384,Q2_Train,0
58,100741.60179210322,30519.579825326327,1,0.2519368425418864,Q1_Train,0
28,163245.59856231938,6816.997395242037,8,0.35975280240905094,Q2_Train,0
59,33218.38396301197,33873.84466514801,1,0.2740515227017592,Q2_Train,0
67,37188.19825053816,22130.187877123324,8,0.2932636557536893,Q1_Train,0
53,45469.60830190288,28163.995388331416,4,0.34568688422213184,Q2_Train,0
54,69062.77474837835,15115.980664580815,3,0.023713597532617023,Q2_Train,0
58,99901.3044040798,9662.360929985909,3,0.6304550866204613,Q1_Train,0
22,32765.82513081173,14893.972472454067,5,0.434114386177242,Q1_Train,0
20,48640.08979452975,5632.3875096475285,11,0.7707533393370946,Q1_Train,1
52,91263.32078898414,15346.053604662942,7,0.20820890293077063,Q2_Train,0
69,63744.57441539395,26769.29707727348,4,0.27843743231685164,Q1_Train,0
48,31354.84830037142,10097.659210000087,4,0.006880446769383555,Q2_Train,0
34,39976.99655785535,9539.810594247338,13,0.12151275596863487,Q2_Train,0
41,63254.80589261204,5464.907914507515,13,0.22828594826577978,Q2_Train,0
40,64308.42300827873,111713.67259717341,13,0.3786273091674953,Q1_Train,0
35,26255.979824320424,30434.952561080307,1,0.2440381192493248,Q2_Train,0
67,65842.72089332488,12980.639145932648,2,0.1975656653769152,Q2_Train,0
31,46360.191437619025,11552.793892573914,2,0.1939950133188152,Q2_Train,0
32,93088.37205468421,47066.23188212288,11,0.20990341587937042,Q1_Train,0
23,80719.19916936918,9918.806173147575,2,0.36512230657670375,Q2_Train,1
44,26105.71043207243,10869.394825075338,0,0.17033538538313148,Q1_Train,0
67,111890.28271563149,62370.32541618319,0,0.42882065825232424,Q2_Train,0
53,47844.85827704781,37467.37967733048,5,0.15179352195418389,Q2_Train,0
25,50015.84686297386,12778.550204862793,9,0.3700107888895044,Q1_Train,0
32,114125.72169411548,32266.569079726094,3,0.23259393682170976,Q1_Train,0
20,68567.84080150485,9998.419841011908,6,0.23623755444427222,Q1_Train,0
58,20319.879502119566,34519.886451146565,6,0.33049676964382485,Q1_Train,0
51,82009.38492401045,6538.35355912444,13,0.33286290387932876,Q1_Train,0
41,53238.83852869479,17496.690276425892,5,0.15008370124100479,Q1_Train,0
57,169750.5395313019,19114.068274776277,6,0.30005730961880106,Q2_Train,0
49,82590.41143866771,18005.287422736117,7,0.3947891994757929,Q1_Train,0
49,25443.481089128996,8698.049615549673,2,0.2698045823057202,Q1_Train,0
47,28809.50721535955,5994.166807814026,4,0.4430798275248406,Q2_Train,0
30,34201.17797454312,26909.09099443589,10,0.16703102205411985,Q1_Train,0
61,135830.52419376664,6142.943686964558,12,0.13511069847770807,Q1_Train,0
31,22419.69571815212,6222.07624433712,8,0.05067691494565892,Q1_Train,0
51,22206.34719484324,20059.54956148475,9,0.12258508410708543,Q1_Train,0
24,108422.9585769702,30835.490767452353,4,0.27594811563312766,Q2_Train,0
46,131913.2241515809,46650.52447433382,1,0.04560034435030704,Q2_Train,0
42,26647.90104746844,5300.912315639261,8,0.04761785406836981,Q1_Train,0
55,55012.11926075803,12107.823982762897,13,0.1499868391851782,Q1_Train,0
25,66607.98302738805,27540.046256968184,7,0.16131728519478447,Q2_Train,0
19,27824.042725323576,6679.441515827084,3,0.13633783696070198,Q2_Train,0
31,184900.0405143815,28106.379628343548,0,0.6746548471546481,Q2_Train,0
42,45170.89612968073,11081.470028135594,4,0.0659418709418512,Q2_Train,0
47,40604.47018044781,12084.638359461074,14,0.19920693058486322,Q1_Train,0
46,30675.917131956834,5919.013009203394,8,0.29395077446733653,Q1_Train,0
39,220362.59090138087,12362.109725683797,4,0.470962066210605,Q2_Train,0
52,24839.791251272814,19512.829383486634,13,0.041104630652724496,Q1_Train,0
33,24495.053600159812,51383.81737899681,5,0.2885038306463422,Q2_Train,0
67,35984.88347504074,11296.371240958812,7,0.10035305401450133,Q2_Train,0
19,29606.953186206803,17610.23814469497,8,0.43713808665010917,Q1_Train,0
21,69189.5582532022,15672.196521006612,14,0.1689977016463999,Q1_Train,0
38,44479.41527637649,10165.65254319381,2,0.5380482085230043,Q2_Train,0
51,146406.9522038727,8788.698278145821,10,0.17870907286473645,Q2_Train,0
23,64707.82003712921,7036.832075688499,6,0.4138379917597874,Q2_Train,0
56,45721.522105641336,31913.374817562406,11,0.36156158111213005,Q2_Train,0
22,143109.66291041294,20443.166962644405,2,0.34834556382340204,Q1_Train,0
22,29562.104353690003,9452.049178031226,14,0.8219044315605468,Q2_Train,1
58,102568.09018322981,61225.92572397199,5,0.4131924902959126,Q2_Train,0
54,135472.70568339818,6734.268935473769,7,0.31628317504055764,Q2_Train,0
57,77622.61827928157,15412.578413950085,7,0.16047758331999626,Q1_Train,0
26,25536.849904834984,22197.08935662224,5,0.2918081524905859,Q2_Train,0
26,257197.5201979065,45402.363162986636,13,0.45510626254432607,Q1_Train,0
53,31802.24391552958,5061.316643876303,6,0.17962174123245864,Q1_Train,0
39,43781.06983957475,5326.763104180145,1,0.4852302701040424,Q1_Train,0
39,78983.31276706929,12206.282718458428,1,0.36892271640002244,Q1_Train,0
46,93384.813388078,27645.043934673984,6,0.45713038640147297,Q1_Train,0
55,27274.488650098367,19518.976990416435,7,0.10319176867488061,Q1_Train,0
50,80595.83705125152,11992.13257072451,4,0.21341796268693008,Q1_Train,0
35,27269.17635026491,8565.098398711256,1,0.3985282028590287,Q2_Train,0
24,65545.53774628355,5968.476507378762,2,0.23901636572597235,Q1_Train,0
50,65261.22153020628,11496.863655178217,14,0.4293311859544475,Q1_Train,0
21,231406.42791300887,59935.660697266954,6,0.1963212129640435,Q1_Train,0
21,30002.669168073517,6199.455545894468,9,0.4439768223038182,Q1_Train,1
44,24204.829873009694,22213.99868570625,8,0.11551613069795132,Q2_Train,0
50,196884.86771138545,16339.52274931831,11,0.25797788997492727,Q1_Train,0
45,60169.943188177895,7721.639855813704,5,0.7004503593471546,Q2_Train,0
58,27111.950933135573,63857.17838801008,4,0.4604949730648224,Q2_Train,1
53,146401.19069313354,43559.69531640047,9,0.056070361706850334,Q1_Train,0
33,38314.42679551641,6211.223547000946,13,0.07760741327148105,Q2_Train,0
40,66367.9418637272,50936.7050959924,9,0.21241339829792752,Q1_Train,0
41,151715.1799996607,21221.71061390963,12,0.07475008445069872,Q2_Train,0
66,135734.69273419894,10096.385068072212,0,0.030097307635577615,Q2_Train,0
35,35640.640555030455,38023.92770647719,12,0.23626582695713766,Q2_Train,0
66,58158.28399027241,18379.290152827925,11,0.19696600536187048,Q2_Train,0
54,89311.38157338185,16372.126284252377,0,0.3662870146847081,Q1_Train,0
56,90940.06719026271,20478.180065879464,1,0.24047768468092462,Q2_Train,0
34,85138.52464599149,8970.15094046638,4,0.5251572716178502,Q1_Train,0
32,168060.4686070336,38861.04320486596,13,0.4400381473246256,Q1_Train,0
40,40970.69898838292,5854.471602140598,2,0.2925477041681624,Q1_Train,0
68,77576.48318410266,19606.76219439115,14,0.08692931875129536,Q1_Train,0
51,30625.346792320823,16196.773552139424,14,0.3657575916255682,Q2_Train,0
21,113800.42080156345,12021.994119709272,3,0.5566759072071091,Q1_Train,0
20,22979.671268441496,14647.037394856612,10,0.6152304000874227,Q1_Train,0
35,28624.134839721824,6876.702887002964,10,0.43629864461850637,Q1_Train,0
24,57071.23845580178,21645.04987007814,7,0.2865557395583953,Q1_Train,0
57,22384.327772971243,5775.424665751167,1,0.27177651357575217,Q2_Train,0
39,88307.18870412688,5648.297490382681,13,0.31843492910649973,Q1_Train,0
66,56189.07715036886,32310.506230876716,0,0.359600595599522,Q2_Train,0
69,93959.0246073857,19255.80830467619,9,0.420114610989271,Q1_Train,0
67,70775.26589188524,22199.452814525346,2,0.07965329915374784,Q1_Train,0
60,69855.97189459275,15511.64697700953,2,0.30439652256051464,Q2_Train,0
38,32875.1585982642,16685.761184941875,8,0.4086723384107357,Q2_Train,0
31,44888.12175940594,45569.03093311391,14,0.17381120859125182,Q2_Train,0
26,23615.28292057694,7141.840904142627,1,0.1211217059269099,Q2_Train,0
29,98994.86309186785,13574.14832935278,2,0.07312345502639737,Q2_Train,0
68,30558.33665510449,6462.255978564848,5,0.2397008070554549,Q1_Train,0
37,167535.448886964,13102.453345902002,12,0.0747932754561461,Q2_Train,0
41,77577.70363793074,21913.80258410878,7,0.32542736630162655,Q2_Train,0
44,177362.77628839645,6936.945268375009,1,0.18419246041784434,Q1_Train,0
55,119699.60294648103,19617.74567443967,2,0.14115845118369405,Q2_Train,0
25,40811.13262982908,27738.28337800221,0,0.33169694380619247,Q2_Train,0
66,21358.992297775505,52867.407580878724,1,0.42447717987718414,Q2_Train,0
41,28121.042488531526,56349.36104951539,3,0.08113251422821706,Q2_Train,0
64,33291.63451137858,7645.019580967484,1,0.5291284735878156,Q1_Train,0
36,55654.993299031914,33123.76777159388,14,0.719338688621923,Q1_Train,0
39,38006.87200994429,37968.40915763348,2,0.47491871627116783,Q1_Train,0
46,90469.57835024627,5735.66472318893,12,0.06133505319095179,Q1_Train,0
37,66619.9330106905,28144.735921442054,9,0.2653022383191808,Q1_Train,0
68,23137.20989359732,30631.031829716965,13,0.5009716479618566,Q1_Train,0
58,36297.16720145691,6707.840197573723,12,0.3813151482649404,Q1_Train,0
59,398344.7679775749,14826.661735919051,4,0.27591443863286313,Q1_Train,0
51,25242.235830296908,12283.077283094837,10,0.4096424467583819,Q1_Train,0
48,114634.40919681874,15971.207162255176,12,0.18492186644309383,Q2_Train,0
47,37880.33124844906,18692.943933454488,3,0.2420806762973471,Q1_Train,0
65,35103.15859284821,5014.46224770781,11,0.24886764754637472,Q1_Train,0
35,130725.52942430475,7045.951562590424,12,0.11982463014567815,Q2_Train,0
34,38179.939137235415,15919.812290088692,13,0.36689490833965316,Q2_Train,0
55,72704.89280019408,8913.96839824427,13,0.3698889670334549,Q2_Train,0
42,282568.22834112344,27702.34346597897,5,0.582753872284923,Q1_Train,0
32,101276.34994931614,16703.275980335777,8,0.4338914261816469,Q1_Train,0
63,73503.01376325543,8162.23931798872,7,0.12930140103347523,Q1_Train,0
39,132910.9769395049,5241.6110378473895,1,0.20163765661832964,Q1_Train,0
20,138087.3768988024,11638.058857357435,0,0.29780232102709064,Q2_Train,0
52,81860.29602513261,11978.562494851722,9,0.06532857840101783,Q2_Train,0
18,39133.56323603472,20113.987366129164,10,0.03612487025666554,Q1_Train,0
69,26154.024576823824,13224.804805446529,7,0.19951489269728212,Q2_Train,0
38,169729.25347974806,6022.417412575372,7,0.17446046767210024,Q1_Train,0
46,40681.475734689244,14621.547880667433,5,0.2797263000111837,Q2_Train,0
23,82451.236349316,11557.554208983269,4,0.2822218303514863,Q1_Train,0
54,62352.04551180092,16984.09637150226,4,0.0818936160137832,Q2_Train,0
18,25687.077657459784,7009.779493812194,5,0.2939664395014933,Q2_Train,0
18,74091.23118221588,28249.887468282148,1,0.013441486723818586,Q1_Train,0
38,23633.13928489938,7890.594881146251,3,0.03404396998222318,Q1_Train,0
61,78938.15349486866,51789.51929226138,0,0.49615896642666935,Q1_Train,0
43,31379.76328645894,6976.974583083365,1,0.46711410680461235,Q2_Train,0
33,32337.90952600998,12593.04731208428,2,0.40698024307390923,Q1_Train,0
45,75331.17657361044,42041.79267210341,2,0.5500690053196811,Q1_Train,0
18,36840.86236981064,20094.159587027774,9,0.139311472981387,Q2_Train,0
53,65764.01990418317,7387.612579875067,0,0.6677252250741458,Q2_Train,0
40,51970.83995389403,13043.34538962847,7,0.1289131543966662,Q1_Train,0
61,20792.24400149223,8686.707658581265,13,0.30025974382748843,Q2_Train,0
61,43054.859376918655,25470.67733866614,9,0.36690050822034964,Q1_Train,0
32,61547.776507661954,23300.65851442203,11,0.1698763336211283,Q2_Train,0
51,164179.72312400286,8379.894165046782,10,0.10954427862854912,Q1_Train,0
63,167683.54252110067,11477.073247141909,6,0.24958780986433785,Q1_Train,0
21,67679.6027508288,16330.845727168702,7,0.09870011029887638,Q1_Train,0
31,22163.78401774681,9947.18638348291,12,0.42685378323828516,Q1_Train,0
33,26261.330777342395,13293.085063297534,14,0.43471219219347795,Q1_Train,0
49,119879.69060095845,43537.601298088644,4,0.44015130393696283,Q1_Train,0
36,21129.094652208776,11980.68358438895,6,0.14475454058216164,Q2_Train,0
19,96193.2319726179,13945.150340220414,11,0.15465768134896574,Q1_Train,0
27,70515.9403073162,9169.56989055107,1,0.549825368744534,Q1_Train,0
67,54196.40938161517,6061.291286678215,3,0.5773053634394597,Q2_Train,0
34,66144.93667937751,22758.959104917176,5,0.627295419432101,Q2_Train,0
29,127905.83199077711,36817.038919388,13,0.40997711124976716,Q2_Train,0
23,92912.65153551643,46066.96503716684,9,0.7560608623686581,Q1_Train,0
39,62827.774604975275,42147.5368253642,13,0.19459771320863511,Q2_Train,0
37,37846.750379995945,12158.493985723171,11,0.6145488154986437,Q2_Train,0
64,85735.58430251315,13717.653769124749,3,0.1705960472813294,Q2_Train,0
23,212209.6529574608,13227.666027357713,1,0.5007982783345734,Q1_Train,0
36,26204.854437727896,5168.805499482813,13,0.2893965096178226,Q2_Train,0
23,23214.535175583307,21688.19165250657,11,0.23795572748049273,Q1_Train,0
40,54556.87551024304,6479.399080913831,14,0.47232660460918985,Q2_Train,0
40,46341.072822516784,8609.249168247436,10,0.07959431841815608,Q1_Train,0
32,44889.38299715321,9028.52292005461,2,0.2513581457189558,Q2_Train,0
44,57569.76758854737,38139.04954570593,3,0.1478405588252226,Q1_Train,0
43,67852.9247279425,10703.636044255112,2,0.29057652645639426,Q2_Train,0
32,170926.54212296658,10314.875054222135,5,0.38335995083887786,Q1_Train,0
53,108936.71348125533,24192.83286495954,8,0.055354675901664395,Q1_Train,0
44,40286.981618459526,6000.980203408791,1,0.3190334333674072,Q1_Train,0
22,53454.431154762824,11285.023747910074,2,0.10472589993701419,Q1_Train,0
55,65637.88146477673,5609.092139915648,4,0.2613394381495103,Q1_Train,0
33,124980.3102606683,13875.312353602709,11,0.2316660666380269,Q1_Train,0
31,377984.98253242933,42579.892763656106,10,0.29355886242381807,Q2_Train,0
46,114761.59443017382,48150.260856777095,11,0.0968624087028811,Q2_Train,0
43,73488.27143446649,63179.470151432884,11,0.22121490279252373,Q1_Train,0
52,113259.59941496966,14847.058827437288,8,0.61576185114635,Q1_Train,0
20,70368.42520858085,27222.484785487835,8,0.29606036612214676,Q2_Train,0
40,32200.616892793005,23515.62824760325,9,0.4955013750920613,Q2_Train,0
51,131686.19592871948,37870.469376500274,14,0.2827335397413008,Q2_Train,0
50,71033.27331176608,41383.175100369284,8,0.7103012648378537,Q1_Train,0
40,201110.6824002268,6506.012079265107,7,0.2969068901012911,Q1_Train,0
20,20785.223382304972,10194.518317689233,4,0.4195104868866382,Q2_Train,0
49,215106.09698829643,7140.453608938944,9,0.27495136572615564,Q1_Train,0
48,42985.20051233239,19169.998979454213,0,0.26508876272849313,Q1_Train,0
35,79440.77395619912,22257.893137599138,12,0.2648677718510192,Q1_Train,0
24,141341.94604233396,7890.620305539209,8,0.13261909030959268,Q2_Train,0
58,128167.6324535377,10475.874230052506,11,0.10200133433716395,Q2_Train,0
49,57279.29194813787,15496.94164958976,13,0.09792925664653454,Q2_Train,0
27,51171.170719852875,38164.84053818302,9,0.2952981567926623,Q1_Train,0
51,91139.58092448967,5296.567226637923,1,0.1182369215677976,Q1_Train,0
47,48083.24966695478,8232.060837372159,6,0.13385835173008184,Q2_Train,0
53,210113.80466360142,10126.445972137659,9,0.3066621316791472,Q1_Train,0
68,32716.889355528125,22046.88184591839,8,0.4685138771647318,Q1_Train,0
64,137980.30833363748,12958.950501518222,12,0.15051024928194193,Q2_Train,0
59,59319.519807381694,40348.79029142085,6,0.18308381350396183,Q2_Train,0
68,48669.271855694606,16260.215331594934,3,0.38666504248696343,Q2_Train,0
49,118008.97550764274,9779.918694867216,14,0.4262881659964426,Q2_Train,0
44,57911.38410742284,28692.860525379445,9,0.23187538023437765,Q2_Train,0
45,27763.71876976348,15807.798142509459,2,0.2564069350205014,Q2_Train,0
34,107157.12664406897,13082.39493129413,9,0.5606274063891323,Q2_Train,0
19,21312.132672459808,13043.016464168513,11,0.05012990259153535,Q1_Train,0
53,52817.36706192098,15867.982411416397,2,0.22314082443260627,Q1_Train,0
67,32757.293329681197,8973.342006973879,11,0.2921004946234234,Q2_Train,0
30,117045.40510936498,72772.20328293704,0,0.42692660405467675,Q1_Train,0
32,93397.6348201821,57395.65498605381,4,0.3522855764294248,Q2_Train,0
42,33850.48853046301,13192.313648461442,3,0.4882506043721247,Q2_Train,0
40,229830.2707585903,15862.18661529286,10,0.2615551793171556,Q2_Train,0
28,135766.27795952876,12040.722644782938,2,0.44123588103083206,Q2_Train,0
27,70549.96579407064,9318.25625644003,5,0.09981593783289522,Q1_Train,0
42,58467.77373523905,78655.45371785754,11,0.18720414979047667,Q2_Train,0
54,89144.71214014081,25716.712329686707,11,0.7086201273247139,Q1_Train,0
41,38517.61402643307,22187.397817043056,10,0.2033589894075211,Q1_Train,0
63,46714.05522281165,22738.418800441377,2,0.11901086035865936,Q2_Train,0
50,95317.98234660525,17305.098010450092,13,0.15823406823820252,Q1_Train,0
34,36586.74161740572,51135.89566744646,12,0.2400117826522355,Q2_Train,0
54,63687.58079802168,6763.406632809418,3,0.5282405810291093,Q2_Train,0
19,67727.52693001706,6257.66296439992,9,0.6693349069853838,Q2_Train,1
41,20123.577738136988,13377.235362843381,7,0.5412771744504392,Q1_Train,0
34,134073.93635652636,35277.777323411385,7,0.3079196500883544,Q1_Train,0
65,30266.083601760685,10298.904837376529,0,0.4646155674759389,Q1_Train,0
47,106839.99811175784,13329.96026781469,10,0.0716429006378861,Q2_Train,0
57,29934.340211034563,10603.786785657121,0,0.17473412946669917,Q1_Train,0
28,44429.49633105453,6350.200865386023,13,0.131223107416889,Q2_Train,0
38,33592.12776037253,43664.4687429246,2,0.7096125654985744,Q2_Train,0
41,38363.57815915697,13988.095273367127,9,0.30645469504406186,Q2_Train,0
62,125396.97772411031,9761.644119908575,8,0.23541631402277574,Q1_Train,0
34,68910.96564207016,23232.90889388074,10,0.2690110980462204,Q2_Train,0
62,46172.45014402775,28171.257877940967,3,0.31142619235219693,Q1_Train,0
35,28498.78003620251,18268.680583439316,2,0.2232238664077332,Q1_Train,0
34,37281.58265816407,31986.55672211098,5,0.09222627796508026,Q1_Train,0
26,57815.54004883497,14210.337472534982,8,0.17895919284332368,Q1_Train,0
48,38182.186393033495,22825.9488043215,5,0.19611272898775256,Q2_Train,0
21,32519.19526820417,12470.91886223308,7,0.3490930315620161,Q2_Train,0
35,79946.0807757178,7188.25086444829,6,0.3630196809443096,Q1_Train,0
37,116003.30292332527,9759.378115856707,11,0.15701889810237238,Q1_Train,0
64,70021.5073915828,5669.824802850201,0,0.5130926230487258,Q1_Train,0
61,118893.5945214286,8439.671360066464,11,0.2728737905874592,Q1_Train,0
26,55711.104848615636,17349.218324602287,13,0.4255200101119607,Q1_Train,0
44,80300.78174726717,6346.688929567661,3,0.22106804732676996,Q2_Train,0
32,65049.1588937802,32710.06628159278,2,0.47701066741369075,Q1_Train,0
54,69445.46457217191,21196.422334417337,12,0.09024088332066325,Q1_Train,0
69,39999.97163786685,37328.22357305091,14,0.528722851432008,Q1_Train,0
43,57996.07048309674,13310.31975556097,12,0.08249572434643773,Q1_Train,0
43,92671.23317125172,8756.174288987091,12,0.552751034503966,Q1_Train,0
45,29107.201259712765,41291.463759422586,7,0.3328933047767435,Q1_Train,0
66,48814.021673549956,24835.150327440824,14,0.7030150946059314,Q1_Train,0
35,27657.104776902805,32831.9935568105,0,0.3404384237144398,Q2_Train,0
49,116833.89462045074,29584.36517899245,14,0.3251670312766551,Q1_Train,0
20,25780.066588878377,5220.679935748261,6,0.1828439739722438,Q1_Train,0
50,66697.2834800928,13258.553353920135,9,0.35631545289309347,Q1_Train,0
59,52006.54989630428,6783.267720782982,3,0.09911532175231984,Q1_Train,0
36,36302.75775198243,24916.689713023454,14,0.5678475534080087,Q2_Train,0
34,45872.0813995651,6091.583786378304,0,0.1850646629471566,Q1_Train,0
61,102095.8084757074,13074.028323956838,13,0.5500074214488575,Q1_Train,0
50,91679.95272206444,12470.842783043729,13,0.22853297112288565,Q2_Train,0
29,87125.18897183133,16760.713133432204,1,0.4029678915353726,Q1_Train,0
66,89279.44737134373,19888.56634139909,14,0.08527995169581079,Q2_Train,0
60,25217.8537615432,9745.026134886975,9,0.11993278348674935,Q2_Train,0
52,77178.12463382809,5015.112631305001,3,0.056860312794497325,Q2_Train,0
69,42854.11009952845,13937.904889174646,6,0.5535425586329076,Q1_Train,0
53,32685.459845456673,17145.658266710576,8,0.4345897849119158,Q1_Train,0
63,142112.26892424622,12572.940074400743,5,0.38164450656086946,Q2_Train,0
63,48723.478434534714,5625.721637143605,6,0.21796519319495436,Q2_Train,0
53,38063.737501016185,20888.73628062763,9,0.1853738468357833,Q1_Train,0
33,35786.3722182934,19963.814672364126,12,0.7763393688792826,Q2_Train,0
41,21199.536646888788,27999.935466804603,11,0.40199286205250573,Q1_Train,0
66,242135.68980532777,19630.65528479878,5,0.24619449527326798,Q2_Train,0
46,49634.52340324927,72959.07139911687,14,0.3199085976282336,Q2_Train,0
56,144343.7747627116,33187.63415209032,4,0.2687416147836439,Q2_Train,0
23,40096.94850517154,20638.284778112367,11,0.5094566087149716,Q1_Train,0
33,54964.518896127236,6446.823685357918,12,0.38098889698849536,Q2_Train,0
33,27322.048137382008,29685.288115404262,1,0.17962860367328945,Q2_Train,0
24,42062.38029703164,9054.715242158582,2,0.3065644814627832,Q2_Train,0
58,129899.04108688986,5943.908614387667,11,0.6316214615432764,Q2_Train,0
31,89844.65354677555,14587.688229380701,4,0.21417438505464764,Q1_Train,0
60,36257.50394291386,10667.293631254091,14,0.5928069452435889,Q1_Train,0
31,46904.686703899526,22162.039210914096,12,0.2481786067273783,Q2_Train,0
24,54962.701107321736,17885.98375787055,12,0.2900387865319142,Q1_Train,0
50,79894.30348945157,12192.764289241837,5,0.438286606291932,Q2_Train,0
43,51485.230000798954,5359.268814419287,12,0.2242483097644744,Q2_Train,0
62,30595.95099057356,40322.15096995741,9,0.3657732463725419,Q1_Train,0
37,56758.2796621147,10938.404835259113,2,0.294912741429785,Q2_Train,0
20,42012.00785128077,15613.273663654601,6,0.17718888080541798,Q1_Train,0
69,37176.248430607026,17210.669430792575,4,0.09219901999598702,Q2_Train,0
21,39882.92503875645,10671.826549283149,9,0.4164317691795657,Q1_Train,0
19,86223.68355900637,9182.883557808767,3,0.07755408439353835,Q2_Train,0
31,75113.23831775982,5463.008893246967,11,0.12512554647774327,Q2_Train,0
61,51862.94300841842,52520.816471927086,5,0.5380396116624463,Q1_Train,0
66,40817.51017739366,6715.464073277363,6,0.2607569468691311,Q1_Train,0
29,103883.7070782849,18445.7929948597,1,0.4063658346466161,Q2_Train,0
43,44565.114969455775,8964.319806083096,6,0.15309097400258798,Q1_Train,0
61,61484.913544879826,10580.789755674221,7,0.3959292128437031,Q2_Train,0
30,143762.31815608946,37547.32489796087,7,0.27349978953595866,Q2_Train,0
31,148308.2880781495,23050.789301624165,11,0.369114761610927,Q1_Train,0
51,84396.5241041132,40312.44966074654,6,0.4801213950882672,Q2_Train,0
61,23910.971046802384,17016.670235313086,14,0.21668630359414356,Q2_Train,0
38,29840.519795689688,16811.80035712594,12,0.2154468893280287,Q2_Train,0
45,27873.95035696921,6651.810730242605,6,0.05539706578760169,Q1_Train,0
65,20206.416361050608,31531.365878767956,0,0.6551365011858253,Q2_Train,0
53,161389.96764681762,7109.6774976456845,1,0.33411340713801274,Q2_Train,0
19,24032.070361056925,12165.524857296663,10,0.32317024126310034,Q1_Train,1
59,65736.5487048282,29698.216158663265,12,0.07589867661419929,Q1_Train,0
30,26070.302733609264,18089.85902114078,5,0.6120547581181403,Q1_Train,0
34,45646.01872617775,17911.509952430402,13,0.40575614390469505,Q1_Train,0
65,30585.49573524986,68917.62324735147,2,0.14393581063868977,Q1_Train,0
19,50066.52527559585,6113.568088380394,4,0.46565088785382563,Q1_Train,0
37,161079.94670004316,36147.10406143701,1,0.2107533857477543,Q1_Train,0
37,96073.65245652098,10536.189948240179,10,0.5559618569755007,Q1_Train,0
29,158581.88192312332,41125.262602418516,2,0.09553041315229684,Q1_Train,0
19,40279.73298863202,21279.176062815073,12,0.5802006945497932,Q2_Train,0
31,41151.43019483355,16188.049363759084,0,0.15393305054594553,Q1_Train,0
36,35883.35931417036,7786.526901856278,0,0.15297256714682986,Q1_Train,0
51,20342.42038348742,26645.191572772448,8,0.4557653134068711,Q1_Train,0
61,40665.63961189109,10555.912057934927,1,0.25734565800549186,Q1_Train,0
23,61776.572214195185,21095.968180100794,8,0.44040138808917384,Q2_Train,0
30,77572.98756401302,20703.71223134597,2,0.1908497090213359,Q2_Train,0
53,23188.772309867163,5280.783604054666,5,0.2719927486048909,Q1_Train,0
39,51720.51770949426,7477.967266242016,0,0.26613219704442154,Q2_Train,0
35,35487.00953533327,34090.25814336633,13,0.025059845147621426,Q1_Train,0
29,167796.32268093203,47161.7806385378,14,0.25955540311832953,Q1_Train,0
47,25274.89840630311,18631.21485995681,1,0.2930269741141452,Q2_Train,0
68,22118.841944245047,26099.329004261406,4,0.21658696621985765,Q1_Train,0
24,29854.22405729247,10962.81891366868,11,0.31356105180696087,Q1_Train,0
49,72462.48968395239,26928.31300668965,0,0.2686009578801583,Q1_Train,0
36,38738.94199764565,37487.58341735824,14,0.14839014066861117,Q1_Train,0
23,63112.79522280159,13721.47170163837,6,0.39458172719432544,Q1_Train,0
44,45415.41384215372,20088.233422100064,3,0.11784196913351387,Q2_Train,0
60,23431.37609058868,9811.051087314398,6,0.3577307243489187,Q2_Train,0
54,33015.33833872019,18646.710452519288,9,0.4241022405697402,Q2_Train,0
65,127307.1982361038,22715.516032194544,12,0.13263381078158074,Q2_Train,0
24,107000.1899702702,6882.282572516277,0,0.10554655783004353,Q1_Train,0
28,32676.83414234916,10994.187086800579,5,0.3492773287300023,Q1_Train,0
54,172560.28216245488,22538.110192191816,14,0.15305055694393743,Q2_Train,0
26,96533.05770217755,26968.049647919797,1,0.27276625302601876,Q2_Train,0
32,30998.20087130347,25951.959411538002,9,0.4943575061295637,Q1_Train,0
20,60873.11024048128,30515.24874795144,10,0.2990889328755624,Q2_Train,0
46,26000.990223396577,10517.016687843905,0,0.7306113813092,Q1_Train,1
23,42426.57590403305,56220.24295195996,7,0.25358069954983253,Q2_Train,0
34,73884.83294291318,5361.596209261876,6,0.4760563478804435,Q2_Train,0
43,40033.40818788884,14843.555177055798,1,0.2995459015373456,Q1_Train,0
25,34037.27362994396,25199.20918047187,4,0.15382840006800852,Q2_Train,0
38,83864.24604057052,29538.52144799849,3,0.26859516371719894,Q1_Train,0
28,42282.30087086765,30922.690617832643,11,0.1880701660793911,Q2_Train,0
55,98147.10723125214,10283.928770187978,3,0.03806294331793602,Q1_Train,0
59,42469.12170454254,21948.559460567605,10,0.2635636959659533,Q2_Train,0
41,51174.755338699506,44504.79594754868,0,0.08048291649471766,Q2_Train,0
52,47568.97338054543,9399.572068085294,13,0.1771499870670131,Q2_Train,0
31,48378.13318925969,41219.46851668376,12,0.2114025369291378,Q2_Train,0
31,49421.643683558446,18427.532902501764,9,0.36563405201940374,Q1_Train,0
29,30731.3152669435,13694.386765588319,11,0.03601888796642739,Q1_Train,0
55,93194.16735846676,29664.883691261268,2,0.41035621738261613,Q2_Train,0
61,60124.53434652474,57846.86182171058,7,0.5367788157964365,Q1_Train,0
58,116047.22511143236,34757.241653104524,14,0.17832565492532806,Q1_Train,0
27,51427.77966212225,7916.025285395835,2,0.27058060953665625,Q2_Train,0
34,120050.51204381099,12990.022762614022,8,0.5962829888703624,Q2_Train,0
18,62317.22002589686,15133.548302055548,9,0.4595604102901023,Q2_Train,0
56,44045.49947907074,22086.87108028124,11,0.15400823743572972,Q1_Train,0
59,68158.02048581687,36779.06928461986,14,0.35838579553806926,Q2_Train,0
30,55218.46081915284,14847.61394888653,10,0.14215673038107707,Q2_Train,0
59,31468.20663357299,19598.063069060925,2,0.4786999244928972,Q1_Train,0
38,94464.70460647748,5923.058206463849,13,0.34197518050755904,Q1_Train,0
21,32026.44821639741,48765.42556568896,5,0.5044349248634804,Q1_Train,0
35,35166.79878150598,16006.661763139464,11,0.060123413861336995,Q1_Train,0
22,33665.49394978148,12435.821749800747,1,0.3850085125897995,Q1_Train,1
36,127954.43946106991,28042.522505180477,8,0.03187924850579471,Q1_Train,0
51,34597.87937155614,9282.78109057785,3,0.12366761979032714,Q2_Train,0
23,145659.98803944525,5376.168288937174,3,0.304758708316646,Q2_Train,0
25,119876.96780136242,14062.272425948679,4,0.15144310101928438,Q1_Train,0
28,50582.71278116055,7833.652705653538,0,0.25092250452968995,Q1_Train,0
29,39387.21032117569,5391.521540021109,3,0.3147182022785701,Q2_Train,0
19,73512.04308823825,10391.912911545016,11,0.15607461662503602,Q2_Train,0
25,37513.975849412454,14411.78027267116,9,0.4480659641505335,Q2_Train,0
28,51106.10072261128,6432.323051884477,1,0.26115680357153626,Q2_Train,0
27,136887.52874684194,13268.811867954637,10,0.6467466067375509,Q2_Train,0
37,85942.2279781741,35088.12476083173,10,0.1643418632258211,Q1_Train,0
65,22004.541908011346,8142.346128473162,13,0.34261606977658166,Q2_Train,0
25,66392.93260518872,17181.06314779719,3,0.32012683317763185,Q1_Train,0
53,78396.92355875742,24709.482933258518,2,0.5531434319884205,Q2_Train,0
59,112849.78783339784,12523.85064453919,5,0.1510410545161095,Q2_Train,0
29,151752.77553474443,67877.33134949667,10,0.23568219969561363,Q1_Train,0
31,33586.266549842825,26390.01315364076,4,0.37321034525584496,Q1_Train,0
67,74757.80082956096,16456.174845482492,1,0.25518508993933786,Q1_Train,0
38,63457.9327631706,19743.76567511107,11,0.6051385309751051,Q1_Train,0
39,112615.6087949384,15362.464625198485,13,0.2532989955751364,Q2_Train,0
61,98236.65593207905,11679.073109159923,8,0.2335742963110764,Q1_Train,0
67,38881.853804443876,7776.550752054332,1,0.3090550087658696,Q2_Train,0
56,49987.76067262264,6437.96461950639,6,0.27310081242726253,Q1_Train,0
37,26218.416329819345,18782.7497681843,2,0.11074521137530584,Q2_Train,0
41,44024.509905164356,53134.79009796374,12,0.30684921340197213,Q1_Train,0
40,33295.59056901392,12048.41333798254,7,0.25288132868790253,Q2_Train,0
26,25842.8208538318,51691.73935158136,9,0.23494460170832354,Q1_Train,0
43,126599.03428446247,20964.251462839646,2,0.3499379855404336,Q2_Train,0
55,150953.30816424545,19200.80168771659,2,0.11309865166582538,Q2_Train,0
39,23565.98515430593,24366.149506776102,10,0.548830287887431,Q1_Train,0
27,96458.06767985957,6878.177863568833,2,0.17970086138962582,Q2_Train,0
23,27037.318999760544,10677.464793417188,3,0.15004695851809505,Q1_Train,0
41,170784.03267531583,29848.11203703444,9,0.6324429535839238,Q1_Train,0
68,25542.25672906968,10855.578396576762,9,0.4285151121528627,Q2_Train,0
27,22072.740696473527,75256.95211905915,4,0.25898826425924526,Q1_Train,0
25,201680.4835673577,27822.766040424234,12,0.44323713740619014,Q2_Train,0
38,24179.525094571516,29784.400545703957,7,0.3101118159671243,Q1_Train,0
23,44403.96641333893,9536.30300126886,7,0.40200319265748796,Q2_Train,0
38,72486.9095797078,7350.400581850705,8,0.44974496130230174,Q2_Train,0
41,34690.19316936111,11102.294762314434,12,0.23163534453571538,Q1_Train,0
35,56832.67942179295,7872.6406940484785,12,0.28799006945984895,Q2_Train,0
45,51848.931404825256,16244.692703156035,9,0.3687437920690995,Q1_Train,0
49,123533.75100874531,12296.031951723438,6,0.11764408301766985,Q2_Train,0
29,89179.3358216694,8358.544710850765,11,0.1927760314453465,Q2_Train,0
65,117637.407871564,38902.48481197873,12,0.3380205705648152,Q2_Train,0
59,28825.46162487345,7242.125217138125,10,0.3649957667127589,Q1_Train,0
44,78949.69601629999,10431.868794206473,11,0.2308582323607259,Q1_Train,0
59,293400.68155823054,29813.911526515865,14,0.3213326724613201,Q1_Train,0
59,111647.51980109989,10448.266281226344,2,0.14964986028951888,Q2_Train,0
40,57966.252940743696,17934.737756044982,7,0.22829445463833614,Q2_Train,0
69,26815.15167274522,22653.321221102527,5,0.057736804297049804,Q2_Train,0
57,37544.916269960886,12219.706002813418,12,0.2530821302229665,Q2_Train,0
40,41916.272397702596,38622.95614897541,9,0.3395172048838453,Q1_Train,0
48,29838.556971873517,37313.020722992005,11,0.27647151986503093,Q2_Train,0
24,25608.33994798491,20476.226619651283,9,0.1756795625214929,Q1_Train,0
19,81469.88155155943,35029.89155591558,1,0.20763282372769543,Q1_Train,0
67,20174.893451012784,37067.979054276075,4,0.2009069681686795,Q1_Train,0
35,85064.29061625141,10343.009986539259,2,0.1901258822258842,Q1_Train,0
41,46031.350484631184,9242.780833204866,10,0.2799004865129332,Q1_Train,0
69,84365.32035379091,6622.628913770596,10,0.3031718765955337,Q1_Train,0
66,41785.0756422578,35405.40829903111,3,0.25676215391115087,Q2_Train,0
28,244117.2563013388,9628.105156984093,11,0.40406545488470447,Q2_Train,0
19,82701.74696036318,47611.70700527416,1,0.15761280108420794,Q1_Train,0
43,42894.02158523393,49145.23065931589,9,0.4175927790304058,Q2_Train,0
30,137962.57737367938,6441.8922550655825,5,0.5411244013888165,Q1_Train,0
42,37311.481797219065,8520.527657309618,11,0.09682032496042259,Q1_Train,0
21,64403.609156264596,9368.080986052926,3,0.25485159619708025,Q1_Train,0
36,61225.3692021628,5974.820985808121,14,0.017288433206754387,Q1_Train,0
35,22887.360573113583,17158.30888015855,1,0.42618620445582706,Q1_Train,0
54,66683.12273348357,10554.095238504422,6,0.4801967247749697,Q1_Train,0
47,57768.56245500708,6113.541378523519,2,0.44464526091581114,Q2_Train,0
36,56778.312292095696,25988.21816000493,1,0.23119515228720447,Q1_Train,0
40,77626.67064803536,20895.04692167086,11,0.3820146901187509,Q2_Train,0
33,22273.755509289353,28656.7438320899,5,0.3234531278599617,Q1_Train,0
18,50784.44876543526,47010.86257217682,13,0.5818354841649908,Q1_Train,0
29,49352.82624959114,18219.83633044818,3,0.1704294344454961,Q2_Train,0
51,215329.31820241807,8331.836874211456,14,0.3726775953876991,Q2_Train,0
65,45707.90329095915,16687.564785975253,14,0.1349696349029459,Q2_Train,0
22,55843.98145603093,24005.67606461913,8,0.060665956023614756,Q1_Train,0
30,92108.37215537026,5725.970073350253,7,0.07915477218198709,Q2_Train,0
46,53015.56257320289,17744.87537825008,6,0.3684615557917781,Q2_Train,0
20,87753.51870140221,15635.16908892721,12,0.2759240240665822,Q1_Train,0
43,30693.797385856553,5687.470424557836,5,0.686486908871815,Q1_Train,0
29,29124.829021029393,51889.503081226176,14,0.33703888910367263,Q1_Train,0
35,46248.04654227121,17247.563913652248,2,0.5025753309413533,Q2_Train,0
30,33260.65517140381,5863.299943237363,9,0.616718069862444,Q2_Train,0
54,120932.03608425072,13265.775427796461,13,0.4006755836364116,Q2_Train,0
39,28813.99113038575,26272.30690720452,2,0.2651392630054607,Q2_Train,0
19,148362.23671762942,18574.44750558006,5,0.4976454550162036,Q1_Train,0
54,76103.77725987307,47355.02500990898,0,0.34183139542330654,Q2_Train,0
43,28260.477402100056,13558.154810198774,11,0.12794401766341823,Q1_Train,0
29,28667.636770206307,14683.836448105512,12,0.5409967620246073,Q2_Train,0
40,42083.27607161396,5443.746115965813,12,0.09116011892883574,Q2_Train,0
49,139745.03259865282,10610.90638236548,3,0.15688739561241852,Q1_Train,0
22,34849.49693292197,7167.949196641173,13,0.8222760798556804,Q1_Train,0
27,105186.16054537815,11411.421153079702,6,0.4256240941329458,Q2_Train,0
30,36132.22736061577,21931.195420937383,5,0.06557153360134234,Q2_Train,0
58,31479.09797808792,31568.547354087033,7,0.3025295384347565,Q1_Train,0
67,155431.57331937196,21831.529790155433,1,0.45433922740236493,Q2_Train,0
59,43838.39595444672,18365.94459993986,0,0.377225661407257,Q1_Train,0
57,41128.39303919608,11474.674643389157,2,0.2950686966936233,Q1_Train,0
45,82354.70470338341,50976.46735878026,7,0.5643019183572456,Q2_Train,0
53,37041.812796422266,6541.386265507201,11,0.31515504642794134,Q2_Train,0
38,35339.07028929319,10911.75948250699,1,0.544420059705632,Q2_Train,0
18,60562.37056516443,14248.161684947849,12,0.1455180089206113,Q1_Train,0
21,124375.4653234097,37143.57790029071,6,0.27734126594269437,Q2_Train,0
28,108875.4928833764,12705.893949780486,10,0.37472708254764947,Q1_Train,0
61,22984.615824241522,84349.64461714646,7,0.2763848581193737,Q2_Train,0
43,125579.69105620988,5282.770532113409,8,0.10694869695227376,Q1_Train,0
46,92494.61327970309,16517.623612858402,2,0.5268859915716656,Q1_Train,0
62,40023.56516746341,13419.323007059294,11,0.09151330739297886,Q2_Train,0
62,85452.89157399077,15865.77184121769,3,0.3956891958235391,Q1_Train,0
44,46978.56506148692,52403.26701218504,9,0.16052825991169956,Q2_Train,0
56,103851.94056422841,17175.11909149014,11,0.36666966308348803,Q2_Train,0
57,92773.49007662914,10504.131618436044,1,0.0971592904567909,Q1_Train,0
40,50784.01928816056,14723.989974883647,3,0.288569448437334,Q1_Train,0
48,30547.566898511737,6416.42137083118,10,0.4712544250868485,Q1_Train,0
61,30215.360901324348,11716.413555763258,4,0.0828432270183778,Q1_Train,0
43,204868.69746829628,6613.5408442710595,6,0.29857877052889953,Q2_Train,0
65,56979.25256999377,29987.936104048433,14,0.34431034511132086,Q2_Train,0
50,75944.25457270547,9558.473755175935,5,0.4546825573200849,Q1_Train,0
26,104465.77635253633,18881.62206645387,13,0.372552717615431,Q1_Train,0
29,72047.30216004376,16673.50746361499,0,0.410624118514292,Q1_Train,0
22,29388.318421160693,12651.663206712412,7,0.013290315431083615,Q1_Train,0
45,65342.764619060355,17467.79340684934,4,0.12018321218826797,Q2_Train,0
52,23352.576364431046,28884.455615541676,4,0.5531588416225824,Q2_Train,0
30,62542.5301267881,64451.068000086394,7,0.11343011835048548,Q1_Train,0
62,176643.03451160793,11640.524765977234,3,0.2788657017256199,Q2_Train,0
65,74022.32127187,7431.473281471957,14,0.4297789599009654,Q1_Train,0
31,63625.16879327608,10442.235848954118,2,0.34339976475434225,Q2_Train,0
28,114049.04341645222,6513.3846502704,8,0.3480509418498056,Q1_Train,0
59,69993.55152849137,7943.939148065655,7,0.10954335727591301,Q2_Train,0
50,86092.84525778744,10268.625379140516,7,0.17874699371204547,Q1_Train,0
24,87043.56592488296,47443.10772645198,5,0.2523288047153921,Q2_Train,0
58,237173.96244218707,49755.06104527705,4,0.3571629506644973,Q1_Train,0
55,28413.631563684172,39071.79374191674,11,0.3294542915221416,Q1_Train,0
22,98567.66319007053,12919.446166310241,9,0.40883688677316604,Q2_Train,0
46,24425.214433103338,31095.622062749146,2,0.12784995748737454,Q1_Train,0
36,65856.88682019743,26318.47505814648,12,0.2789511557686444,Q2_Train,0
68,27287.81094642144,7134.137627290293,14,0.08776584751124022,Q2_Train,0
27,48593.61832847683,6710.585555304341,8,0.4606720269881224,Q2_Train,0
48,21730.428811347705,31146.14016304823,0,0.1369733640927686,Q1_Train,0
33,63101.4434406989,8129.916919172199,5,0.1422391388683156,Q2_Train,0
57,37656.75618446015,8080.8712316782,11,0.10306877737879167,Q2_Train,0
53,59018.98401359111,5694.296041457179,3,0.46860356397679714,Q1_Train,0
53,56212.94198981304,5887.992075522147,14,0.03981696905073339,Q1_Train,0
60,69822.19938148776,8161.445092086957,8,0.31835168237689826,Q1_Train,0
52,20231.61839509151,20032.080579436813,9,0.3434181878690291,Q1_Train,0
58,49626.04051377969,21533.79599770196,8,0.6479252672836413,Q1_Train,0
31,57782.32548274489,64902.02612162866,11,0.33508528088646855,Q1_Train,0
58,93476.86895691411,31901.391372187325,6,0.23496993604138253,Q1_Train,0
62,60536.84410899104,52333.66683130367,7,0.1991118798012012,Q1_Train,0
67,35748.85815992572,19606.18942213479,12,0.1161452510480595,Q1_Train,0
45,20642.799765725755,5830.279202893733,8,0.2669033070599087,Q2_Train,0
59,84719.90264289136,9896.616672523274,14,0.32562709362621733,Q1_Train,0
33,44001.501150674674,44499.144586199705,9,0.14269842079458728,Q2_Train,0
29,56964.250551600584,16548.21498149285,8,0.24424423456502886,Q1_Train,0
69,37230.94903157234,17987.72680634058,2,0.39529497186053436,Q2_Train,0
22,39375.28070101577,19147.320189535323,14,0.4038032773306863,Q1_Train,1
51,20764.11989235458,11056.840823324499,9,0.3433382344151332,Q2_Train,0
18,82031.56467780253,51265.729002929416,14,0.24550700601552614,Q2_Train,0
56,73117.61507350371,26121.050472787385,7,0.15308763226946087,Q2_Train,0
49,125166.50292154001,15732.42941462963,12,0.20512266619747618,Q1_Train,0
43,135767.0961010892,12091.034437831699,12,0.21835089256448498,Q1_Train,0
65,77731.12272227883,5513.673760162755,3,0.49973730122231536,Q1_Train,0
41,113651.64082583904,9329.35785249638,13,0.42953802321563556,Q1_Train,0
52,104753.44598212994,13841.197985509645,10,0.3024973866170824,Q1_Train,0
63,21022.82158858595,9043.09880676948,5,0.37189067595324365,Q2_Train,0
59,59134.47516553635,8076.9237992906,5,0.20413376521030763,Q1_Train,0
43,30007.252000737586,38594.91717178712,13,0.46195862729046017,Q2_Train,0
66,41743.01637679117,6042.501494265501,9,0.22209168589930298,Q2_Train,0
55,40102.572951088296,8529.263348156768,2,0.2610596036874877,Q2_Train,0
40,41998.206382281765,27287.53134304913,1,0.19791540192383986,Q1_Train,0
39,22139.42709825808,30378.830627216135,11,0.22294749392818142,Q1_Train,0
21,36357.033435915735,15402.011540037618,8,0.22593497704076201,Q2_Train,0
40,43961.34646083118,22733.269838535256,14,0.3973412496378903,Q1_Train,0
19,26429.94740635268,42212.579263792875,3,0.22406327556007286,Q2_Train,0
66,252074.89456958073,5732.092113774785,10,0.1437303627907115,Q2_Train,0
57,58926.57304791336,11754.082386194743,2,0.12391891487679568,Q1_Train,0
64,72384.75162718307,30297.02490895569,14,0.10311443496131042,Q1_Train,0
57,45902.315985796246,10164.706444636147,3,0.3317573686499318,Q1_Train,0
68,30065.85001724684,6969.705989143627,11,0.25287526582676845,Q2_Train,0
60,57507.605360473965,6694.179526971928,9,0.11449854746682536,Q1_Train,0
51,20427.895550229077,18158.118939638793,5,0.316723470356821,Q2_Train,0
41,26507.22901360419,5748.392954284263,10,0.13821646773553264,Q1_Train,0
66,64238.59797796655,46867.54675438129,9,0.461037455402977,Q2_Train,0
43,37649.36825028437,10981.358965779138,0,0.21239054911646854,Q1_Train,0
30,31661.81543437535,12663.706025740925,14,0.14030036978548052,Q1_Train,0
32,59437.9649184655,13448.77572759492,0,0.04579769014628908,Q1_Train,0
47,94234.30668786821,48761.73504075038,14,0.0951464946166212,Q1_Train,0
61,25467.794027234195,46237.330548679594,1,0.27373995212636165,Q1_Train,0
53,35361.420507393064,14130.982011684862,1,0.2860955805201735,Q1_Train,0
20,29352.854048285015,29766.49393533642,12,0.3785669386784981,Q1_Train,0
39,64489.265354311465,22135.131834267228,4,0.20680526359438844,Q1_Train,0
66,29620.48229334008,37000.66250882541,0,0.05434495855637437,Q2_Train,0
67,25824.216815700704,37605.72165353519,13,0.2651776596990527,Q2_Train,0
29,75921.17352446713,12452.561982801762,14,0.25596936991519736,Q2_Train,0
21,43447.45849718062,25275.660342961583,13,0.621249872115376,Q1_Train,0
37,54117.0513497074,9718.570547898253,0,0.10336150056654712,Q1_Train,0
32,53164.48784381108,14706.904217159628,2,0.61606966403802,Q2_Train,0
33,25241.90948284844,33517.43083732262,7,0.16237359241151264,Q2_Train,0
38,20080.202736334788,7420.976716596322,0,0.11561660645745654,Q2_Train,0
54,88483.71101577953,25158.608342460633,2,0.5184991958605224,Q1_Train,0
30,24412.727282671538,13388.676861947311,14,0.058040465386314175,Q1_Train,1
36,87537.85098263188,9857.373152325246,14,0.4178874641671922,Q1_Train,0
62,36545.08817977457,7175.672081345485,1,0.3144649589190688,Q2_Train,0
35,20779.076941847346,31296.215284611982,6,0.15125659334638197,Q2_Train,0
53,104810.38397222635,5111.230404328622,12,0.2069742376188471,Q2_Train,0
37,51303.67122126589,13601.464360677448,11,0.27746808823498087,Q1_Train,0
69,145293.55978545168,11572.937237164493,13,0.4476099735726298,Q2_Train,0
36,97830.04962146272,24046.455345223454,3,0.48543712419039314,Q1_Train,0
61,113333.46949961223,5590.958149277141,3,0.22073458985436512,Q1_Train,0
24,26205.925395371618,6847.1643983424165,4,0.11133782476741273,Q1_Train,0
61,21839.29504938853,40249.240158856686,14,0.6809513594973946,Q2_Train,0
59,39653.153269481845,19346.463252335703,4,0.13089520061905044,Q1_Train,0
58,58162.5018882718,5402.023651812206,6,0.13140239269867746,Q1_Train,0
30,72947.98758442522,20778.140361207967,11,0.10970139109027684,Q1_Train,0
56,31339.120418765826,48438.750121988174,3,0.3484147356308097,Q2_Train,0
22,141908.3023192005,11662.489030771241,6,0.3046511228784097,Q2_Train,0
27,69063.04215574665,21658.13973339313,14,0.13274146716092838,Q2_Train,0
55,137272.3521257146,8157.769161270464,1,0.13632155445969482,Q2_Train,0
44,138900.50923624833,7355.1692862817345,1,0.3717559796173303,Q1_Train,0
25,91763.45389333609,18356.468089638227,3,0.11287645467080275,Q2_Train,0
18,177188.354474363,14119.51040009786,14,0.5703244551408929,Q1_Train,0
45,74907.6714749703,9584.732249192028,0,0.12199329075663899,Q2_Train,0
66,46493.37190929438,40664.67483135562,10,0.2814181947638106,Q2_Train,0
56,77517.35872825974,8607.082967720975,3,0.45220042503946983,Q1_Train,0
47,48201.23119192032,9830.486297436772,3,0.14293412231996871,Q1_Train,0
26,151651.6225702772,8421.641814468023,3,0.1615337740765022,Q2_Train,0
34,40449.975448532365,18743.513369190467,12,0.5610777725730638,Q2_Train,0
22,91469.0677440613,17553.652168566507,7,0.3759899376897961,Q2_Train,0
69,71920.18929849926,7513.235783565098,5,0.21839732848544294,Q2_Train,0
57,76592.72068332127,6866.059845012563,1,0.22532017417157474,Q1_Train,0
60,52143.61520977199,20938.627398089215,6,0.2965610952116825,Q2_Train,0
36,128910.26258120297,51007.02951731752,11,0.40405594661159466,Q2_Train,0
67,97644.13999206733,14259.568855457035,11,0.18288361114606685,Q2_Train,0
50,76305.83748242892,25382.896014818973,5,0.1744615566291493,Q1_Train,0
30,32614.843269031953,8603.359950486876,12,0.37026962335964214,Q1_Train,0
50,47892.44624843603,14631.20434464065,3,0.0013388153079475099,Q2_Train,0
46,26683.953920518037,13453.610214520622,6,0.6083951274185911,Q2_Train,0
60,142306.2038368617,20534.46281643164,5,0.33092439695798864,Q1_Train,0
53,42703.687313003946,30723.059727344847,14,0.04930890460191458,Q1_Train,0
61,37809.85971146232,45001.04028880856,3,0.4809039380751057,Q2_Train,0
27,78491.27102713297,18332.27606644114,13,0.38089662198281365,Q1_Train,0
48,47601.5618457653,10362.868881139882,8,0.39076295231716124,Q1_Train,0
23,33025.177008288905,27523.705179789424,7,0.3004165051325658,Q2_Train,0
18,48119.171601779126,7803.797111883041,5,0.12616457876450707,Q2_Train,0
44,23553.678689870343,15969.949757602632,0,0.10534539802877767,Q1_Train,0
33,20747.146703026992,51587.361191709526,13,0.5141577203744679,Q2_Train,0
63,130655.64950557143,35993.50753383281,7,0.3739742475403427,Q1_Train,0
40,43486.87911814007,72243.7222204751,2,0.2814931064341177,Q1_Train,0
37,20754.653853949334,10708.754931587235,12,0.3011039061425173,Q2_Train,0
55,23656.65014716259,14234.635383644609,4,0.266780060891648,Q1_Train,0
42,29427.64844228373,20497.867835675206,5,0.4745213652586158,Q2_Train,0
38,22296.601132159733,37668.737221546005,8,0.18516197620152908,Q2_Train,0
35,78917.86208347601,7719.444831158409,6,0.1496963546574157,Q1_Train,0
23,129224.07146881132,15352.837783743635,10,0.3546599133816242,Q2_Train,0
46,59828.609744290574,65068.75155616319,5,0.7193363555007858,Q1_Train,0
62,37347.970415057454,10192.374730909229,12,0.1419578727267293,Q1_Train,0
20,97800.64954307785,38246.633388818365,11,0.34623725516324383,Q2_Train,0
59,128310.63579806904,5116.832571274443,8,0.49906672963906296,Q2_Train,0
58,74807.60640522349,39942.871968442676,10,0.02917849786240611,Q1_Train,0
57,29977.41678977344,14588.30137853787,12,0.48046539762098883,Q2_Train,0
20,50612.84642360016,13117.694033484586,13,0.19467315853672154,Q1_Train,0
37,58254.329363890836,8396.308262409697,3,0.1976433959017424,Q2_Train,0
61,48744.09143171781,5232.451876392409,0,0.559538747513242,Q2_Train,0
51,44299.64063669405,6447.950310851391,5,0.5296262605959956,Q1_Train,0
65,51143.95954500322,37163.141736086545,5,0.44284672243849554,Q2_Train,0
68,40198.85279150481,34262.70359594283,3,0.5321891766003473,Q2_Train,0
30,45003.71634291718,12037.520985008134,12,0.45677048768876655,Q2_Train,0
66,51154.46276018203,9547.976581924515,1,0.3779943652998671,Q1_Train,0
40,37954.19169747431,7786.235238521177,12,0.2849423370399402,Q2_Train,0
26,74968.96790941726,19013.743447424735,2,0.07634275314072418,Q1_Train,0
36,74590.78412196081,10722.028843352262,1,0.2778482541613933,Q1_Train,0
36,55350.54863172015,11410.526418580564,6,0.14199573833143542,Q1_Train,0
24,107381.90260489174,9297.529521145269,8,0.44418847778754855,Q1_Train,0
59,110375.29618108146,13131.344514546836,8,0.31566027214431247,Q1_Train,0
37,28589.615491276854,10778.467156056411,8,0.3545643621160987,Q2_Train,0
36,56426.30322908509,14150.804321428017,13,0.2901382970485406,Q1_Train,0
22,64930.302769808164,8072.092722632156,13,0.19802681654760496,Q2_Train,0
56,56263.078748902786,11081.428858887768,14,0.01877905663443902,Q1_Train,0
35,274180.68012229935,23242.60577538999,8,0.291057416236234,Q1_Train,0
24,53712.37706224974,6985.313780390879,8,0.23492976705383534,Q2_Train,0
34,110370.38925515719,17675.565973051278,0,0.21944791626916357,Q1_Train,0
53,23704.197964721112,5027.574934258023,4,0.15663367912888368,Q1_Train,0
57,24551.340529200243,32263.21600430847,1,0.06280693329117143,Q2_Train,0
55,73578.12789087361,54675.10798557174,1,0.2706686073592133,Q1_Train,0
47,25405.451486311234,20833.218266309683,6,0.13984868549415663,Q2_Train,0
29,36570.767589251,18683.682248732006,13,0.12410441927789628,Q2_Train,0
46,45131.17057933617,21576.48953298064,10,0.45408574650435957,Q2_Train,0
21,197320.00649549335,6202.451437602103,12,0.38920758519960996,Q2_Train,0
41,50344.77383601457,14587.037060611543,3,0.3593481463012461,Q1_Train,0
31,95456.39842942674,8965.171304329193,2,0.5095379414135378,Q1_Train,0
59,124738.50848758775,6879.6583138365495,11,0.09866656434158123,Q2_Train,0
29,199365.53752980713,11903.721979239346,0,0.2531367786898674,Q1_Train,0
35,75757.49624247971,8888.984436299985,10,0.1633569730182064,Q1_Train,0
34,47203.00967209591,33287.12803213228,10,0.3286139455551429,Q2_Train,0
47,27621.169328438475,5843.381650294546,8,0.06063210073614834,Q1_Train,0
41,84228.63005739741,14449.495295177376,5,0.23959313946439648,Q2_Train,0
28,61403.892374569514,14674.259673035953,5,0.2823803925562036,Q2_Train,0
52,82088.40797996713,17663.821337466365,3,0.1666833150605475,Q1_Train,0
34,23427.867052611073,35742.54226102967,0,0.046699699499560626,Q2_Train,0
49,20435.852079407345,9438.241320810157,9,0.11717286350021183,Q1_Train,0
32,40080.498973779555,71560.42557903827,11,0.011914518029361283,Q2_Train,0
45,85028.47778361921,25314.930171777538,9,0.2771288936683977,Q1_Train,0
52,33657.255511417796,9038.210778687422,6,0.18252385217043401,Q2_Train,0
36,56966.87825098191,8868.932304321319,6,0.2654375554632177,Q2_Train,0
62,56839.69713106396,56360.3287597821,7,0.22692798903478448,Q1_Train,0
29,43081.76690839704,20460.31241647598,10,0.5777768942295762,Q1_Train,0
38,41181.52899897854,8061.806215265546,7,0.20702849480531277,Q1_Train,0
66,64821.04662553413,18971.705196096635,3,0.4459058907002436,Q1_Train,0
64,103520.57377867335,21863.5069803364,3,0.23222344559249097,Q2_Train,0
49,31897.095046386217,12864.633717165882,12,0.4976128008017594,Q1_Train,0
56,135961.226631033,15797.264954798686,3,0.21683894382650717,Q2_Train,0
39,23652.46177339745,30833.968349928913,5,0.1887131105382778,Q1_Train,0
65,28934.38193173575,14309.98575858725,12,0.3520279928182892,Q2_Train,0
45,34765.651754065606,41359.67688510672,1,0.2529245897069319,Q2_Train,0
61,38164.2524640207,9902.632122944728,8,0.6183949198599674,Q2_Train,0
51,83039.93871912808,39107.4709015984,8,0.08669073766391983,Q2_Train,0
24,200512.16310581105,28119.532227123465,1,0.06679747089561283,Q2_Train,0
55,132149.19208189214,15717.399326301562,14,0.2189858651236988,Q2_Train,0
26,134041.36093013303,5196.764796002979,4,0.11308528431291298,Q2_Train,0
26,25665.198245549145,7987.882521866775,14,0.3167770186947193,Q2_Train,0
63,42115.22477086662,15325.985932615602,9,0.3219837517816858,Q1_Train,0
25,110210.2025752783,25949.234357876958,11,0.17644583888015528,Q1_Train,0
68,26879.30451928966,30940.44112190222,1,0.17381303914280213,Q1_Train,0
45,95100.44201898815,22839.014987515206,13,0.15568097803748682,Q2_Train,0
21,74138.3847430353,68662.4294051264,4,0.24390751563255267,Q1_Train,0
56,26000.491909451324,5100.348087974918,14,0.4285204416272403,Q2_Train,0
37,263113.1342259565,13025.367014963464,5,0.5455992170361399,Q2_Train,0
42,52752.53936029021,9592.09868444445,0,0.4328157398481829,Q2_Train,0
29,124443.04774204467,10076.755372796333,13,0.11846605952165343,Q1_Train,0
19,20048.27138594846,16773.854797102027,5,0.22638872629374265,Q2_Train,0
31,42248.719493943296,15314.345222467464,14,0.2715154469582882,Q2_Train,0
48,27836.39450452926,5651.725433540802,2,0.4557263355396648,Q2_Train,0
65,122334.98698135848,52311.14426672716,11,0.14880869101400448,Q2_Train,0
37,21009.57409070436,20460.550481622187,7,0.09063142179213918,Q1_Train,0
55,22866.903780436398,31166.309506697038,1,0.09981602610749472,Q2_Train,0
21,145260.56646237033,14821.547985606916,7,0.34604271585144747,Q1_Train,0
41,68501.38521310357,10233.530891841408,3,0.20303886015885403,Q1_Train,0
29,203220.62645393336,33688.28120938889,7,0.17020313018476882,Q2_Train,0
67,205081.65618558557,67616.76121179928,2,0.6467305940498126,Q2_Train,0
55,20608.54263772292,11576.160596539903,12,0.33062852003936405,Q1_Train,0
29,80922.86458991407,18571.49441504141,10,0.23790608638625213,Q2_Train,0
35,191402.26680979243,14855.074355315355,5,0.3337860607657889,Q1_Train,0
19,36244.108238344816,5785.982979401553,13,0.41135112859349127,Q1_Train,0
32,69367.07396337132,15916.5839498445,1,0.6211406857453915,Q2_Train,0
47,20606.158219618494,16817.052572266948,3,0.13719714597651525,Q1_Train,0
61,128235.56370115936,5207.197105556651,11,0.4147503739543427,Q2_Train,0
34,27518.629809676404,6581.50894101326,11,0.039679387064665554,Q1_Train,0
21,74471.04976547718,27535.53742303001,10,0.11821034615900693,Q1_Train,0
24,94704.77057735904,13562.59855235978,11,0.43009554433923103,Q1_Train,0
58,69838.12871064003,98662.97049949874,10,0.20697699994789034,Q1_Train,0
48,25107.94163227528,22845.01793020971,10,0.37355061376813803,Q2_Train,1
68,204803.53497180692,49816.80215497351,6,0.31222940442492864,Q2_Train,0
56,33512.93160143594,9914.069735425306,5,0.4035583982207233,Q1_Train,0
51,69424.89845553564,7906.566976927594,10,0.3730043418962164,Q1_Train,0
67,160037.8966834657,9613.548878992844,5,0.2529681255620686,Q2_Train,0
55,66318.38285556107,19254.13915428888,8,0.18261043765426205,Q1_Train,0
62,34991.38660749472,25464.59105077556,1,0.030362078615407465,Q2_Train,0
68,110589.64548450895,12714.91405173538,0,0.4052089095028498,Q1_Train,0
32,139379.30194498075,8689.03954814527,8,0.24007866711412573,Q2_Train,0
23,23609.263668359567,8756.8042398849,11,0.055631620460073236,Q2_Train,0
54,27833.51906600232,20817.933874292088,8,0.09250605588873156,Q2_Train,0
67,21594.4550935344,34717.27024328696,11,0.54368850038091,Q2_Train,0
49,26194.56030158493,12311.879678397418,4,0.5554690572475509,Q2_Train,0
20,94606.62254122924,66611.32166816601,6,0.4773639043321712,Q1_Train,0
20,90459.91420527456,22068.020666899807,2,0.5334179514584529,Q1_Train,0
39,66357.23808006321,11623.22232019418,9,0.6998775192956441,Q2_Train,0
39,31743.621442961055,8584.124030183193,1,0.3591975974237369,Q2_Train,0
27,87155.4347463879,35208.3278020873,5,0.24738650952156876,Q1_Train,0
68,46216.25559560185,10743.045965691192,5,0.23661374679678931,Q2_Train,0
29,133963.30205621046,9899.64351568728,0,0.37169877115149513,Q1_Train,0
46,50611.32203776168,7966.731521359963,9,0.030002554376627785,Q1_Train,0
24,50018.364401163824,15410.169930588894,9,0.3679811858850663,Q2_Train,0
19,63903.36050912097,11093.203941658569,14,0.5708492923324171,Q2_Train,0
21,33768.677297158116,6914.235356299993,1,0.0874931304587611,Q2_Train,0
27,86765.24747876369,7620.083193298312,4,0.0269990551429449,Q1_Train,0
56,84847.74000629681,28939.148012659636,14,0.3700326332559827,Q2_Train,0
41,32011.735169553758,6546.956024517958,10,0.07060517509488717,Q2_Train,0
34,20671.3897756828,29001.68925360052,9,0.2036980003374589,Q1_Train,0
69,362548.45689830347,8585.842645289484,12,0.4823471532628146,Q1_Train,0
23,63564.40238668047,22016.916519736664,3,0.10677353131246073,Q2_Train,0
36,29985.515983732206,19636.482978998614,14,0.17673695519901944,Q1_Train,0
26,21899.666464521684,23422.032594564036,0,0.2190534865908229,Q1_Train,0
44,100093.29127275539,32070.28801638741,2,0.09087672507717527,Q1_Train,0
30,82911.98970971313,5604.509600570431,11,0.18823016463610173,Q1_Train,0
38,23013.58864801973,6663.266627324277,6,0.2340235479397708,Q2_Train,0
41,53302.96081903717,12143.357807428634,1,0.1264659226159338,Q1_Train,0
55,36161.06131162199,5191.393462162964,4,0.22276614744954834,Q2_Train,0
21,45356.55761303686,10976.831755005645,14,0.07365570207444558,Q2_Train,0
41,36008.152121277715,7783.288851685182,3,0.37444697430942475,Q2_Train,0
21,187469.33701197,28645.44600781479,13,0.3997872515723041,Q2_Train,0
57,40471.14479492164,23809.314046779687,3,0.14330412297470146,Q1_Train,0
52,52724.10221925461,5422.363345173992,8,0.2109639241554109,Q1_Train,0
48,112736.73306377039,57370.87219122023,2,0.16473051164489436,Q1_Train,0
31,28619.81757284505,12894.471858232577,10,0.06892666838432082,Q1_Train,0
44,55515.08687113857,18370.051954586255,0,0.06270754931441175,Q1_Train,0
23,49886.240602728205,25583.981342157756,9,0.4748584651455796,Q2_Train,0
57,54428.50869032199,6061.979116381166,0,0.1070895003817553,Q1_Train,0
66,40208.63919519975,24862.37725109014,4,0.33793440800277763,Q2_Train,0
52,69808.15517344265,6565.7050005756455,7,0.10946787490005663,Q1_Train,0
34,22234.165957252648,26675.85675877868,9,0.4352763926931401,Q1_Train,0
58,21777.98121998497,8176.714408972461,4,0.3607670945442678,Q2_Train,0
30,103390.30326253404,42495.387362472226,8,0.3295728546807328,Q2_Train,0
69,75599.17391611793,14567.60769580787,10,0.24771249729794245,Q2_Train,0
45,32856.44484123881,14033.071133479165,4,0.22815473998860727,Q2_Train,0
60,47500.75725753722,7098.439689499777,14,0.15672287379680083,Q2_Train,0
43,64180.9753108458,12434.695495617438,0,0.17408522155940992,Q1_Train,0
64,44104.962316399804,11749.298530008173,13,0.5015185312055149,Q2_Train,0
20,44179.601046465716,9714.165806099063,7,0.27710186922363467,Q1_Train,0
29,53830.348904380095,8745.223313765662,1,0.03330631457178513,Q1_Train,0
41,39577.68085544398,6311.989512495378,13,0.5998100581661934,Q1_Train,0
22,119824.31860283486,14030.307933479598,3,0.1122423980359194,Q2_Train,0
56,28281.23391620792,9482.917262179713,2,0.06736805903947386,Q2_Train,0
58,46566.25722950865,10479.138583686163,5,0.08371831921875726,Q1_Train,0
27,55191.1259230863,7098.588774619914,1,0.3920164785527269,Q2_Train,0
50,128413.08063904497,6678.160765446206,9,0.153696658491602,Q2_Train,0
62,56573.35367827716,7730.865627873147,1,0.24790245446436596,Q2_Train,0
52,111724.1765697997,15745.784824639499,4,0.5029495902889272,Q1_Train,0
20,34679.96424984609,27990.207751633763,3,0.41328535026607677,Q2_Train,0
22,138947.00251091627,24912.411268878408,0,0.3027984677412642,Q2_Train,0
43,70636.75780196956,9330.497500573769,12,0.05945231837242975,Q1_Train,0
27,119030.1911523777,17218.490035837487,9,0.6953752278839634,Q1_Train,0
51,201986.7541720521,6367.560367546298,8,0.2365764035235978,Q2_Train,0
25,66470.98757916903,33569.098168125915,3,0.2344296769054361,Q2_Train,0
48,147423.7886157466,11311.12200708509,0,0.24729941206606254,Q1_Train,0
28,28847.700310842793,52671.35668989558,7,0.4842037489850953,Q2_Train,0
62,27483.970952686926,10383.792615355638,0,0.2950033509342537,Q1_Train,0
24,61472.79725605777,38147.797171267805,1,0.2608950753302392,Q1_Train,0
19,74530.25090985585,17376.494166087272,4,0.3482776314629709,Q2_Train,0
23,33770.62516159477,20461.736710506433,12,0.20276621894731575,Q1_Train,0
49,46338.93075369345,5567.263341158168,0,0.27507564079579067,Q1_Train,0
37,51363.25559111148,13347.816267409826,14,0.3769017748634484,Q2_Train,0
67,22121.12576249011,16942.118027914312,13,0.5431132408412679,Q1_Train,0
42,91257.23502909222,6953.2981901562825,0,0.24289023878928498,Q1_Train,0
29,123653.00555980843,21439.563814823057,4,0.3118582673366613,Q1_Train,0
24,25132.005085364,5310.61581897609,9,0.27954457682973716,Q2_Train,0
56,57187.87362405067,7026.703482639897,10,0.1446643802909537,Q1_Train,0
23,41698.998981803066,7981.267146902786,13,0.025318975610675434,Q1_Train,0
40,42733.76002329812,20420.227240082295,10,0.1519097161372086,Q1_Train,0
23,50485.1154938441,35524.04770893129,2,0.23377919122492058,Q2_Train,0
19,50180.69111630318,34401.16971635,10,0.20682020053466893,Q1_Train,0
46,27790.64097766751,19909.821422294757,12,0.5049516944187387,Q2_Train,0
25,29070.401367494786,14255.603394582464,3,0.11296002115094894,Q2_Train,0
54,73826.72843572545,5552.509614653605,3,0.39466870804822496,Q2_Train,0
66,38708.40967340764,43258.38841947608,14,0.46607214579057094,Q2_Train,0
39,92725.03909475396,10133.331146918474,3,0.15788097272275098,Q1_Train,0
64,105696.70445528506,11337.294549706381,3,0.15985924474618202,Q2_Train,0
22,51371.16681290444,7871.935647718585,4,0.5012654774711961,Q1_Train,0
55,29488.74758816595,11962.434279716997,7,0.4503443378709017,Q2_Train,0
54,106580.6092117273,20835.28103707137,11,0.2581297893601394,Q1_Train,0
47,100059.63998563717,10440.919177531447,13,0.16042346025142964,Q1_Train,0
48,51121.32539285688,21572.045488864336,2,0.2971444243521763,Q1_Train,0
27,119942.04579541471,22126.937358162893,1,0.4749991882623031,Q1_Train,0
59,39900.474371441334,7549.593738481839,14,0.13483961975192799,Q2_Train,0
65,32724.90615762274,37837.63875428715,10,0.09121776720714758,Q2_Train,0
35,29881.487986655964,12228.399926796883,7,0.42318536690757735,Q1_Train,0
50,40623.76864061991,27958.090962694572,3,0.231747651776141,Q1_Train,0
33,62921.35313918744,15671.142699622269,2,0.1590372796639652,Q2_Train,0
52,56179.069968967,43154.73432284822,12,0.25337170475033555,Q2_Train,0
51,28511.292845947428,6682.125688067688,7,0.35923156217142826,Q1_Train,0
45,255530.0912830435,16142.033435842108,8,0.078191522691148,Q1_Train,0
19,29473.546392014403,19146.506197230632,7,0.21261046152130395,Q1_Train,0
30,98357.93877632073,7278.323537117845,7,0.2653526991777281,Q2_Train,0
58,27842.265007300317,19261.687591757756,12,0.15927257767212658,Q2_Train,0
33,155275.30566439749,14714.458227735922,4,0.4708605589598706,Q1_Train,0
22,53447.97990820536,9458.201970479673,4,0.050378192818498646,Q1_Train,0
45,69561.88952839281,47764.13701764304,0,0.17466072594957846,Q2_Train,0
62,55155.34325766534,27512.64006201603,10,0.4162941470316715,Q1_Train,0
37,27658.843613656423,39417.17740493456,1,0.316668499826445,Q2_Train,0
41,89666.62511986375,24367.166325589875,5,0.3528043055680419,Q1_Train,0
44,63588.08107515452,15600.766516887112,5,0.3058838431814619,Q2_Train,0
62,80252.33047135122,23267.705465638584,9,0.3785262565197836,Q2_Train,0
44,80661.31780173007,18850.17593204358,3,0.13694886600107492,Q1_Train,0
43,59757.49434272808,16742.02449345073,8,0.3686051653889438,Q2_Train,0
64,22613.32563405458,56964.067133469514,1,0.14307516074744794,Q1_Train,0
22,138461.42840984612,7911.6499134812675,12,0.17402280496176756,Q1_Train,0
51,100436.6833107059,7897.472815838853,14,0.22326286958119723,Q2_Train,0
49,20511.27700681179,6202.301742994174,5,0.3034484395275033,Q2_Train,0
43,67185.48422105279,19161.9915814178,1,0.30149215732814105,Q1_Train,0
65,97842.21543043453,60905.16784061822,6,0.24613749018712183,Q1_Train,0
46,127161.31890255932,28538.65654443527,4,0.012204384117149365,Q1_Train,0
21,40563.17140878382,21424.92741756362,3,0.4626493281988842,Q2_Train,0
69,64080.473260724306,29581.84167578494,11,0.3359103249386479,Q2_Train,0
28,56727.56229517194,57668.69752427185,8,0.45148504585844346,Q1_Train,0
55,89180.40136387893,5186.484572410043,0,0.2923548130800761,Q2_Train,0
28,82726.57780285439,6122.346669950989,3,0.26607516732422104,Q2_Train,0
44,36473.593220766474,9012.452037559273,2,0.2291865520208639,Q2_Train,0
38,36950.18580992714,13010.283383466307,12,0.48312072294841646,Q2_Train,0
56,26897.122008080154,63100.691116527065,6,0.39158775379512956,Q2_Train,0
48,89874.16481443183,48667.46334324519,10,0.24743903045603088,Q1_Train,0
63,28160.10485214556,28721.248980374152,3,0.14905577156183622,Q2_Train,0
19,25563.593094842414,20174.001810454498,4,0.5384928035016571,Q2_Train,0
53,22250.31366393615,45143.315089473064,11,0.5623692669480939,Q1_Train,0
28,74625.63990941364,9506.800583004007,13,0.5630345358080125,Q1_Train,0
18,141928.309266356,19558.317653800204,13,0.5474999877726638,Q2_Train,0
52,53358.68804566752,32340.39456845632,3,0.2576340738612963,Q1_Train,0
52,101620.4369169135,15227.477772684068,3,0.27830962533495995,Q2_Train,0
45,99392.45489286221,16985.232756780846,6,0.5507899498726837,Q1_Train,0
42,54613.27947925345,12027.525164160228,0,0.4625625401088024,Q2_Train,0
55,41044.13843242389,15697.104768834703,4,0.5647660363340451,Q2_Train,0
37,196146.37529172475,29600.38979128591,10,0.09486519384308492,Q1_Train,0
68,50958.73537682727,19392.40491383213,10,0.08986661521276097,Q2_Train,0
35,104597.29167315812,12748.305570358272,11,0.381730937562895,Q2_Train,0
26,176368.17020946566,6133.814295676849,7,0.295627708164297,Q2_Train,0
53,36617.547505255265,6593.5640310043655,6,0.37336524583094294,Q2_Train,0
38,38334.940016755616,14225.796476249223,7,0.04553649070183583,Q1_Train,0
66,32377.111382390394,18960.143206170353,5,0.10390901561780198,Q1_Train,0
64,98595.56212631878,47329.57080003408,8,0.055630313806291694,Q2_Train,0
23,40189.01445905694,25049.167683885153,12,0.16324773090516317,Q2_Train,0
65,41193.03811458258,7249.21839810686,5,0.3320114119932627,Q2_Train,0
27,78265.34174217941,11923.804559140563,5,0.11836736453571602,Q1_Train,0
22,23186.92628324639,7066.726881110586,1,0.28150489980249593,Q2_Train,0
43,61780.399481440814,18235.802859074764,7,0.07538188799683429,Q1_Train,0
38,129045.1774213972,71327.1445442206,13,0.16679623933559723,Q1_Train,0
62,39522.77657515845,7864.972100846609,10,0.4218578642208077,Q1_Train,0
43,34235.779102073146,16839.439769758406,5,0.4102341400193541,Q1_Train,0
55,88954.22976539787,6746.089349879854,3,0.18552861282831307,Q2_Train,0
61,66076.64320230437,16143.755912474668,6,0.25845321269907895,Q2_Train,0
25,28084.857429877753,6736.565294057857,7,0.291113421238998,Q2_Train,0
22,29676.890340094036,9713.446622429388,2,0.22582115786489432,Q2_Train,0
32,36549.50884503075,22204.528556430498,9,0.1871004094237657,Q1_Train,0
33,31586.448456054124,6190.308510633332,2,0.18725934505827024,Q2_Train,0
54,69182.50652130682,32316.112081012445,2,0.23522292158224212,Q1_Train,0
20,56448.95987879695,5754.816924037314,1,0.2545452142797864,Q1_Train,0
64,129279.54602218482,23242.302135921593,5,0.46711653747344306,Q2_Train,0
60,24598.51912978206,17108.450491859545,1,0.3038549580861484,Q1_Train,0
19,35686.99694714493,5682.31331882308,6,0.35731326506361316,Q2_Train,0
44,46960.13966344412,7718.948264285993,5,0.3936074947643778,Q1_Train,0
55,119244.14038953901,18675.706397980328,13,0.1390592550629416,Q1_Train,0
43,36675.2557870851,15795.743391522326,2,0.31406029102005356,Q2_Train,0
55,143398.5299055266,26258.116409593033,12,0.1357729514430345,Q2_Train,0
63,51079.26484173628,32012.38825198038,1,0.5087012454505065,Q2_Train,0
42,72074.27972625048,12591.920188886506,12,0.09578283705493823,Q2_Train,0
28,35353.96365302805,6595.914344377915,1,0.14782755709350046,Q2_Train,0
25,28480.957710814993,28519.384731296755,13,0.20687735342069685,Q1_Train,0
25,121802.60749999051,17102.806429986485,11,0.15993816512033554,Q2_Train,0
38,118713.65362747379,13392.10303165194,11,0.1273341944335688,Q1_Train,0
68,36540.899748621305,15761.551899336884,7,0.30432831401016763,Q2_Train,0
38,62716.00931184013,23605.660219472895,5,0.21604690493649334,Q1_Train,0
37,20657.991579823858,19220.156353183313,6,0.15740613172734838,Q2_Train,0
25,52238.649656502,11280.157981437016,1,0.13030291054431928,Q2_Train,0
63,24496.98131041184,30999.52066172064,13,0.2038457869735605,Q2_Train,0
67,25804.88702813879,7306.968258473765,6,0.5160114953719531,Q1_Train,0
46,175590.6208113919,12766.73565872075,2,0.47618283294347585,Q2_Train,0
65,57019.06333016966,23172.17922324052,8,0.05838627482407007,Q1_Train,0
26,142217.79412167193,22771.65728554333,2,0.12387136091312863,Q2_Train,0
32,21131.007009278932,11847.984274741575,13,0.7167777732136033,Q2_Train,0
47,70757.68731012782,22890.938979573046,9,0.2773800171732788,Q1_Train,0
27,48266.64210650021,10137.818370064164,14,0.4891100659746558,Q1_Train,0
46,123212.829035255,22751.44467496319,6,0.16833820006128594,Q1_Train,0
53,34150.77916895822,8587.417808181066,12,0.07056058000563825,Q2_Train,0
37,168069.71669699386,6363.362604719842,2,0.15896414108627505,Q2_Train,0
62,78354.23870638714,11799.463721536275,14,0.39149565895644195,Q1_Train,0
39,61318.730811627145,32151.2154745631,4,0.37865233496601464,Q2_Train,0
24,181898.19873733344,34746.981497835,6,0.414383103094865,Q2_Train,0
40,131492.50872080645,5560.918583487188,2,0.12094808336924602,Q1_Train,0
57,38610.45795432724,15476.654901294494,1,0.30895751993996,Q1_Train,0
46,33923.77526337402,35921.31697463911,8,0.3292558220709763,Q1_Train,0
33,62443.20902718398,40326.286957043165,1,0.06565742812272896,Q1_Train,0
65,84868.24881948662,18649.776056682094,11,0.2659753358759808,Q2_Train,0
55,43521.37601258862,11099.089102048092,0,0.14723097033340152,Q2_Train,0
31,31823.06409777332,8022.584326508778,12,0.339284183720356,Q2_Train,0
50,87677.31592267733,17289.64609863614,0,0.22042956052357074,Q2_Train,0
26,27981.117552875912,6655.174045240886,0,0.30256873918412586,Q1_Train,0
41,47630.377283169946,8867.836985388567,9,0.6401988727020825,Q1_Train,0
46,28112.308766766128,34452.01641725986,5,0.5995412817057032,Q2_Train,0
66,30630.330861531616,8469.939651937355,2,0.14574030488956458,Q1_Train,0
60,118941.71088940323,23868.029435405784,3,0.43492816388986466,Q1_Train,0
45,26096.98137512748,6298.083605326068,1,0.2348491123586265,Q1_Train,0
45,121885.48086772783,27190.406887364436,6,0.36573574287484306,Q1_Train,0
46,121001.56559042088,16993.565816261813,0,0.5885760760568507,Q2_Train,0
59,144865.65668323392,21756.502786119836,3,0.2599357619345894,Q2_Train,0
24,64027.878152745994,23496.885311640293,14,0.10560863026751317,Q1_Train,0
59,82337.94011026804,26459.34079008729,10,0.2718798865417112,Q2_Train,0
58,142709.77188507057,20960.533948771288,7,0.20082297252584178,Q1_Train,0
63,29118.864614373066,33885.42959876139,9,0.21842328114319376,Q2_Train,0
19,62946.849171495116,39515.40583235984,9,0.1317987747143109,Q1_Train,1
42,133567.56388693972,27831.943492937873,2,0.4082798522592726,Q2_Train,0
26,98767.4048916296,47820.83291115986,3,0.13459117869031142,Q2_Train,0
44,184241.14108720992,63261.70033285865,7,0.15043851863495578,Q2_Train,0
27,55381.770294806964,13929.21391863811,9,0.05410726703741951,Q1_Train,0
69,45047.498711540364,6389.51674561194,4,0.4165419486674068,Q1_Train,0
19,82480.1450685589,12172.822160834308,8,0.09898111209242504,Q2_Train,0
35,42435.74663183828,7731.711779350248,9,0.1496136392563661,Q2_Train,0
40,32440.13197792406,65063.77617695198,12,0.5235148932720868,Q2_Train,0
19,55395.19122996245,43695.498578902174,4,0.522530756047927,Q1_Train,0
39,148462.22251601587,48175.82017493658,10,0.24421465823211264,Q1_Train,0
54,37440.123605926885,5941.771414083458,13,0.4134552268333458,Q1_Train,0
37,128781.91892331497,19974.42724334063,10,0.14702170572008502,Q1_Train,0
56,54419.930178404975,9819.540398769124,13,0.017013825905870843,Q2_Train,0
41,114906.1903308655,26760.385497959578,8,0.22442918056693964,Q1_Train,0
65,34188.781679111016,6509.187487722262,12,0.12793587460029407,Q1_Train,0
37,29634.9974585301,9490.652227408184,8,0.07679886592602167,Q2_Train,0
18,114660.31707105298,33482.025432800394,14,0.16389208826793125,Q2_Train,0
18,41124.24085726073,20491.67514829364,10,0.49257905949980885,Q2_Train,0
69,88954.76214049931,10416.16674830105,13,0.18678613964974888,Q1_Train,0
47,219874.77277855872,48227.05847001025,11,0.2673183791983227,Q2_Train,0
64,42905.79522480744,36992.495270878455,13,0.06142137791435129,Q2_Train,0
20,219196.73014359246,5347.293085399128,8,0.22458612496494795,Q1_Train,0
63,118854.40404143873,11919.844658823558,10,0.4741697730815704,Q2_Train,0
28,22307.012440272985,46071.58279267078,14,0.13402762097118734,Q1_Train,0
61,275904.36721791094,11381.868769533286,1,0.4116833668737164,Q2_Train,0
43,60974.94757080604,7655.046050830109,0,0.11530455670140864,Q1_Train,0
30,74710.8535943789,20889.445735150202,14,0.16592679631489005,Q2_Train,0
41,113950.354789673,9744.591709427643,6,0.2474707276651516,Q2_Train,0
52,62504.548859561924,5452.237510028936,13,0.20074999588752462,Q1_Train,0
41,173494.7362582281,13538.70929761432,10,0.1128403032747447,Q1_Train,0
53,78291.5356177268,17476.046116882182,8,0.3475729459225716,Q1_Train,0
33,90304.66959448284,9451.25725238107,12,0.1836314614165311,Q1_Train,0
57,39467.74306536891,10977.061651971004,2,0.12580544293861784,Q1_Train,0
34,33253.95616224378,40867.12484888756,0,0.4541774572123465,Q2_Train,0
68,47939.798658198604,9022.077461652178,5,0.3825459421239167,Q2_Train,0
32,130331.40030055873,21972.838398036438,5,0.393996452413153,Q1_Train,0
32,46748.970453214504,6657.424494653105,3,0.13259670005352878,Q1_Train,0
32,79618.4483085334,6654.158981794175,3,0.15906343342054063,Q2_Train,0
43,25974.815647050855,33917.769270013756,6,0.3009488781790003,Q1_Train,0
68,54106.734709704404,5628.019307512414,13,0.7667430335174142,Q2_Train,0
21,51452.85410623204,9037.904336718484,6,0.13933000541428447,Q2_Train,0
22,100412.60603595553,8688.750685921095,10,0.21119390453040368,Q1_Train,0
27,30663.535868873973,24226.86133224706,2,0.6476428928542173,Q1_Train,0
51,27743.837903074185,34561.948185884874,9,0.21650973068621496,Q2_Train,0
56,127357.54344285942,52838.53239395327,10,0.1713492228509484,Q2_Train,0
58,25776.864197713825,8984.208431841453,12,0.5478948539043637,Q2_Train,0
67,160985.9543347534,9656.56507001701,14,0.10436840399662842,Q2_Train,0
40,71909.28451025274,35709.67131751563,13,0.4941431595447563,Q2_Train,0
24,25318.939671581014,38148.429890765445,6,0.129534867257089,Q1_Train,0
29,92695.63573135952,37795.431527070825,6,0.1132183312537426,Q2_Train,0
66,68980.40625657239,24119.71938945458,8,0.1166813159401877,Q2_Train,0
43,59560.483155167705,29205.86909229648,3,0.45526007153434767,Q1_Train,0
50,31659.93491611709,35823.703919611246,2,0.26036666380357226,Q2_Train,0
32,100061.51324174787,19871.40758369006,8,0.28606556342604195,Q1_Train,0
19,124322.92861795591,7468.301356250339,12,0.46063433021684314,Q1_Train,0
24,53696.17657963166,10317.456422985226,8,0.2262769218904621,Q1_Train,0
21,85320.13817788032,29821.199636112193,7,0.1601214293828792,Q1_Train,0
67,55123.71550216073,35586.46965296916,12,0.34092567840146326,Q2_Train,0
65,117386.87889325128,29183.87352517994,14,0.26095684342746883,Q2_Train,0
53,129556.3968635581,5679.093152566729,2,0.23537365123771134,Q1_Train,0
33,55420.21107245034,37245.89217118054,9,0.02259265374254963,Q1_Train,0
36,95613.54016397931,12383.554199859973,5,0.36722188940886685,Q2_Train,0
18,35356.83466707944,9898.881740081613,8,0.2622043163239249,Q2_Train,0
22,43227.44171452169,9776.068029269025,2,0.27173173613358476,Q2_Train,0
68,108938.90106731358,12059.776959757211,4,0.3812731578487896,Q2_Train,0
39,93502.42145337311,9194.97085237065,3,0.5263209436975728,Q1_Train,0
41,197368.24445196008,5050.534715106826,5,0.32009962485285476,Q1_Train,0
69,135354.75547918386,6179.944605802123,2,0.6712713390890611,Q1_Train,0
54,24964.256045537273,12991.009019971658,7,0.27123022074487313,Q2_Train,0
53,81859.28293007091,14145.548378436371,14,0.3451459234763384,Q1_Train,0
53,32429.439375699498,27586.575024647034,9,0.5326082022596554,Q2_Train,0
21,37855.97763259575,9367.120282835072,14,0.38702965593097083,Q2_Train,0
53,166236.83625842826,10558.170031900532,9,0.43841403472964385,Q1_Train,0
35,68934.39081484187,6358.416463340633,6,0.16032266659620295,Q2_Train,0
38,81675.19920822392,15563.47587934211,10,0.20871234346965478,Q1_Train,0
53,25423.60218228477,20959.14381708666,8,0.3889737379365139,Q1_Train,0
61,49611.28339802163,10298.677681408302,9,0.37349188953949547,Q2_Train,0
56,162137.28201878926,26272.439814488775,9,0.3279507370416448,Q1_Train,0
64,45289.55445106078,12799.16061767354,14,0.2670472931758229,Q1_Train,0
56,48475.82184864383,7008.066503801797,3,0.25186704459147785,Q2_Train,0
46,87009.54320859835,25229.28307568474,14,0.27535851327179484,Q2_Train,0
38,93398.30419836975,11798.36533863001,2,0.18531833646919244,Q1_Train,0
33,23706.611025534785,22462.847588580975,10,0.2752969524660161,Q1_Train,0
26,115574.09805832527,17658.796147873003,2,0.2411848776787804,Q2_Train,0
31,122359.31759083358,8330.777968070382,3,0.3890840458360455,Q1_Train,0
66,32476.456221052984,14593.569343469078,4,0.23183841957985296,Q2_Train,0
54,98428.19645634353,14364.453265673057,12,0.1434789517612552,Q1_Train,0
19,30242.980248250366,32427.464918974336,14,0.22508459320824412,Q1_Train,0
69,104467.9073205035,27529.376680629415,7,0.3691836313710116,Q1_Train,0
65,67664.48307519595,8958.047618050767,13,0.2018658574887946,Q2_Train,0
63,25158.771873685913,8978.101625680167,9,0.3966697834653532,Q2_Train,0
31,132842.1476845469,24275.25554304265,14,0.6613927494966393,Q1_Train,0
56,36669.55191520654,12944.531116325408,2,0.3096771764071109,Q1_Train,0
64,122644.0718132265,31210.759445860982,7,0.31878104759350473,Q2_Train,0
68,59394.95667698499,6241.281245911043,9,0.09336639791748674,Q2_Train,0
37,47333.02839407174,12023.54738014083,12,0.27278177634415973,Q2_Train,0
19,58208.72155985654,20515.18185141853,3,0.07399113944598208,Q1_Train,0
68,80753.89212693155,27116.185286777265,10,0.269465640399159,Q1_Train,0
58,79380.02421007655,20861.676107198793,1,0.11844068253501183,Q2_Train,0
36,42125.42354521381,12600.531383692141,13,0.2618198943070676,Q2_Train,0
54,44327.653351959394,77333.29155236999,2,0.15102764883145336,Q2_Train,0
33,149119.65948054474,15240.702896300045,11,0.07749537702657157,Q2_Train,0
21,88409.02401945245,15701.932574839102,4,0.2664167112975815,Q2_Train,0
46,40551.475024623054,17270.70740157665,6,0.622556384393507,Q1_Train,0
52,81977.59298874342,27250.166316218998,1,0.4934064431772293,Q2_Train,0
34,31684.79410529498,8400.559312013658,6,0.04062793724533364,Q2_Train,0
59,20610.613194044614,76545.86337155938,14,0.516676862880431,Q1_Train,0
49,133452.9805701733,47280.48514574022,0,0.2919004182940444,Q1_Train,0
27,141662.29904820627,6792.790886539561,9,0.019763343510241563,Q1_Train,0
62,91083.13657101909,48680.580512686494,6,0.3808642985809772,Q2_Train,0
59,74739.70014532426,34375.061998821075,13,0.138237280602194,Q1_Train,0
66,26219.25487777943,20190.339286760453,8,0.4445251520017314,Q2_Train,0
50,108958.15571546867,14375.889710300258,0,0.34104095891586633,Q1_Train,0
53,76081.63370055307,11846.19591430189,7,0.1500663379362556,Q1_Train,0
53,20342.1653553452,9329.43675618368,11,0.2557905614251474,Q1_Train,0
26,103114.52311680149,29596.286227995894,10,0.4983779575983446,Q1_Train,0
67,47644.37042584183,52553.25614277802,2,0.5130670788576278,Q1_Train,0
42,68341.32839020452,20764.377494812812,10,0.5494460797575317,Q2_Train,0
46,68787.85720509497,11284.111754632042,3,0.3198567813498517,Q1_Train,0
46,31783.377526338187,52687.099022954346,6,0.11552147885839456,Q1_Train,0
35,143819.60109989397,14603.652479066048,1,0.3802007213848374,Q1_Train,0
67,28660.811643875462,9599.341072009967,6,0.2979928632272685,Q2_Train,0
66,184124.7834145379,42147.69329060286,7,0.19691409765048637,Q1_Train,0
56,44822.640748846155,16070.38017084107,4,0.11332832772583055,Q1_Train,0
68,52321.90090240915,26725.68973211151,11,0.0653680023317739,Q2_Train,0
67,68772.30518130996,7463.310711545574,2,0.6299130185386151,Q2_Train,0
55,43441.28669372016,10814.797387175757,13,0.14662975444532603,Q2_Train,0
62,127757.58272719658,42634.208655573515,2,0.37842039995342647,Q1_Train,0
35,31496.220133028495,20081.645089881044,2,0.1844796901336581,Q2_Train,0
30,42224.00253105584,7341.6724184615505,1,0.1076573840108848,Q1_Train,0
50,235092.69272535568,12513.563861440061,9,0.2987927922961268,Q1_Train,0
45,138138.1459325367,12894.593223264004,7,0.0751702333344519,Q2_Train,0
54,30214.588280148862,9896.64511937643,12,0.16106270045969234,Q2_Train,0
61,32263.327684686272,33432.736527088324,0,0.17778838542873426,Q1_Train,0
22,142826.0158021952,29864.920487830586,7,0.049654509921833706,Q1_Train,0
48,35563.32633016386,23762.829619231823,14,0.3144889419239855,Q2_Train,0
62,33286.887765441774,36117.15688799129,7,0.20468462243362656,Q1_Train,0
49,58371.15576722673,41463.05180334537,10,0.09562456955135422,Q1_Train,0
20,36341.95759241631,5318.130420233455,3,0.3577400975064354,Q1_Train,0
47,68530.00601431628,47055.269109817986,7,0.27110209423411114,Q1_Train,0
67,52656.98300229246,49499.96076258792,10,0.17502405645690108,Q2_Train,0
29,37024.5478869764,11584.648909563413,14,0.36826087613239644,Q2_Train,0
20,29193.882127134755,17062.43216145838,7,0.20607756307421604,Q2_Train,0
43,71023.92453075264,41744.67487057183,9,0.11425892315249651,Q1_Train,0
26,85648.57523818905,18392.630484137615,11,0.1496746562588288,Q2_Train,0
19,334876.48296627664,7170.009403465756,8,0.2539586600537761,Q1_Train,0
21,47774.134623012185,17250.96347889214,0,0.09381085415855693,Q1_Train,0
42,35000.623759432136,13754.052823926799,11,0.2727829312197923,Q2_Train,0
30,43960.451054332196,33768.060918908865,3,0.6074151927635908,Q2_Train,0
56,90362.72690910385,12213.893412031535,7,0.09581513086060739,Q2_Train,0
52,27287.195105178962,28458.557647368554,7,0.07157319098851382,Q2_Train,0
40,42704.49315574959,7951.6856741786005,12,0.27385061308428454,Q1_Train,0
26,25765.41003286577,6902.397432224007,14,0.3719544072686783,Q2_Train,0
19,65955.7348125697,5117.990440451548,8,0.1911324752451605,Q1_Train,0
58,22608.478569997354,10475.09810100102,6,0.05831021725490873,Q1_Train,0
61,118221.06959576669,30388.680409246022,12,0.06763264067261278,Q2_Train,0
48,91629.06279297011,27226.613023013513,10,0.174421377093836,Q2_Train,0
61,32183.672701334657,35813.15116974215,12,0.3243966332506029,Q1_Train,0
64,53062.265605141925,26444.305022630506,7,0.36528256704337647,Q2_Train,0
19,50056.947620222825,5364.260882768836,12,0.39987606557063154,Q2_Train,0
49,84524.59973030732,12304.625823974591,10,0.3924801639049862,Q2_Train,0
35,45667.181269856286,5089.172939949261,2,0.33504128945294587,Q1_Train,0
30,21674.4937780123,5550.753570362944,9,0.4609850634691316,Q1_Train,0
63,35992.074977118275,14767.379437911828,3,0.2087026418675149,Q2_Train,0
22,51386.309186903,11694.43647306543,3,0.5016524576265656,Q2_Train,0
59,203438.58123971196,17264.457633528436,5,0.44940699735403483,Q1_Train,0
61,126498.30056522199,6026.767541589875,6,0.7256485621026448,Q1_Train,0
60,84236.72221819375,6008.169247562892,13,0.15936600334400444,Q1_Train,0
42,158092.70565544412,13266.4927060293,9,0.46195089785748195,Q1_Train,0
51,20441.5748073909,11516.24947377661,5,0.06799066945586482,Q2_Train,0
47,50747.63165594372,10608.870198798719,9,0.029024814060383812,Q2_Train,0
24,77008.6334556445,5007.863621915388,14,0.13125961731083174,Q1_Train,0
23,66518.1229898697,10875.508856935627,9,0.34707173027994054,Q1_Train,0
30,37041.16287078262,43132.09597882025,14,0.5058591079436101,Q2_Train,0
20,97122.38134205036,6158.608859855729,12,0.3550408924551267,Q1_Train,0
43,33370.44108424545,50897.94723587083,9,0.35344059128709676,Q2_Train,0
41,48600.30968356804,15142.17809337065,13,0.45315072089616276,Q2_Train,0
23,205211.58285630433,15797.701612118708,8,0.2829647590348345,Q1_Train,0
60,92650.83974600166,28276.434308811444,7,0.26784946291841577,Q1_Train,0
66,38976.803713758156,22830.3385583166,3,0.3699640591616358,Q2_Train,0
59,68296.28104197534,9058.660393136803,1,0.17508028380819388,Q2_Train,0
66,35489.22143515808,27606.551176114448,5,0.25555993139530336,Q2_Train,0
28,51713.060216363476,47873.97022769869,7,0.486648569794221,Q2_Train,0
56,78700.64911158191,16959.07656739169,10,0.5514316172170088,Q1_Train,0
51,45413.02007317931,10044.122271776227,8,0.4357825097853108,Q1_Train,0
43,21325.215042633266,7954.867673696746,2,0.23942514798689507,Q1_Train,0
38,136205.34793626535,19642.400248711234,13,0.27821884539906083,Q2_Train,0
57,46296.72495834636,14290.810964572089,7,0.401036596960415,Q2_Train,0
69,21123.602831502103,8230.819848706218,4,0.21211768355693386,Q1_Train,0
63,70572.29616978262,9050.223238710802,5,0.12468017998973276,Q2_Train,0
61,87583.90928045339,52741.41446019309,4,0.3087682409371223,Q2_Train,0
39,37424.25548180069,5309.2269110230645,5,0.3606371392616675,Q1_Train,0
47,52376.578652627475,11775.023283564067,0,0.08204797927901111,Q1_Train,0
67,260528.57361180658,5593.786774609238,9,0.42139001443015167,Q2_Train,0
60,62941.55720213216,8189.90549520732,9,0.4786943806248305,Q2_Train,0
47,41621.89929915615,45576.48293005089,9,0.5605281409505483,Q1_Train,0
25,69374.41901197971,7430.070214415746,1,0.2511092864590525,Q1_Train,1
51,29923.9071293323,18773.838991242228,7,0.22056183762352566,Q2_Train,0
26,149463.19325534342,20037.868446149994,0,0.07386200114462434,Q2_Train,0
68,33669.24109320843,33672.630976721775,8,0.1690496427990704,Q1_Train,0
37,38610.41820695629,10064.526304897137,6,0.20986093794709262,Q2_Train,0
57,59238.70421474564,6228.291983239912,0,0.1436046353869265,Q1_Train,0
36,96036.7688735365,13672.9279208183,4,0.28924588519007416,Q1_Train,0
22,22238.568353325325,15856.071065655717,1,0.03567826375577129,Q2_Train,0
32,55065.16584823478,5243.495357201169,10,0.4487554078592064,Q2_Train,0
36,78811.13245405699,6129.094721412988,0,0.7058706412524514,Q2_Train,0
44,32197.351499467288,19423.708501823538,4,0.495954451604901,Q1_Train,0
36,70234.4987827695,27460.455843354663,5,0.16779074064312985,Q1_Train,0
59,40865.39120884833,9309.35520949106,1,0.05691179317824706,Q2_Train,0
56,102507.22722058409,10505.470602848309,4,0.21162350572189234,Q1_Train,0
36,57591.05484147895,7367.396829756068,9,0.27459906666977946,Q1_Train,0
54,47362.037831462076,46070.73424510612,8,0.6402997956324203,Q1_Train,0
33,140970.4066303024,22609.90708536655,14,0.04038694509010081,Q1_Train,0
24,122195.35661887676,14353.317244854543,10,0.4600084068791307,Q1_Train,0
43,37176.84710579507,13964.268934375325,6,0.21661958930395792,Q1_Train,0
29,26032.934971471732,64104.05349759411,9,0.21884605513585792,Q1_Train,0
45,29124.517767555844,22576.608158542636,6,0.48427556162570656,Q1_Train,0
22,20940.168450797642,5449.814164223863,10,0.11833504868503143,Q1_Train,0
43,64302.41925740276,24163.040644013978,1,0.14881947094251477,Q2_Train,0
39,34718.67101865197,22013.201651632156,9,0.23973291976554334,Q1_Train,0
32,33674.32953022125,6320.542241798758,12,0.2363380033311102,Q1_Train,0
30,108685.06851014956,29677.75763377262,3,0.583281504930292,Q1_Train,0
45,91617.49144370378,62104.03002382327,13,0.2064649878639626,Q2_Train,0
40,108056.664997237,18255.66334339211,7,0.04350273105993501,Q2_Train,0
60,20291.159138787785,45567.44699713142,7,0.2909483516845115,Q1_Train,0
67,41569.33447380212,27377.644004404858,7,0.0978369294192772,Q2_Train,0
47,83359.52719751981,7133.509373439877,12,0.18533775396444707,Q2_Train,0
43,43213.11627384479,28451.658896753877,14,0.2410501171793489,Q1_Train,0
33,66601.8384795844,37934.27661076598,6,0.4153566070757404,Q2_Train,0
30,72033.55473154612,34625.44793513944,1,0.2928817181514443,Q2_Train,0
50,55952.52272687679,15420.194176005014,11,0.31414068276794,Q2_Train,0
43,84788.57601229017,36142.11042020185,5,0.10508524286648069,Q1_Train,0
66,20649.40897068337,47926.68547616692,14,0.2620975683883798,Q2_Train,0
55,74133.62770329768,12009.086273053692,9,0.24527322153245237,Q1_Train,0
66,96919.51641904264,8331.145714038023,7,0.3521324497851255,Q2_Train,0
23,38582.199873543184,6757.104990870088,4,0.22614698173856992,Q2_Train,0
67,33339.148736826464,17131.554315017063,2,0.35622323745974693,Q2_Train,0
45,62080.71770340889,45230.53920843738,3,0.36478333565475335,Q2_Train,0
27,68157.72955865884,22545.889951541434,4,0.05487072684527898,Q1_Train,0
34,23630.00985166856,11331.943708441944,9,0.3477300775515076,Q1_Train,0
46,74543.92426481287,5103.1824238932695,4,0.30699689257152285,Q1_Train,0
23,57545.63352551468,29325.05805345263,14,0.3623283827086028,Q1_Train,0
39,32563.597072564968,65631.42945436615,6,0.3976725494554895,Q2_Train,0
23,30847.326194587316,13259.232949341564,14,0.3911736520357369,Q1_Train,0
56,80847.68952044281,10647.782041068529,5,0.19024175863273438,Q1_Train,0
29,98432.4024601444,10560.309109993708,13,0.3718294944674209,Q1_Train,0
52,96147.90782209531,6620.147696283733,14,0.08098124964596576,Q1_Train,0
31,25490.78101412794,16157.660242436907,10,0.2724991916946181,Q1_Train,0
39,36326.900553243715,18917.04409993857,3,0.06061144682360754,Q2_Train,0
68,35061.007411779094,24574.53609687369,14,0.36117628982515665,Q1_Train,0
65,53419.46743656076,9831.977231611365,4,0.3643235586485232,Q2_Train,0
24,25886.115589381723,11582.30779053353,11,0.3019655547697332,Q1_Train,0
57,37094.799345050065,38417.92046841896,4,0.15339328505994113,Q1_Train,0
67,122747.84695716482,39749.04502665677,3,0.2803094721311306,Q2_Train,0
42,113887.56479725332,9516.00608069991,13,0.08488136609934803,Q2_Train,0
30,135299.28514623726,15021.874672804532,1,0.3655046301541487,Q2_Train,0
38,44594.36888399317,13294.424173647376,11,0.14785457126060525,Q1_Train,0
27,36298.55276804877,10055.49639197241,14,0.48037377535503023,Q2_Train,0
26,29972.897349592276,14324.16930767841,14,0.2855611471656813,Q1_Train,0
32,21107.22323515146,7356.3069665758185,14,0.5248193826863814,Q2_Train,0
69,32644.12962614292,23544.880724212802,0,0.268153884790535,Q2_Train,0
42,137280.01287458872,16726.944783422827,5,0.327224514114158,Q2_Train,0
30,27160.074351527957,18917.906711263407,3,0.31119761825342257,Q2_Train,0
51,145058.85145204893,32166.491967034162,5,0.14080478136122695,Q2_Train,0
51,47828.50719731323,14888.148776940348,8,0.2114762616252768,Q1_Train,0
52,42704.82430615307,38674.94628558934,12,0.1832991241305846,Q2_Train,0
23,90978.72466207664,25834.87071566431,8,0.37578052388894995,Q1_Train,0
65,106612.17756576935,6332.821919593742,2,0.43055414887494714,Q2_Train,0
36,92329.16630717489,12031.947931708895,14,0.2609006317090588,Q1_Train,0
35,178404.48607698103,18210.36823063259,14,0.25961581515138066,Q1_Train,0
56,47650.584241578414,17578.46488433434,14,0.2156052609213621,Q2_Train,0
26,263389.95551555045,12799.33207233739,7,0.04283728996553712,Q1_Train,0
22,21302.05014362454,9661.243382016359,6,0.48960384004559504,Q2_Train,0
20,54397.868680381216,6624.494597610507,13,0.4855957442994178,Q1_Train,0
28,57574.49607554953,29078.136544708108,9,0.2627362620824074,Q2_Train,0
47,22072.364807393322,23175.534561322085,14,0.15531578578498337,Q1_Train,0
22,175775.5682064305,7661.901758889665,5,0.2129358765293951,Q2_Train,0
18,47766.00207552081,6583.185983831405,0,0.1203291729490471,Q1_Train,0
44,30332.883697154793,28460.53257495989,12,0.1507198578768628,Q2_Train,0
35,56282.3512685198,30839.165379692386,2,0.11166440752343451,Q1_Train,0
58,91895.42705319253,64337.641821643265,10,0.14359011977446526,Q2_Train,0
54,125261.93625528686,8669.108181487405,5,0.3447274488105966,Q2_Train,0
62,175551.44433534116,5886.985835133186,13,0.5566108489400838,Q2_Train,0
33,20061.76436280634,30042.5866772931,12,0.40226922840960844,Q2_Train,0
65,112486.90886693106,10534.330927491332,6,0.030151280041181932,Q2_Train,0
39,33635.01685177458,23813.806247131473,12,0.21630278660311555,Q2_Train,0
28,170215.59833445583,8427.345451721503,12,0.11715631171274606,Q2_Train,0
63,31835.991793335197,20853.17428962936,5,0.6369377392354189,Q1_Train,0
46,29864.120016466637,63593.64263960011,12,0.11022663277453681,Q2_Train,0
32,153177.61566016905,7666.4119489372515,1,0.25533621296309217,Q1_Train,0
48,62651.900769263266,7632.404918235445,5,0.20226634960071288,Q2_Train,0
59,33951.47911245643,14194.021986839816,4,0.3109983999011564,Q1_Train,0
58,49031.326377697755,32941.77973903696,11,0.2624952016931467,Q2_Train,0
49,112335.30050922354,10178.40511942835,9,0.18258546837551748,Q2_Train,0
68,59810.28509160065,8718.32831735205,0,0.060842725681479234,Q1_Train,0
40,163400.64128690143,37069.462426857026,11,0.43226039603818783,Q2_Train,0
19,25291.883379810646,17887.45662770642,7,0.0771662755739755,Q2_Train,0
55,164855.0820371163,39053.88627021702,2,0.21543989396642316,Q1_Train,0
48,99419.84373911361,5402.528443768657,13,0.12457196062742731,Q1_Train,0
57,24722.59712451714,29479.43535757778,12,0.1841857778445653,Q1_Train,0
46,204771.8049298555,9104.499403383725,10,0.18195941343065042,Q1_Train,0
31,29259.483103971594,30912.153764406543,6,0.1973771486609524,Q1_Train,0
20,146652.59412464674,27132.193782246944,7,0.2283587189556056,Q1_Train,0
26,54179.94641271733,8084.92369967883,8,0.1511462517543857,Q2_Train,0
38,41234.72896846417,5411.170969737983,10,0.3828471698502423,Q2_Train,0
18,32298.817652058744,8281.724837276442,3,0.09597208809924303,Q1_Train,0
61,27434.014566736594,11233.000233657243,10,0.22678851272889247,Q1_Train,0
53,43290.95490235212,12974.591686315649,0,0.30669952591288646,Q1_Train,0
45,149182.74033302226,16960.6980683657,0,0.24680586929236356,Q2_Train,0
62,43823.646437242656,6925.744063045329,6,0.22372503900004903,Q1_Train,0
34,23127.934911471195,17392.682441423793,10,0.3612196604644464,Q2_Train,0
57,47063.7482556915,23564.23601292128,12,0.21707705099218247,Q1_Train,0
20,65020.39361505172,10383.88443228784,5,0.19281588663739918,Q1_Train,0
29,36342.144762024385,25639.782920012207,13,0.7132147498671644,Q2_Train,0
56,78251.85707835568,18971.859104935556,6,0.4278411736267345,Q1_Train,0
29,69797.0597851988,15481.414582526602,7,0.15843584674443842,Q1_Train,0
19,29447.55229856612,42802.82517633212,10,0.32458258461117107,Q1_Train,0
63,28845.511437834397,19514.025999514553,5,0.3348847069875139,Q2_Train,1
39,59613.36949334907,11837.237434416666,9,0.35227617966089025,Q1_Train,0
38,26194.37352835106,6498.687904166001,6,0.531076306886606,Q2_Train,0
44,27683.360142946345,7949.184134610563,12,0.06122728251284247,Q2_Train,0
19,80440.74843266129,21770.53860087584,1,0.45671726206808133,Q2_Train,0
41,26224.70101798331,18970.70077778845,2,0.03744108893613752,Q2_Train,0
48,26789.276534804914,13881.975082398587,9,0.40141235691196275,Q2_Train,0
50,30381.977244881342,12378.144532597293,8,0.5580719523575793,Q2_Train,0
56,25142.98687944334,28159.124375112304,0,0.026364356944316696,Q1_Train,0
47,69093.82611771816,16224.669653157136,12,0.3675270839275416,Q2_Train,0
63,47409.486248063025,19034.088924262207,7,0.12016589867975613,Q2_Train,0
54,35468.85875135918,6580.461325323475,6,0.16046163682728912,Q2_Train,0
68,49057.88032057238,14565.219493656472,5,0.48557107026344065,Q2_Train,0
45,112939.8561908537,7094.3633080923955,0,0.24110958507312177,Q2_Train,0
28,53420.401101758885,22533.671412298125,1,0.35793020305337897,Q1_Train,0
40,61822.35394431931,9819.901051425575,9,0.25663878660658834,Q1_Train,0
57,56036.23633892538,18951.997863233213,4,0.4217364348671778,Q2_Train,0
58,88940.04674194407,20541.410308693157,8,0.17939223958680828,Q1_Train,0
44,53877.20359814619,8287.70052629842,11,0.24927406095142132,Q2_Train,0
69,33824.54685416053,27847.80826284521,7,0.28192362386589725,Q1_Train,0
62,111174.02201109202,22183.141198362904,8,0.548026522926814,Q2_Train,0
46,66520.91633813163,19369.868803527188,14,0.3326050089139909,Q2_Train,0
37,48895.47517536454,66657.2409733496,10,0.32878282545754495,Q1_Train,0
49,110094.33027282947,12042.817793220722,5,0.41956026131700924,Q2_Train,0
43,163127.55087030842,8617.993774281487,0,0.28179221293824436,Q2_Train,0
20,182588.705819036,5890.950866368891,5,0.47386885130880346,Q1_Train,0
50,50666.09198998236,5919.30277301899,13,0.5722046649939231,Q2_Train,0
18,55013.47148104938,47060.79894575426,4,0.4762437777289657,Q2_Train,0
68,40192.39468942711,23573.12988695199,1,0.34848769133436114,Q1_Train,0
22,21606.92003759496,6637.688066101997,2,0.42382237424421726,Q1_Train,0
30,48374.60955512725,19662.870507455104,4,0.4023883586379976,Q1_Train,0
36,73223.77830523442,13156.211849437004,10,0.16531559950055608,Q2_Train,0
29,78550.42574156944,28317.342603049394,14,0.4282283156669711,Q1_Train,0
65,20326.49602426107,9797.145391435915,6,0.2270289210714615,Q1_Train,0
29,183172.33585846506,8145.135788905183,8,0.0980947406623375,Q1_Train,0
47,36735.969793134995,5369.002708735299,9,0.27433959549738157,Q1_Train,0
22,91701.17210517768,5708.986845633384,6,0.27185232880582344,Q2_Train,0
39,80331.89455217791,29429.614543574888,14,0.1452773070004968,Q2_Train,0
56,47048.561184861275,7274.947956831201,10,0.4451278241643298,Q2_Train,0
30,36370.20159525605,21534.572845487804,4,0.20310559907107892,Q1_Train,0
20,43495.473392164735,5789.53724145908,4,0.180571529359772,Q1_Train,0
37,32610.031109359137,6390.671268121859,2,0.21489629472214244,Q2_Train,0
48,111390.9374605732,17417.938670257863,7,0.14299298567102253,Q2_Train,0
22,52297.113135420754,12029.680132281654,6,0.2669292074650013,Q2_Train,0
41,171313.91654479038,8420.796184904222,7,0.5758843934644816,Q1_Train,0
67,23695.716201949876,11365.466987398166,12,0.07269616126821893,Q2_Train,0
29,208725.91838645394,27023.81809268989,1,0.04263457792882096,Q2_Train,0
30,203089.84986224325,35627.58436165309,2,0.1862431619540412,Q2_Train,0
62,26760.37572160801,54994.1724474449,8,0.42290454123516236,Q2_Train,0
59,93753.36442578933,10737.07786051607,4,0.39337015164887684,Q1_Train,0
56,101185.22090231368,6983.305247335287,5,0.34884780550322314,Q2_Train,0
42,43002.25179790221,46627.432608675124,7,0.2422008533206183,Q2_Train,0
63,73734.31769331587,12656.527767108495,13,0.047828243159953765,Q2_Train,0
49,53487.10917365568,6473.02573211233,2,0.09071372147230745,Q1_Train,0
41,32931.61320375292,15360.6809398659,0,0.32067068150756367,Q1_Train,0
61,40809.70439439276,10792.665922522287,3,0.43923141632342105,Q2_Train,0
67,50691.303165946854,15153.282238310005,8,0.4402069261107731,Q1_Train,0
40,49293.01900453151,15815.559849529183,3,0.14760142933344408,Q1_Train,0
30,28555.04406924369,35924.556930177205,6,0.3601471236949196,Q1_Train,0
67,51284.61046713468,18730.606374397245,6,0.3280825617836242,Q1_Train,0
32,42826.88387039314,10833.166965685254,0,0.4558059305663397,Q1_Train,0
53,26773.2693023917,17708.54524306763,1,0.1508911322411497,Q2_Train,0
66,29193.38984240511,15938.796739037378,6,0.014921234264379888,Q2_Train,0
22,146512.13707273168,5455.870315121885,11,0.295671583456156,Q2_Train,0
39,50497.04642252467,18100.79018048643,4,0.4707474285023069,Q1_Train,0
33,84039.79823306989,23527.508111695297,6,0.4705872301279525,Q1_Train,0
27,71566.07943037349,6695.324470677993,2,0.27765345879072817,Q2_Train,0
35,37831.13661376719,20176.04435269376,3,0.14961262940496858,Q1_Train,0
66,63272.81159555456,14489.046103268774,7,0.15783548346945978,Q1_Train,0
35,160853.45696158698,35071.10449983485,5,0.24634056954656458,Q2_Train,0
24,83527.4573636951,10031.848080253556,8,0.43240390470415924,Q1_Train,0
43,43800.05066354594,16263.237353984401,3,0.17550342019336423,Q2_Train,0
52,68598.45781947688,10611.42277298656,13,0.04037776172045825,Q2_Train,0
31,41576.684709707115,6371.895073715741,1,0.47873703736442336,Q1_Train,0
66,39933.941354033464,11824.080627716976,6,0.12870122431389222,Q1_Train,0
50,105535.3418157525,5457.656733875771,6,0.13258485550374216,Q2_Train,0
42,28759.313270932136,6183.624866260109,12,0.3796831801627652,Q1_Train,0
38,52090.84625323113,8320.900303012395,11,0.3622110616009545,Q2_Train,0
34,147285.8123991611,28190.999437134935,9,0.15246976226361228,Q2_Train,0
60,34426.86311279038,90315.19119378173,14,0.16981885676887792,Q1_Train,0
31,35149.172573631804,5935.106927989677,6,0.3155314497684587,Q1_Train,0
46,46681.560184329894,9992.92880651182,1,0.3665901333056524,Q2_Train,0
37,125155.41504754924,7955.194185104972,10,0.503980716087085,Q2_Train,0
47,97130.12614758803,23588.19768679905,9,0.34900412100957334,Q2_Train,0
36,117416.29826786145,57223.291112656865,13,0.1636562312842643,Q1_Train,0
56,100536.10666074898,9782.948402178617,13,0.21487166237351987,Q1_Train,0
40,44327.03832148506,34168.80996604596,11,0.2052285610255565,Q1_Train,0
63,50782.55195007277,17941.91918354651,4,0.2290750508934616,Q1_Train,0
56,38972.87966965324,19799.17607013793,13,0.1560317325150577,Q1_Train,0
57,117472.31218151766,23356.623873652847,12,0.44579772659765715,Q2_Train,0
35,133923.12476896442,6400.939066633371,1,0.1814293516246381,Q2_Train,0
26,67100.05698669978,50448.756469805885,14,0.3084158565422536,Q2_Train,0
50,54484.3842760493,19835.199396232456,14,0.20063571692948615,Q1_Train,0
49,82385.73206460332,16015.184316081575,10,0.089238903736931,Q2_Train,0
34,66933.62351432868,12350.738925001093,5,0.1087336075899729,Q2_Train,0
44,30541.53286400828,7146.74928442525,11,0.5047428469012564,Q2_Train,0
52,145198.66479799597,104594.39952529987,8,0.1928907014355678,Q1_Train,0
51,54194.195527632284,28951.671610938953,6,0.4171810823277287,Q1_Train,0
37,27240.249474485096,24645.013867605987,11,0.382293306000946,Q1_Train,0
21,63993.74388786985,6384.972975673772,0,0.32448850657595874,Q2_Train,0
27,51043.524268093905,42221.05454505888,6,0.5675677898035606,Q1_Train,0
38,21214.09198178218,23014.8019493579,11,0.4841910949941515,Q2_Train,0
44,28779.98072065047,15434.013180548483,12,0.2121037665697053,Q1_Train,0
43,48662.15366122757,8312.100912762095,8,0.5017296675321273,Q1_Train,0
47,49176.72252916773,28076.7570326427,14,0.38215275362831874,Q1_Train,0
33,27073.69733528083,59996.08668287586,12,0.15605825089362135,Q1_Train,0
24,164978.17023764655,45787.841077992314,9,0.45374709089286724,Q1_Train,0
33,38182.67563795465,33537.026028529275,11,0.3603787492443786,Q1_Train,0
66,20515.701783714452,17414.377125553106,11,0.44152037858503596,Q2_Train,0
53,26751.368426925612,25065.854562350974,5,0.38112339986349564,Q1_Train,0
58,24073.51381510252,11435.505496319787,7,0.2664640710593562,Q2_Train,0
44,68020.78991394615,20616.85317150099,4,0.1503322581534214,Q2_Train,0
42,140733.80022680014,43183.773649017734,4,0.07404596092701288,Q2_Train,0
26,58565.238157933185,28073.83234785089,5,0.3240088050526019,Q2_Train,1
20,22356.35093012474,7202.985213039996,11,0.18708728971427435,Q1_Train,0
23,23297.839765488923,9144.839719542333,0,0.34560084558056475,Q1_Train,0
56,186094.99608429207,11924.798945888391,2,0.05794252554795421,Q1_Train,0
54,26208.27576065659,32993.6758789039,0,0.056145125970317754,Q2_Train,0
23,43111.50571095904,15040.06983437139,8,0.3413278694702744,Q1_Train,0
51,36373.47878674767,6923.373027735461,1,0.37689246211116717,Q1_Train,0
32,142019.90649745183,8354.639221653004,8,0.6514997949192888,Q1_Train,0
43,56826.905325813044,13080.60615784426,2,0.0955457996433543,Q1_Train,0
31,102136.40543775828,43676.22630238601,4,0.1711123809628177,Q2_Train,0
48,54277.39982078572,10566.35456843432,12,0.43614147964984984,Q2_Train,0
41,81091.40673056233,24886.424272341836,4,0.26935272503658303,Q2_Train,0
48,53182.1563636353,60013.70839161006,7,0.5462571666284868,Q2_Train,0
46,28939.349415418408,45551.4582180084,13,0.3908833673042541,Q2_Train,0
59,152950.73025380803,31697.000555871433,4,0.14070131464468313,Q2_Train,0
49,39924.36035219183,5772.654287584864,8,0.41417254469899173,Q2_Train,0
34,97609.34436228254,19038.598629502223,14,0.12572577382260378,Q2_Train,0
57,41266.76427747318,12645.558542136334,12,0.16740828400765145,Q1_Train,0
41,137316.8378351585,7917.705599043067,3,0.11184865148166409,Q1_Train,0
62,34471.56017937199,20480.132935807058,6,0.17865527342889925,Q2_Train,0
44,153884.00834526162,13620.092964737714,12,0.3414533328959407,Q1_Train,0
42,23376.829298028595,8693.32832937044,2,0.2801921729996744,Q2_Train,0
49,98914.23397865627,9987.55560005468,12,0.5409240282827978,Q1_Train,0
35,29794.051630412047,24385.00106371532,7,0.2263696063745622,Q2_Train,0
63,24136.64287894081,8490.602617352015,1,0.25260488523413505,Q1_Train,0
26,32136.41676199271,10158.509968691571,2,0.1989191385837436,Q1_Train,0
52,45500.822399086515,14766.109716829154,10,0.11584840938604239,Q1_Train,0
45,91869.13034988294,12638.840192621348,4,0.08234919500220787,Q1_Train,0
60,47461.682898703206,19081.510665163412,0,0.6310464120210068,Q1_Train,0
66,52283.03174211677,43996.732518981444,8,0.1530087505670285,Q2_Train,0
65,89294.77456639163,6301.302296650429,8,0.3438284952396098,Q2_Train,0
53,95549.05514792433,19746.617964123,4,0.31218680424992384,Q2_Train,0
47,39479.27051484204,8269.79469709936,4,0.21882725687549062,Q2_Train,0
40,48108.0150158403,20776.999113472375,12,0.4334761414638232,Q1_Train,0
36,52646.567155711775,5766.217531018389,4,0.2988674709690236,Q2_Train,0
60,81165.04406552209,13130.266803665,5,0.32455334991683604,Q2_Train,0
54,34486.30068820127,11267.637873208962,10,0.35750575880593016,Q1_Train,0
67,49923.40083842943,37192.246527209514,4,0.17572611572626276,Q2_Train,0
43,20695.589917555284,24626.24234080661,14,0.149632706196963,Q1_Train,0
61,134148.80128690068,51153.579262888816,1,0.2668907723612679,Q2_Train,0
19,46638.83234932441,33516.075987664095,10,0.3639710308260894,Q2_Train,0
37,33100.5549836928,21130.14962876402,3,0.22901336077816503,Q2_Train,0
21,22289.225790630306,26196.337205472402,14,0.37460328936206483,Q2_Train,0
39,82899.86874802489,29814.41231537849,14,0.41199932738816564,Q1_Train,0
67,91514.6505401741,8681.681025048945,10,0.22971893298526214,Q1_Train,0
55,29087.023342376393,14637.527162586022,13,0.32949569045135646,Q2_Train,0
43,31394.273481753553,21891.640806647414,7,0.22455252988072208,Q2_Train,0
68,99636.09829689935,18431.771571600468,9,0.03241376688948609,Q2_Train,0
45,99466.04076236804,19094.1077587228,10,0.16481006612106294,Q1_Train,0
19,58883.4131115823,19206.835351921785,0,0.2649590751215527,Q1_Train,0
25,92872.62092622549,13495.951465588734,1,0.60088296356483,Q1_Train,0
46,60335.17525685648,53395.955811764085,7,0.5522772263596083,Q2_Train,0
54,140795.6088036292,33526.667369542214,13,0.44651957030626477,Q2_Train,0
52,42167.400713553194,7199.025511486701,3,0.7004216294410813,Q1_Train,0
26,47562.57119147083,12162.003406874699,8,0.44445304471214697,Q2_Train,0
52,39155.109941429284,13734.211269255698,2,0.4830910061904355,Q2_Train,0
28,401891.95636282046,7275.65122388582,7,0.13987326338301664,Q2_Train,0
61,63382.7020674397,21635.70807765586,2,0.20068430644007815,Q2_Train,0
20,56605.54344231749,29601.507369647552,7,0.4820737863253601,Q1_Train,0
56,22562.662900074018,20676.731587439237,13,0.09416129344605324,Q2_Train,0
45,49526.02034646385,11694.766251700852,9,0.32148111733574214,Q1_Train,0
28,58207.51283653454,47747.89514187739,12,0.1802384970777906,Q2_Train,0
56,206864.42397563398,49382.19016758483,9,0.09096098240990913,Q2_Train,0
27,58623.87998120906,63659.494016344834,0,0.21851271828881597,Q1_Train,0
36,89427.46479646977,17094.70923214292,10,0.2836776782644776,Q2_Train,0
65,125441.06894727983,24453.236506444377,11,0.27525577634780435,Q1_Train,0
39,74307.621214337,8102.892499869613,11,0.10057931127771866,Q1_Train,0
38,39852.779534814355,30881.57442303509,0,0.1089419524497463,Q2_Train,0
69,148283.48841612908,14479.49274240288,9,0.16893613616355854,Q1_Train,0
40,98485.95328263337,6318.920040697699,2,0.35981457724278937,Q1_Train,0
30,38997.835186770084,45217.324459908144,1,0.1725518469165012,Q2_Train,0
22,34581.3489241566,12215.769180949763,4,0.08384714697233508,Q1_Train,0
31,101564.22642834732,12848.689002196395,6,0.39669208730346006,Q2_Train,0
26,50075.16263475591,27561.454106120877,5,0.08449326601696457,Q2_Train,0
68,38694.68913106765,43775.197918488855,9,0.2950811320952521,Q1_Train,0
52,116862.6535984641,20146.74795512124,4,0.33512470125943855,Q2_Train,0
54,61935.565855583074,13188.031712835582,12,0.30751513050871193,Q2_Train,0
38,103900.5483676124,13221.331841375719,2,0.05386838220426128,Q1_Train,0
50,90112.54847036509,16584.183667089652,6,0.30280527161757287,Q1_Train,0
25,121149.68006206906,20358.749141351003,11,0.4721249161415417,Q1_Train,0
48,78164.3026358961,7987.889492266975,11,0.36891884894416366,Q1_Train,0
51,86821.66071132722,12351.323798506965,4,0.10028287027666637,Q2_Train,0
23,39673.51281180492,17021.289000868288,8,0.2968695267397804,Q1_Train,0
31,71962.78522844962,9850.688711311794,8,0.30023587058633144,Q2_Train,0
20,29823.478285863304,12031.130249931008,6,0.3733033095107696,Q1_Train,0
53,41849.76970848561,105432.85099441682,3,0.05266919177189983,Q1_Train,0
29,39970.69571633129,29499.29698097076,13,0.3074631329497116,Q1_Train,0
19,24810.107717410618,17619.970411819544,7,0.14918486485330687,Q1_Train,0
32,33631.413827624594,24762.759544117114,0,0.11912365232228861,Q2_Train,0
40,101307.02038343273,11026.847307473285,2,0.26625250892021285,Q2_Train,0
46,45056.65245612052,19144.39793779204,6,0.09805838247406277,Q1_Train,0
34,50676.01094551616,16769.073401266796,0,0.4247740178854043,Q1_Train,0
49,71982.56602000311,18022.827194095233,4,0.2552561848308968,Q2_Train,0
24,91747.16489340445,30533.718786212903,13,0.11114399770367232,Q2_Train,0
47,33140.7131001871,15686.841986403306,14,0.36665527806848447,Q2_Train,0
45,189504.4599077885,24564.661657975816,4,0.2854584711336536,Q2_Train,0
31,68685.60480383382,9327.171444552809,2,0.08600724824614722,Q2_Train,0
61,20282.729027500554,45337.38422768535,10,0.7012537928147781,Q1_Train,0
47,46860.380224410546,6355.143686823066,0,0.16638560621798074,Q1_Train,0
34,48707.60581919311,80724.85168854022,4,0.4275261035096966,Q2_Train,0
49,102817.29863691433,20022.54671419826,7,0.14229347999485803,Q2_Train,0
68,23655.105832631612,12791.485483453052,12,0.05855271021634183,Q1_Train,0
41,36672.06344920394,27878.057669651964,5,0.24359706431770162,Q2_Train,0
23,83108.65300282722,7252.456424822764,0,0.03733450275557101,Q2_Train,0
44,70359.60866265402,9369.030239048936,13,0.14016502371410494,Q1_Train,0
41,26091.090458121853,13344.002168096382,14,0.08929283990661409,Q1_Train,0
51,20736.6014204423,38434.342508216716,12,0.44712213972314324,Q1_Train,0
28,54798.213011217165,12269.710746591558,4,0.25908583081413306,Q2_Train,0
41,44718.67403988804,7176.843471831617,6,0.14752945387517796,Q1_Train,0
60,72001.31827311334,8250.288082144034,5,0.2877634884058804,Q1_Train,0
45,36656.45363682862,15413.538270155872,10,0.4057718255752814,Q1_Train,0
57,64793.90064688986,28628.888144838456,3,0.41149260711514607,Q1_Train,0
24,42102.222186741485,14255.608590004882,6,0.4562904385631804,Q2_Train,0
40,91090.03948024579,11578.839117946529,12,0.14230908691858893,Q2_Train,0
38,23125.572662761977,30383.068542520206,1,0.32292899525024765,Q1_Train,0
51,145028.62445934332,13439.892363437553,1,0.27293826582841924,Q2_Train,0
28,29413.714839284177,41622.08813998119,5,0.29900031886511036,Q1_Train,0
39,28631.2611324946,9687.849136571058,12,0.267191552328859,Q2_Train,0
59,111830.3982032076,39016.05426040274,4,0.17207044429971038,Q1_Train,0
59,35961.93029022225,15879.22579526108,0,0.3468863220075269,Q2_Train,0
31,43955.13309895832,28812.87822012577,10,0.14364522978480007,Q1_Train,0
35,49957.76702414204,10562.987755853415,9,0.02715343724286808,Q2_Train,0
41,57250.66051639857,13458.910472310206,1,0.269478367852561,Q1_Train,0
25,50947.73559445562,5865.554158892903,2,0.31301146765990673,Q2_Train,0
25,28598.420639985394,45803.75299274555,5,0.17769167914040315,Q1_Train,0
53,52975.12383945657,30580.920066764247,10,0.42857698481851086,Q2_Train,0
22,53087.573144655296,7982.193111710229,8,0.3678549930266153,Q2_Train,0
50,38555.01967998159,16685.032634691124,11,0.3798761781111895,Q1_Train,0
66,153280.96908149848,9065.713822721622,10,0.41824047660147273,Q2_Train,0
47,37014.913986598316,17992.379768587165,14,0.46085544977930604,Q1_Train,0
25,33348.23920697182,7779.429407885858,14,0.43804386463875755,Q2_Train,0
43,77110.54108538963,16072.156966069375,6,0.34227819343997495,Q2_Train,0
45,203819.60431883647,19636.841008357394,5,0.062367438760509174,Q2_Train,0
56,20721.811095676338,11871.536522620852,12,0.35686335733056046,Q2_Train,0
56,181799.62153412774,29243.924343211424,5,0.24445330807648197,Q1_Train,0
31,141563.4191342955,10340.403040530175,14,0.27454358525146183,Q2_Train,0
55,30982.607595618632,9514.33360824543,12,0.38647790262615306,Q1_Train,0
35,27012.61444243515,41741.47875849612,8,0.12346531796626221,Q2_Train,0
42,53831.93914547222,26284.720216010286,1,0.33082523032913896,Q1_Train,0
55,30747.889255306254,22480.192451596085,10,0.4737293952813654,Q1_Train,0
22,23241.38982864067,33989.7315220476,0,0.48044457179827865,Q2_Train,0
61,27921.99944264993,11086.250250913305,5,0.2390563675907136,Q2_Train,0
48,31371.856662601895,20004.783778647703,8,0.1143439697489483,Q2_Train,0
64,36857.65120977361,16439.176372763315,8,0.37155407601920554,Q2_Train,0
59,104365.4768104456,5392.531312802762,4,0.4193873829618509,Q2_Train,0
37,143706.5641652207,52302.35129793847,0,0.08432167682779165,Q1_Train,0
36,46067.42386738783,17668.18256552601,11,0.4045765992293698,Q2_Train,0
40,190877.46991514473,28439.9146807203,10,0.08473839635749612,Q1_Train,0
40,89466.70086634897,32533.624848504096,3,0.1581205814834553,Q2_Train,0
59,49589.829898937096,35122.7549252648,5,0.3035085090594465,Q1_Train,0
36,74808.35545184405,24608.514364415438,8,0.2533307018542491,Q2_Train,0
65,36599.01553426939,5323.482163573318,4,0.22469699735598567,Q2_Train,0
68,25687.953347313236,12411.196200252405,4,0.0826210441882933,Q2_Train,0
58,32073.006058792802,9993.275710896913,4,0.18822945830281607,Q2_Train,0
62,255794.88054952965,45927.17395378181,10,0.27933897752138476,Q2_Train,0
31,105934.97812770303,29404.16698426517,13,0.4363235922812509,Q1_Train,0
61,164235.13200156498,6351.403967906302,12,0.2591310785593182,Q1_Train,0
42,73766.97537925943,14703.198073902604,0,0.06868554064601481,Q1_Train,0
36,52322.21153664193,64620.36532275742,3,0.25933741382016284,Q2_Train,0
56,39123.88863515068,14074.445165503026,2,0.13971888810179348,Q1_Train,0
32,42335.789422229886,45525.46207233767,3,0.14068643600951103,Q1_Train,0
33,40359.37513823353,61773.81531512435,10,0.22448206413096672,Q1_Train,0
44,39612.55183448423,12349.648456315084,11,0.031905000283038394,Q1_Train,0
57,79310.73818770557,55098.06772063866,14,0.27931216458260755,Q2_Train,0
27,64301.2970460193,7226.465414948956,11,0.4151827631570087,Q2_Train,0
21,31282.023608766176,7617.433896618066,5,0.49752233662590445,Q1_Train,0
68,194708.44653404516,9855.721011967187,10,0.1395990969217738,Q1_Train,0
36,47906.82672203067,14454.168529483768,0,0.17295284196513647,Q1_Train,0
38,80634.02478837813,11236.77091938811,7,0.11837068701955146,Q2_Train,0
64,67554.12234477635,6641.416730083087,6,0.3845543257340985,Q1_Train,0
50,99901.80145475149,31358.4998051944,14,0.2947912808471147,Q1_Train,0
65,25835.322994958075,18560.006202874312,10,0.3482490260673359,Q2_Train,0
27,62081.87623322324,29923.53646073441,10,0.3633893779070406,Q2_Train,0
36,35963.26209743924,7187.750552374056,3,0.08249664794240262,Q2_Train,0
39,32294.61011311631,5601.758790915373,8,0.31915707334294485,Q2_Train,0
20,93964.28572013827,11930.033015177223,14,0.31666149820338574,Q2_Train,0
54,32908.51510405247,19298.123186536934,4,0.5711117987386113,Q2_Train,0
35,118864.07277815665,5933.2815863933065,9,0.3879166229030219,Q2_Train,1
65,44373.38522649255,10459.107927206922,4,0.5464372329408871,Q1_Train,0
61,28067.29293960468,13437.452706106806,2,0.3171327700893923,Q1_Train,0
46,36260.009994279404,5736.024793084385,14,0.12694591031787392,Q1_Train,0
64,152913.499841858,20825.755377109985,13,0.7957790833338109,Q2_Train,0
46,38231.835904489395,26867.490742480917,7,0.33543601197850687,Q1_Train,0
50,22318.085525780258,13180.075296080351,11,0.35754653307118534,Q2_Train,0
61,181163.57197003538,26756.248435822534,13,0.24277806975646699,Q2_Train,0
54,202721.74942793848,17543.664097013298,7,0.26320418474285456,Q1_Train,0
57,63158.64983699747,8685.532430275782,10,0.6268510650375073,Q2_Train,0
62,23172.955247482998,5665.02694904542,3,0.2378524325319425,Q1_Train,0
49,26996.064273711596,7025.2096863945735,14,0.24065995659108844,Q1_Train,0
44,82736.43061718304,44764.996587787755,6,0.31907032305312405,Q1_Train,0
18,77070.07892063787,7448.938532923347,7,0.21613053220899547,Q2_Train,0
60,267440.74856215436,5488.241415981569,11,0.3940091085849703,Q2_Train,0
69,69552.03420570306,9558.137579191201,8,0.23955836878833606,Q2_Train,0
50,100506.39311572486,7884.789556390256,0,0.5878706393436841,Q2_Train,0
57,35618.40406393476,28498.422652014393,8,0.4016542109642354,Q1_Train,0
49,40777.60066302934,10123.472459753173,14,0.08097255762785248,Q2_Train,0
22,144460.34556034175,9220.342989133456,6,0.09616028900625533,Q2_Train,0
34,90364.10548339816,83910.72388833658,6,0.6768864449308649,Q2_Train,0
25,73249.56916415319,7438.874415130733,2,0.09694695845081613,Q2_Train,0
59,34653.34004461901,6332.444231595066,0,0.457582375492008,Q2_Train,0
51,79962.18831454622,10471.12746324623,6,0.012788610070552934,Q1_Train,0
26,128913.9003949831,12790.185323873517,12,0.07440382507533137,Q1_Train,0
40,33120.06082566314,26433.279892945295,9,0.5616037602138232,Q2_Train,0
52,81229.8596044289,51665.099447213426,7,0.25272323254016826,Q2_Train,0
24,26321.684220806,24454.401110812312,13,0.11699391735867769,Q2_Train,0
32,92082.04061435247,76423.6827229215,6,0.11388952320549306,Q1_Train,0
67,34577.56230232567,7254.203422835577,7,0.4389827019724979,Q2_Train,0
41,161480.91290087192,7691.842648118113,10,0.37071007016431273,Q1_Train,0
51,32121.748563627425,23658.413880767057,3,0.5045999852011721,Q2_Train,0
28,44920.78815957182,10842.172944009155,3,0.10513225484517384,Q2_Train,0
65,26983.176743959586,15585.474174640385,1,0.15038233338569335,Q1_Train,0
56,30767.358081399987,12959.26505179664,9,0.1486680479926312,Q2_Train,0
60,68621.83995147159,24755.24804694744,6,0.39413891914561494,Q2_Train,0
66,37478.38879297933,15661.901350269844,11,0.16169985212188734,Q1_Train,0
63,90762.10499891957,19133.787427756186,6,0.08203707538476948,Q1_Train,0
55,33107.17770655237,34971.77539241139,13,0.11626541042733908,Q1_Train,0
54,30820.568967587493,7654.601958140473,10,0.3756986258689747,Q1_Train,0
44,82727.98543663239,11676.433307420371,9,0.1596534966998993,Q2_Train,0
45,69057.6631085308,10545.714114945178,7,0.26349110022917455,Q2_Train,0
57,100012.39233165489,69436.29885377793,10,0.2792045819917757,Q1_Train,0
51,23547.797429701674,17454.860145195635,10,0.4160535462015609,Q2_Train,0
61,30570.70803579977,36210.159598064914,4,0.1155044339874324,Q1_Train,0
34,25435.755642629898,9186.738384029166,3,0.24689676984741787,Q2_Train,0
64,65000.13119431414,9740.46587383554,11,0.17036222168672907,Q2_Train,0
63,112731.69058405567,27751.261476302137,10,0.05654217388845382,Q2_Train,0
33,58005.46788028098,52348.98333818277,12,0.4651209788961549,Q1_Train,0
46,257244.94805955255,13881.133351822788,0,0.6388512778438965,Q2_Train,0
66,295051.24413634365,38191.52479292636,12,0.6267536951162099,Q1_Train,0
30,47585.023831147875,9850.049462766856,8,0.29437545940334847,Q1_Train,0
27,159343.73098045334,7338.756670098657,2,0.10815769184418526,Q1_Train,0
30,73188.65408894251,8266.057114483778,10,0.17595364910987044,Q2_Train,0
18,36438.03841767147,11197.28425835968,7,0.5467350878276421,Q2_Train,0
27,47725.4963877111,6726.803757226451,4,0.4094273741548828,Q2_Train,0
26,58995.480049945414,6247.479463519531,4,0.1692809104309703,Q1_Train,0
66,102503.03039384948,7079.6855290328185,6,0.11250435604428424,Q2_Train,0
58,182051.13215963752,6506.3515113057365,10,0.053835540062052614,Q1_Train,0
28,57227.62488230774,14039.050115822656,10,0.07355571597189901,Q2_Train,0
29,59449.443388107946,5075.069302165147,6,0.28250848251050675,Q2_Train,0
27,36486.83413665608,11486.379025269302,14,0.40014166708726484,Q1_Train,0
42,51069.50860261642,7043.554054469763,5,0.3322777273600038,Q1_Train,0
66,84903.35923112529,14247.169375308791,14,0.20055109414997055,Q2_Train,0
28,26193.583166935372,20499.715464893405,1,0.15332149570238893,Q1_Train,0
43,53292.601850108396,40275.65064792067,5,0.2969916761408627,Q2_Train,0
56,37099.59281331999,12241.42250335458,3,0.19175031105060347,Q1_Train,0
57,98710.95985424303,16068.931424472803,12,0.31028221694044217,Q2_Train,0
47,43492.969023224396,12525.001698490034,13,0.2587634701461828,Q2_Train,0
29,48144.38230126978,5792.0186336538145,2,0.4945812114246839,Q1_Train,0
52,31639.627865644936,19943.563238474933,1,0.28047356039537724,Q1_Train,0
30,167876.12560130708,70002.23793466759,2,0.33121612403468054,Q2_Train,0
69,166456.99975344085,33886.57111455385,3,0.10395631896299437,Q1_Train,0
55,157097.24908768342,7912.912133864751,3,0.19891593649844228,Q2_Train,0
40,33371.22379316947,6274.818451709604,9,0.28478616928928685,Q2_Train,0
21,91399.69581930058,15215.847670708212,13,0.13165517681696048,Q1_Train,0
33,49033.95124319095,40353.45451048545,6,0.46847383524697556,Q2_Train,0
24,36034.38499353757,7612.368043968723,3,0.35361505203171717,Q2_Train,0
28,25861.003780814273,23147.587692208443,0,0.26219778189729265,Q1_Train,0
46,77564.27601363609,60891.50840340693,0,0.22741598055299797,Q1_Train,0
56,95611.28775740418,21709.396716611267,12,0.13615228036449958,Q2_Train,0
29,60088.615933212226,10542.180185934089,5,0.4752885510048778,Q1_Train,0
24,30022.709027060588,9028.411319395476,3,0.1758732750540054,Q2_Train,0
59,90977.15575447993,9776.871391995623,5,0.08577318438235519,Q1_Train,0
57,193926.35769091753,24325.92456891237,4,0.1761905580554262,Q2_Train,0
58,32448.042443469254,16513.938613903847,1,0.31027033079332156,Q1_Train,0
51,50796.09091663905,21343.13292133913,7,0.2712932061603521,Q1_Train,0
30,226714.56151135196,29401.301509296492,1,0.09759538699909506,Q2_Train,0
53,23978.670275250217,13191.996162187119,6,0.2879285251161096,Q2_Train,0
34,20827.12522887147,11257.762776915846,2,0.14804230404582155,Q2_Train,0
45,61853.754389550115,7652.079146397085,12,0.27854265825219593,Q2_Train,0
48,50788.25059610229,24517.12032917523,7,0.05779471508057378,Q2_Train,0
57,37780.404633415405,10871.703769706728,14,0.4875601565381653,Q1_Train,0
32,69622.84495534096,21844.03861254045,13,0.14531417416989575,Q1_Train,0
50,78901.4465633397,17687.847468173306,12,0.3234590460479555,Q2_Train,0
54,113410.07322813463,13011.334605566939,11,0.05383214006561754,Q2_Train,0
26,22910.485316643142,9548.547257988743,9,0.28692162323349635,Q2_Train,0
40,64826.81546372205,11630.97856668674,1,0.1528587165498644,Q2_Train,0
25,30149.242107004975,10233.470828037123,0,0.14606897438972583,Q2_Train,0
49,32998.56542446089,16250.481351881084,11,0.2471484030464539,Q1_Train,0
65,35964.413694487564,17248.524011696063,3,0.028742817509202594,Q1_Train,0
44,29754.249648914334,27801.21392357992,3,0.2288967923843899,Q2_Train,0
42,72562.5836499545,10404.118966612547,7,0.3761131808879795,Q2_Train,0
30,54529.23694178795,45175.61309366003,12,0.09545006135702269,Q2_Train,0
38,99808.58636893592,35414.44187555599,7,0.1305596323483839,Q2_Train,0
62,23159.883373601304,19746.99709413891,10,0.20088245410801966,Q1_Train,0
48,129865.4623592645,5282.0634379738085,0,0.49201240553414005,Q2_Train,0
54,301320.685547411,8519.45061118087,12,0.2886085963752825,Q2_Train,0
60,191541.71060658793,14070.474500498374,10,0.29005468349955155,Q1_Train,0
22,33450.39054473654,7019.274338715742,14,0.27343693964978005,Q2_Train,0
30,78971.02442127929,12870.310605510425,9,0.5179427024493977,Q1_Train,0
60,56887.65780192606,38463.37364117267,7,0.5227336316942861,Q1_Train,0
68,42400.795389522245,12342.376807909,7,0.3105505662213552,Q2_Train,0
52,83212.11467819629,7216.949910481805,12,0.1094894137056934,Q2_Train,0
64,65769.11746184519,11666.938563634034,8,0.12300493569121225,Q2_Train,0
24,223256.70438612642,10437.07558051855,13,0.6780708165539036,Q1_Train,0
55,160678.30826484866,27122.39483305885,5,0.3977912483968531,Q1_Train,0
62,34728.97953693079,6898.308966841785,5,0.2549148142213523,Q1_Train,0
67,234070.6624436731,16916.68142499683,1,0.10685400538568517,Q1_Train,0
39,28282.77273704094,11406.994223298087,9,0.2749008100399742,Q2_Train,0
50,71036.84377931067,20437.94171155551,2,0.20972582942555595,Q1_Train,0
63,23954.831985557423,15411.374238676975,2,0.09400004775353576,Q1_Train,0
34,62493.543643437384,6549.185747207588,13,0.43379490979862734,Q1_Train,0
59,105542.04577043177,30802.550010123334,9,0.2046262295805263,Q2_Train,0
29,92733.75170288049,20424.404675017122,9,0.12877495489199453,Q2_Train,0
65,28194.91745135134,6723.15674510647,1,0.1871467107593785,Q1_Train,0
44,93503.45049592205,16571.41412613689,13,0.38874630536800336,Q1_Train,0
40,86860.29371493976,8877.555856178162,13,0.7674733977940075,Q2_Train,0
59,54339.97653322631,15091.65819617283,9,0.33548479304020346,Q2_Train,0
46,63363.831815431666,15076.272706349115,0,0.4986460152684737,Q1_Train,0
67,92567.62633644929,8154.8723099153,12,0.4276216942240396,Q1_Train,0
37,35795.439913768394,18518.0985536088,10,0.23936268978026354,Q1_Train,0
34,41842.07662840848,29702.108898953917,2,0.0479598404002951,Q1_Train,0
33,62648.76114629002,9146.597833141044,14,0.05759069917027781,Q2_Train,0
36,44271.35809303529,15340.599230253165,11,0.2738561694790742,Q1_Train,0
58,48513.88992637162,7768.805027509667,6,0.6150814512114429,Q1_Train,0
53,78834.65151755573,23161.356200181555,10,0.27050578351829446,Q1_Train,0
48,77654.67973022655,50077.21171595486,8,0.3170378676002302,Q1_Train,0
34,94392.79836492699,5407.488709677185,2,0.11585733484262425,Q2_Train,0
26,60838.00747916156,12815.147339284431,5,0.5421140715750357,Q1_Train,0
56,46344.07845109519,29106.782178473164,1,0.6135518838311225,Q2_Train,0
65,22284.557830395686,12319.484809250871,2,0.08006631983716608,Q2_Train,0
49,39156.54288492545,11292.762681435817,4,0.3123404991211132,Q2_Train,0
42,27610.14466692873,59660.79711968364,4,0.3932483150225987,Q2_Train,0
56,43805.44062597939,47748.48952862589,10,0.3211249444158431,Q1_Train,0
35,75859.22622254849,25809.975853234842,1,0.1400520351835401,Q2_Train,0
32,42445.61203267104,40669.92226665641,2,0.28057443128042253,Q1_Train,0
49,63375.81117140714,8558.07629753527,7,0.041882097858708105,Q2_Train,0
23,64923.98912910938,19586.24585017877,14,0.08090583512234933,Q2_Train,0
61,64228.83975037106,15396.374878267337,4,0.03371633470871032,Q1_Train,0
69,26220.837767196277,10891.975645859267,9,0.6076336923771551,Q1_Train,0
22,81221.75615070561,23360.09430811325,5,0.09120262941154172,Q2_Train,0
35,62187.93256397167,7193.972374457998,9,0.19158081827634502,Q1_Train,0
25,99534.18609491819,32485.269878016854,13,0.21332169961645583,Q1_Train,0
49,163388.11058887665,29917.722123439147,14,0.2594251619147081,Q1_Train,0
69,55913.62404197209,34689.27102643057,4,0.5613011471317566,Q2_Train,0
39,23284.988688032678,31651.92362222926,8,0.4813835060995659,Q1_Train,0
48,132657.556170267,12211.029385387248,5,0.20095013384377491,Q1_Train,0
27,27908.332645219587,11482.351724700839,14,0.2257109713129134,Q1_Train,1
23,97315.05584261914,9776.914795546523,3,0.41627434567422317,Q2_Train,0
37,38659.407888546644,37314.25345304047,8,0.3161259465972357,Q1_Train,0
22,64438.334546664446,39150.419574695836,5,0.3167898327426429,Q1_Train,0
40,22000.413226083998,24233.29721005713,10,0.4437880187971448,Q1_Train,0
26,82844.11874865596,8005.400953435491,13,0.1928988336978023,Q2_Train,0
39,24673.950510795774,11508.874431925326,11,0.08697746364914243,Q2_Train,0
68,56357.82524128159,31371.00978080986,9,0.037165069389501905,Q1_Train,0
31,30069.67772707143,23417.42433300184,13,0.16408465134086891,Q2_Train,0
56,99383.1566676051,6951.2259707754165,6,0.29042783905005254,Q1_Train,0
54,318746.6738565737,20105.158075362255,12,0.09346739084138031,Q2_Train,0
28,47073.49695402076,26699.09570962179,13,0.03352216857600509,Q1_Train,0
61,28483.018314746645,28679.759673658245,8,0.2552354918247666,Q1_Train,0
51,34673.92285431603,39507.39313439495,13,0.19497697119223145,Q1_Train,0
67,131228.8102267859,20068.476716817946,11,0.06276666903980624,Q1_Train,0
40,30743.6229303324,8948.998994953387,8,0.5485627448595057,Q1_Train,0
24,27628.738663542554,5153.309665427098,5,0.1245132102130235,Q1_Train,0
20,71593.96986769343,43451.40204040464,9,0.25653807115504157,Q2_Train,0
55,51038.24447191885,19566.25170540579,1,0.059915029922787105,Q1_Train,0
61,23922.403827173977,14127.800321396862,2,0.5004036371080219,Q1_Train,0
61,115603.07953229731,76520.33812475631,2,0.2390207846418281,Q1_Train,0
47,46667.48620086452,24101.984616078396,10,0.2501846053374233,Q2_Train,0
34,80287.40489336988,5788.972988218841,3,0.3670492286801143,Q1_Train,0
27,77323.83096796602,34387.65874488639,14,0.08758131773903367,Q2_Train,0
37,55356.04587787709,14042.151324033312,10,0.13204645587975009,Q1_Train,0
35,36253.19335062138,26273.07402749999,11,0.1294652484773918,Q1_Train,0
62,69054.0720486067,27361.557862424277,3,0.17825035705981968,Q2_Train,0
61,183234.86873904432,28876.161854010712,14,0.3525226964817844,Q1_Train,0
66,25757.53818120908,20377.781112859902,1,0.485403404096892,Q2_Train,0
53,21173.022931507447,21887.701229821836,5,0.36750915110628707,Q1_Train,0
40,54554.60038081119,34340.59068772846,4,0.3457203946303339,Q1_Train,0
49,94767.38472323222,22593.92674410503,9,0.3053498247080505,Q2_Train,0
23,50715.368135850105,5215.332672062461,1,0.23849468687430767,Q1_Train,0
58,33996.25552978202,8615.15935858781,14,0.33471430263601765,Q1_Train,0
51,51957.95260543366,6615.377384347711,7,0.15696527605893826,Q2_Train,0
53,46198.86197522556,8630.820711316068,14,0.2606027264564792,Q2_Train,0
54,41798.399193882215,17436.88654551473,11,0.15410084777239993,Q1_Train,0
34,47497.11966077743,7463.744094764812,10,0.40418368623797696,Q1_Train,0
36,31278.181657623973,18218.4794171107,13,0.6728824223306815,Q2_Train,0
35,120760.1020832837,26054.257380583847,12,0.22895682463080683,Q1_Train,0
68,33801.566303743886,43283.81247653128,11,0.34275720098228646,Q2_Train,0
36,30605.542733422175,21148.469261499016,13,0.5120538512896249,Q1_Train,0
64,75479.4983686695,8372.125206315457,8,0.2969087817074907,Q1_Train,0
33,49642.685221351,8909.020717666972,0,0.04200409012904213,Q2_Train,0
65,24813.730940310244,11091.023689546808,8,0.3635968275711828,Q2_Train,0
35,95105.86847923775,15353.649005426036,5,0.5713829308656858,Q1_Train,0
60,62751.980204603686,11319.890662805783,10,0.2454986608632841,Q2_Train,0
56,68213.44232706679,6694.683157945166,6,0.5394480946530609,Q1_Train,0
29,59156.245382439825,20914.3239622339,4,0.2009597880747484,Q2_Train,0
24,28014.218446574734,8597.646723516049,6,0.1792785188837462,Q2_Train,0
63,30402.647116610024,17822.548366594554,2,0.07229822789013864,Q1_Train,0
18,156510.741633077,15333.558310577198,10,0.16541882892149937,Q2_Train,0
66,67168.00726721218,5290.7251958359275,10,0.3863301713445213,Q2_Train,0
53,131354.466052133,6352.7414367050005,1,0.013097100489528734,Q1_Train,0
38,49306.21895841267,11601.04816533818,14,0.2635210603820718,Q2_Train,0
54,65520.81931676497,7276.753454410338,14,0.22692319700521374,Q2_Train,0
69,21631.041651763,52495.20379809539,4,0.38868695613888804,Q2_Train,0
42,61512.15144076547,59773.39244877363,7,0.143135420072894,Q2_Train,0
59,97910.91053333558,12844.1746080007,13,0.18445923957130855,Q1_Train,0
34,37507.88169629121,16629.43931554145,4,0.22369698233921942,Q1_Train,0
46,50118.46050962711,12917.662114299816,12,0.2949212009942021,Q1_Train,0
47,58353.71225597966,17771.864381708787,8,0.2794618943788379,Q2_Train,0
24,60515.47119764233,16280.427642540166,0,0.4259920225798772,Q2_Train,0
41,57814.37619888008,6110.1833547120505,1,0.03120779530246413,Q2_Train,0
28,23569.95046025543,10189.931939590359,7,0.05647628756110449,Q2_Train,0
26,70247.67724967632,44237.884485153234,9,0.08895796070846244,Q1_Train,0
52,25477.796659953554,31703.5977203815,7,0.5267782619374717,Q1_Train,0
21,29839.806343688608,15613.672719869859,1,0.5132062595780916,Q1_Train,0
30,51454.88159502712,42783.3577073472,7,0.34858485547095286,Q2_Train,0
40,30862.617005017986,32155.635096207425,3,0.27610712347315897,Q2_Train,0
36,28855.94741818583,12086.62270854683,2,0.12482360398568516,Q1_Train,0
50,58807.03054377357,14302.236021287546,2,0.15941536630465494,Q1_Train,0
29,28530.73663444245,17978.325523536012,7,0.20831983408529497,Q2_Train,0
51,51878.987286959324,19960.781170997205,1,0.18853315534608633,Q2_Train,0
28,63426.2288314757,33055.353818408454,9,0.20032964913492532,Q1_Train,0
48,40798.86992609874,5852.697321017553,11,0.5145696053604922,Q2_Train,0
46,25464.440489492645,7779.290477653665,7,0.4752592558716643,Q1_Train,0
30,30145.22803718612,21056.582071756493,6,0.37077533065118207,Q1_Train,0
48,41209.67255380282,9126.622439277911,3,0.11359569834897532,Q1_Train,0
19,102099.98042282883,7596.881999514854,9,0.42021737425443695,Q1_Train,0
56,29543.23909577172,21478.4740456736,8,0.15409175027817626,Q1_Train,0
28,56277.218025316055,29535.956581170667,12,0.581101782500996,Q2_Train,0
56,24728.794944435544,11000.536049365037,6,0.537850176858209,Q1_Train,0
28,35242.36361912924,20844.42310114116,14,0.4009816640250632,Q2_Train,0
19,38963.42237294969,7234.929271945426,6,0.5251882265956156,Q2_Train,0
33,21890.727712904383,9397.726346775642,4,0.29213063705561537,Q1_Train,0
30,243214.5522383887,25655.67881421201,3,0.5710971616690911,Q1_Train,0
54,70262.4866857976,8518.713062789038,4,0.12454843016641289,Q2_Train,0
36,113786.82274256587,6985.480784661119,12,0.22960279407719655,Q2_Train,0
55,70266.52932642595,5996.990790117261,12,0.5163620622284768,Q2_Train,0
19,20574.54781425497,14115.74609407767,1,0.4880677422803385,Q2_Train,0
28,53282.64426366023,26339.4690136516,2,0.29078826713006134,Q2_Train,0
41,65795.61932405016,11256.416333611734,4,0.12149399726060019,Q1_Train,0
43,33663.57094849418,25744.84411435318,9,0.18327275705104176,Q2_Train,0
24,28269.032846741095,17782.979948331285,8,0.2514712567733647,Q1_Train,0
56,121798.29812717556,54150.23074718935,2,0.29872389489390405,Q1_Train,0
23,53467.06498473847,17439.4091911539,5,0.3381628772971534,Q2_Train,0
60,26120.618294804066,6087.111970614215,10,0.40261914781779606,Q1_Train,0
60,25795.42683095741,32258.04241111709,4,0.5998966227669498,Q1_Train,0
56,127358.43730906172,22962.01641535639,13,0.16986826916137465,Q2_Train,0
45,20164.35930584322,5167.029658316769,4,0.5451693620769242,Q2_Train,0
47,26403.84102453336,21572.48814173159,13,0.016458166022562164,Q1_Train,0
26,176011.3730449315,21020.84554179165,2,0.2955819221766066,Q2_Train,0
42,277785.6734022356,44149.22759075089,1,0.28604322506432805,Q2_Train,0
18,29546.010309093464,10964.351571083613,12,0.3559074420210993,Q1_Train,0
35,64816.76839869632,70488.79104197801,5,0.4653906576948845,Q2_Train,0
27,59789.33661807071,19331.83066667089,11,0.557205154019536,Q1_Train,0
28,84573.69261954978,8939.477463739111,7,0.4152832464920938,Q2_Train,0
50,117615.49182424332,27245.430625629226,1,0.22253111076133875,Q2_Train,0
18,38045.48641367184,12351.707616664142,5,0.2820912668513619,Q1_Train,0
30,32481.93383245758,10374.285153589324,11,0.2181026426176356,Q1_Train,0
37,143098.05073125736,8080.129748108871,8,0.1179444622214478,Q1_Train,0
18,41397.61094141595,9790.21208702215,2,0.19347189552217914,Q2_Train,0
69,35903.5053040488,19800.816560105166,0,0.029913943950714037,Q1_Train,0
20,32816.57587200348,9113.548495236064,12,0.2535580868075191,Q1_Train,0
35,34684.39743015334,5937.683240358341,8,0.29195777092259395,Q2_Train,0
31,65413.42823478263,18186.799615416086,7,0.13203986116281619,Q1_Train,0
34,24334.154244854348,5805.580937062696,1,0.2865107765978969,Q2_Train,0
63,26134.195825542134,26926.882968747996,9,0.08439300677323729,Q1_Train,0
46,58408.83262095456,35822.11121062646,13,0.45166646171238134,Q2_Train,0
54,35839.06398549909,22629.01470680188,2,0.24358316803128874,Q1_Train,0
34,30354.109224219323,22766.331831128104,5,0.2632605076458706,Q1_Train,0
39,42366.032154181295,33928.97256794997,7,0.3347661944121534,Q1_Train,0
22,45424.82985617618,7649.630788288812,4,0.30821398348764756,Q2_Train,0
21,63319.99059648265,22807.995191486738,1,0.36299866522989316,Q2_Train,1
23,81751.37803985903,29240.134363769797,11,0.3229158027558555,Q1_Train,0
38,106635.67436470164,13694.814755330515,10,0.11970371499895983,Q1_Train,0
30,35896.990312952505,40075.7929080663,12,0.08075959579617244,Q2_Train,0
42,39023.6861048954,62278.72934273295,10,0.5053694644449028,Q2_Train,0
43,125526.44470389969,18219.681143255064,4,0.5395427909531155,Q2_Train,0
56,45321.42809352881,17297.08542940594,8,0.257074906272587,Q2_Train,0
37,34121.782420425814,14168.924003083535,13,0.5385733201770865,Q1_Train,0
31,114919.80054967735,11091.529850076055,14,0.008687397696493541,Q2_Train,0
53,38462.902315910906,8645.451736891535,4,0.31333461550553543,Q2_Train,0
63,182627.7297011265,45877.1462791012,8,0.19436558311063207,Q2_Train,0
63,34213.968011223005,10311.492472990976,9,0.0606576850853348,Q2_Train,0
33,164029.09301462202,7136.332186991465,12,0.3610243594418393,Q2_Train,0
37,135580.71418392303,10355.394551853926,6,0.11410120895433573,Q1_Train,0
45,120022.48727689465,18094.02240955358,13,0.23515308851287697,Q2_Train,0
20,105840.3968445444,38480.39882650966,13,0.07536574680620493,Q1_Train,0
36,37454.27098962492,55571.38526277725,9,0.5163573156355459,Q2_Train,0
39,187261.38820980565,9050.341246999003,12,0.22228764788197625,Q1_Train,0
35,105258.57937974481,6055.364150748322,1,0.4019200709518575,Q2_Train,0
39,32934.17506666221,33677.938213516594,3,0.25553524366680036,Q1_Train,0
63,76909.31433567056,20729.304189214163,3,0.2237523500777827,Q1_Train,0
66,24365.851313773048,9987.202461812583,0,0.5524320462934511,Q2_Train,0
44,64009.469954126376,9812.779485184721,12,0.14966669367999863,Q2_Train,0
30,35680.08110272055,39965.69747539726,12,0.25023292916867945,Q2_Train,0
50,150080.52878985292,32574.004496568,7,0.2589624224718628,Q2_Train,0
43,45411.507650998734,13036.8165977959,11,0.09597804027444633,Q2_Train,0
41,59653.27336834894,13504.855108530028,4,0.26545978186953867,Q2_Train,0
20,111626.32190373186,42797.18498614992,9,0.1962543171570111,Q2_Train,0
64,48385.463650622834,17702.415097467525,1,0.3060471627570871,Q2_Train,0
68,27129.384681898417,8909.483617942971,3,0.21207130725592616,Q1_Train,0
66,44151.35645209986,20782.571917648558,0,0.2614723783930949,Q2_Train,0
52,23737.34221376394,16988.880596351184,0,0.16518560386279735,Q1_Train,0
65,46250.04537318997,32734.285801975337,11,0.5835604105441763,Q1_Train,0
31,72210.29538481502,18461.026059454132,9,0.38256021113403404,Q1_Train,0
46,21555.738755602728,37152.36368859054,10,0.5408609017378462,Q1_Train,0
34,112060.60697314751,24744.067056321714,10,0.0755178229289409,Q2_Train,0
57,36221.50256233626,58684.19352406408,2,0.42585539922949117,Q1_Train,0
66,32085.388344829287,13483.006489319674,11,0.45902837582769945,Q2_Train,0
37,26016.979959481636,6752.0148936587375,7,0.3744905377967396,Q2_Train,0
28,31925.377235999975,5421.34618775229,3,0.2248312719673863,Q2_Train,0
53,126718.96643292734,34044.42899132008,7,0.05300976841627958,Q1_Train,0
29,26483.768046196026,6940.530041005956,13,0.3882062515051,Q2_Train,0
60,88228.0205206603,44420.058482440676,7,0.23951182710300903,Q2_Train,0
40,56720.24203555067,35206.962998294366,9,0.2736323534821025,Q1_Train,0
54,60746.809254754044,14196.113414627225,5,0.21877316807185376,Q2_Train,0
23,66027.80203746445,60029.337686410916,10,0.22851115026460422,Q2_Train,0
23,116454.66515395815,13700.872424358246,6,0.3740901745326092,Q2_Train,0
67,31523.47144455783,15748.000773153955,7,0.2284006566651887,Q1_Train,0
41,26952.096599238866,6705.803300833655,1,0.2971434736149333,Q2_Train,0
32,65465.675551829154,23735.185306882446,5,0.38895110115593,Q1_Train,0
43,30826.089078929268,29537.246080045927,2,0.6254480024829484,Q2_Train,0
25,42728.01012348455,16361.19687627082,8,0.2498128607891761,Q1_Train,0
68,33905.057959368496,7013.841374410196,8,0.2965493447042586,Q1_Train,0
41,40580.44395238488,16558.35154506947,5,0.24354113002607855,Q1_Train,0
65,162756.3124054825,10989.403692020032,0,0.34534137973375256,Q2_Train,0
59,81626.81863065169,23596.697300988853,3,0.14544464652770375,Q2_Train,0
63,87164.18494707848,30649.916317926847,9,0.3051796089662875,Q1_Train,0
53,24272.0411768223,10555.078380494342,7,0.08822814876278019,Q1_Train,0
29,38574.450858821234,8697.822615796094,2,0.29191004307816054,Q1_Train,0
55,41036.40347182957,53717.53774901227,3,0.32298010661952586,Q2_Train,0
28,43042.639243362384,5251.046889335544,11,0.23722270703499504,Q2_Train,0
59,97344.8264273292,14438.536890206602,5,0.32640511671286854,Q1_Train,0
67,88837.93212406273,7742.070809008188,10,0.054190701620712524,Q1_Train,0
24,37575.95032535902,20091.11103525404,3,0.07291687895175156,Q1_Train,0
28,68863.5990852286,30641.37019739646,2,0.1818020346498567,Q1_Train,0
53,26406.76301213968,21253.673269584262,9,0.03833095790301035,Q2_Train,0
30,116788.66383188612,9948.461951960828,8,0.3165136967129326,Q2_Train,0
35,106736.65923920077,17081.7272233505,10,0.32251393246011434,Q1_Train,0
58,131919.76388576435,14960.719015067225,9,0.40059167335484536,Q1_Train,0
58,27322.459916316024,15674.077059253708,9,0.07614441821264414,Q1_Train,0
27,53225.053403166086,6446.831961786145,11,0.2442380607947645,Q1_Train,0
19,100216.77013010577,11107.630397728339,1,0.4449328676167666,Q2_Train,0
55,170982.6153539691,13005.439810333464,2,0.33740962644681727,Q2_Train,0
32,130170.54417090584,16473.945756640824,4,0.5318118349216981,Q1_Train,0
20,50563.30941060378,53422.67338238742,12,0.240709260032479,Q2_Train,0
60,70597.57509490842,9565.660604413908,2,0.10553189223242372,Q2_Train,0
23,45792.662048300765,10159.506443437542,8,0.15398134875004882,Q1_Train,0
20,122467.9672857132,42785.36663649886,3,0.19362952582583612,Q2_Train,0
62,123099.06234343209,11204.204076225262,0,0.21573681132502512,Q2_Train,0
69,26505.996562697306,9883.542787168371,11,0.022814400756202117,Q2_Train,0
45,222409.9000392948,13462.620994390008,6,0.14677533564016015,Q1_Train,0
27,20623.443917701145,25649.679649291564,12,0.01870446651107802,Q1_Train,0
55,128630.50586161682,5140.3874049532715,9,0.33384979109813534,Q1_Train,0
67,27117.97409957429,37236.551670430694,8,0.40456588003178834,Q2_Train,0
35,152060.46211850623,7311.937746479103,5,0.36422567890960617,Q2_Train,0
19,38165.89718810012,5154.74505757748,4,0.5197219439829912,Q1_Train,0
57,50302.62475973199,36126.64646888657,7,0.3306781514727723,Q1_Train,0
51,36571.19139640508,9071.311089893017,8,0.3631979520595893,Q2_Train,0
28,22387.755045138245,20856.107712658653,8,0.2809433137086481,Q1_Train,0
36,24909.077447912503,13929.789458629279,13,0.06655120996942378,Q2_Train,0
19,58219.25157892936,7135.939650333979,10,0.1690928961819955,Q2_Train,0
38,54480.047819432075,39753.69827148156,13,0.080118415634474,Q1_Train,0
40,29241.463389731136,7763.984119669716,13,0.13190389247137857,Q1_Train,0
41,124526.51175843723,9697.327394982505,13,0.09952257050079706,Q1_Train,0
39,25052.38400470281,11377.636874846401,7,0.383451262266041,Q2_Train,0
37,121454.21791216654,14428.294141613032,9,0.4913024507246371,Q2_Train,0
35,25049.211921028338,10037.964535144984,14,0.5047364267844923,Q1_Train,0
41,50581.7703455793,18975.04334345975,7,0.48841417991920966,Q2_Train,0
53,78563.84500885551,20140.499270767672,6,0.5625564396191197,Q1_Train,0
28,77211.30778284476,45063.32835590608,10,0.2769575704564369,Q1_Train,0
41,31862.281705133326,24003.660468927294,0,0.162200766456138,Q2_Train,0
48,99407.8995166145,9900.542181122932,9,0.25342428734534916,Q1_Train,0
30,36900.12093262523,26276.029810123167,2,0.4011152848141366,Q2_Train,0
19,45259.60460192336,16117.326400380836,6,0.3084914524286585,Q2_Train,0
33,53189.41835642747,12319.651457236949,0,0.2305211612107459,Q1_Train,0
68,22478.55289312941,13634.502933961137,10,0.11037185969360148,Q1_Train,0
54,40536.1204249283,32584.820412805875,5,0.5867782296780817,Q1_Train,0
34,34877.781457742356,7376.925273574275,7,0.24050699611335855,Q2_Train,0
56,84747.14644514376,20530.92881786364,4,0.2097745045113395,Q2_Train,0
45,158329.58331176627,13152.893335013123,10,0.2125472506477548,Q2_Train,0
60,81088.61781395573,22288.872621078288,10,0.4269563762892288,Q2_Train,0
20,23460.461379656273,33549.832272776766,6,0.3853690175763765,Q2_Train,0
69,52731.73078472614,9020.37983375759,10,0.29184912509123334,Q1_Train,0
27,26357.065623814775,10202.879089687385,14,0.13959519002754936,Q1_Train,0
31,65998.21878386542,11382.502854746861,9,0.33252249973018466,Q2_Train,0
29,22503.27787245005,17601.912699574954,8,0.3497327889065154,Q1_Train,0
64,39255.03065392871,8349.981001484543,11,0.31769221061890734,Q1_Train,0
59,45129.1206518297,10514.907566513546,6,0.2826327584438051,Q1_Train,0
47,34254.95519365359,10892.127909426985,8,0.6424747760405247,Q2_Train,0
49,21971.879122364466,78038.18928952517,9,0.5740194519130486,Q2_Train,1
49,39196.573707124,33898.05998544294,8,0.20781474777280973,Q2_Train,0
59,98661.30276247984,32274.6907256739,12,0.5563699599760767,Q1_Train,0
68,162153.25288570632,6090.585449813973,11,0.31384278824582695,Q2_Train,0
18,22126.105210785252,8297.110157268387,14,0.08175460779698342,Q2_Train,0
59,92897.72410824921,38856.54708398278,6,0.20169857868931268,Q2_Train,0
19,52994.67310453158,16186.876225327625,11,0.3547548799603855,Q2_Train,0
34,164534.84729769017,70656.49306198965,6,0.18603969957171154,Q2_Train,0
47,45000.11573014714,18439.529390929125,1,0.46835297364392037,Q2_Train,0
24,23625.059729726683,9805.349976082189,3,0.32386554563003844,Q2_Train,0
44,41121.10341800026,11947.977520408675,5,0.39448279191212793,Q1_Train,0
51,165530.8499367445,20560.916341997043,6,0.22189096776496217,Q1_Train,0
63,75885.230216041,7140.925204927734,9,0.6673117695841606,Q2_Train,0
37,32216.508834199634,12486.868105597781,9,0.18154278040516827,Q2_Train,0
36,38165.24147965315,10845.173654042363,14,0.42924556536197916,Q2_Train,0
53,319396.7566646752,12450.813066534902,10,0.09044695862488114,Q1_Train,0
57,73742.15591837795,15035.259166901504,14,0.5994190524287561,Q1_Train,0
62,147692.0062112401,8074.563624222627,4,0.4103559879577742,Q2_Train,0
21,48617.17999879338,13762.358631216772,10,0.26185697528268925,Q1_Train,0
39,39891.55677249456,22796.372433281806,10,0.13607558691492125,Q1_Train,0
35,56612.40228087468,35899.50005421709,6,0.5194901976782192,Q2_Train,0
59,216971.3768417008,6936.005468704961,5,0.17156879683753934,Q1_Train,0
60,54275.461725437,15611.035062487232,6,0.15483176638442514,Q1_Train,0
56,103330.35149565956,25349.262527030955,0,0.43386715939010495,Q2_Train,0
26,74953.53993276478,32646.910333473585,10,0.40311940164921345,Q2_Train,0
23,52660.49363585112,8000.1182655574485,11,0.05239311288814702,Q1_Train,0
36,52136.970791205385,8794.430708933623,8,0.25259231120151965,Q1_Train,0
65,40919.16831262716,34733.709354388426,5,0.6801128772522333,Q1_Train,0
24,91662.86885392283,14033.783171019273,0,0.15616713191811515,Q2_Train,0
22,32292.140474475673,7855.296531447606,1,0.3150160747768528,Q2_Train,0
18,33218.087078650766,29751.842965506945,8,0.5906963879025736,Q2_Train,0
54,41050.92152881082,5462.740583269833,14,0.16162386698697576,Q1_Train,0
56,26080.63718936534,23838.950464128666,0,0.1819928563396593,Q2_Train,0
36,22714.27648865715,6434.860523243553,12,0.2580675988465601,Q2_Train,0
39,27674.9034044473,19587.27034344693,8,0.31832378354793645,Q1_Train,0
50,28317.62020841432,59548.83715689615,7,0.2868670513063043,Q1_Train,0
27,86243.4281057825,6372.797619721183,14,0.3809499437739596,Q2_Train,0
21,32957.002429873435,15801.730803106868,6,0.18062812241130738,Q1_Train,0
30,100017.94717953494,8627.85399929315,6,0.23259998119077582,Q1_Train,0
42,27109.530504817078,10281.771303399044,7,0.2915738829475677,Q1_Train,0
30,277199.46906659205,60961.208479690926,4,0.2066904053256877,Q1_Train,0
35,39807.76219206576,5814.449275512937,13,0.05329360627995876,Q2_Train,0
41,147531.8944218504,82610.54159084675,7,0.33920722539685094,Q1_Train,0
50,61659.06154761013,48023.905676428054,0,0.16974911621754435,Q2_Train,0
36,22596.258114737528,7481.3975333497365,14,0.1863374533915894,Q2_Train,0
26,100723.25076732677,47862.88454313073,13,0.06327819253695517,Q2_Train,0
45,48956.58393934512,8584.808855859179,3,0.19023071798303826,Q1_Train,0
52,80064.89813746489,16851.9078820363,12,0.5989732773610477,Q2_Train,0
18,65078.80800106902,9666.917047260296,3,0.5621154322406281,Q1_Train,0
59,90459.98523455259,27755.52664122652,12,0.18344140811485532,Q2_Train,0
64,182597.16561464235,15608.418591995136,11,0.17370555659569445,Q1_Train,0
32,121294.51218921773,16914.152097886043,10,0.5703649534797219,Q1_Train,0
52,62435.54897055054,40053.44200928413,1,0.7097203953276692,Q1_Train,0
22,47261.21586889439,42781.22527017927,6,0.13393360730576057,Q1_Train,0
58,22987.09781054683,20727.48868719001,8,0.34937304749854137,Q2_Train,0
39,167088.5384882023,30754.93660249149,6,0.19219502800413565,Q1_Train,0
58,171600.46363071003,15552.196919304297,0,0.5767118832209861,Q2_Train,0
40,20943.26454062942,12370.138117641467,1,0.1326401802795497,Q1_Train,0
24,42071.78407260521,34934.04412851168,11,0.09484587697283589,Q2_Train,0
40,126028.33254767876,27527.05670584344,10,0.13072468414847527,Q2_Train,0
42,30943.035334412114,5732.263169156405,0,0.42654435357516995,Q2_Train,0
58,113960.34011920694,32641.041599958528,4,0.31862434015785424,Q2_Train,0
23,141557.0124303274,9259.364548877049,13,0.5434719600419021,Q1_Train,0
26,31869.474665204012,13016.717514483493,5,0.22286414901668716,Q1_Train,0
68,37726.960636645555,45838.38346776998,1,0.13981231364928215,Q1_Train,0
54,135828.42814695011,9910.667169935106,8,0.6351565947552544,Q2_Train,0
48,37243.248575217636,11040.510324105295,2,0.24652377040545964,Q1_Train,0
58,28072.587942837825,7667.276656667367,5,0.2709647559416045,Q1_Train,0
53,52060.02608212101,17036.815889639896,8,0.2519345035374274,Q2_Train,0
25,37563.79438400705,10599.23999962736,13,0.4343786095134798,Q2_Train,0
65,65306.47599580772,34803.35964817957,6,0.58712013158418,Q2_Train,0
33,34055.61101378417,12343.187657257286,7,0.2537702400508591,Q2_Train,0
29,59187.07679056741,22710.12452127225,2,0.44341024939994433,Q2_Train,0
33,247591.47261717208,35658.04927300615,6,0.22138522812403674,Q1_Train,0
68,31439.618381344655,17626.536560253633,5,0.08732731306559856,Q1_Train,0
57,27598.933588621963,8666.35345745276,5,0.2909075097281435,Q1_Train,0
55,67295.2567779882,73460.56291081088,13,0.2591728772914718,Q2_Train,0
35,166409.284743182,52721.35281468477,3,0.47982143117970055,Q1_Train,0
59,29370.504967463952,5300.372421693058,3,0.2242549489707403,Q1_Train,0
56,61133.10816412227,5682.1264016747255,14,0.35673727671701355,Q2_Train,0
18,74272.47567417624,23613.65433618791,12,0.20068118749855654,Q1_Train,0
56,87641.2241542098,24311.82581255721,8,0.4992667265606699,Q2_Train,0
38,65934.34385091995,19923.492153194464,4,0.15478548418295782,Q2_Train,0
32,98070.0136073324,7743.1459753979125,4,0.46207640122256577,Q2_Train,0
21,24142.847358417865,44436.849013919935,14,0.26360270174120637,Q2_Train,0
37,21009.762215084313,41651.89391055031,14,0.6514271256063698,Q1_Train,0
40,59743.20869964742,7757.709247276551,5,0.4121925254024125,Q1_Train,0
58,79964.42606760343,12058.240482357247,3,0.6267837498824198,Q1_Train,0
51,44123.8407872064,5744.261914905303,9,0.24933573802844874,Q2_Train,0
65,40099.708125588455,12177.77257801289,4,0.6503813751260167,Q1_Train,0
51,32789.99245379801,25023.771134303734,1,0.22008904583018116,Q1_Train,0
37,50281.27154180822,18905.64206358169,14,0.3139815277922223,Q2_Train,0
30,116487.86320768554,15219.211112212954,12,0.3043217098378899,Q2_Train,0
22,74093.22092222626,20119.341408511144,8,0.1808380782616843,Q1_Train,0
33,38176.994095089845,11460.677925034983,11,0.3233167469587658,Q2_Train,0
32,52816.78397409346,5087.155292901014,5,0.5520954676642935,Q1_Train,0
45,31821.80366576127,8316.599244022964,11,0.2643298419730964,Q2_Train,0
48,87131.7734968136,37640.03154719509,12,0.15766569881063272,Q1_Train,0
65,25047.260556256737,7654.155754323365,6,0.1623550195767605,Q2_Train,0
60,23455.508465400915,5060.789530469622,3,0.09745599758782424,Q1_Train,0
51,53659.00398701333,13572.771670278813,5,0.456839661511851,Q2_Train,0
31,36420.88212077248,12010.407694205125,3,0.1613301655114295,Q1_Train,0
45,29248.37423778682,12830.034353252615,7,0.18900805019356415,Q1_Train,0
52,116853.98559080635,15925.650532058979,12,0.2035405599830607,Q2_Train,0
48,25638.993972388656,25074.556938862173,10,0.12121754785661171,Q1_Train,0
34,60794.49479475876,36693.609180094936,7,0.2599521835312195,Q2_Train,0
26,26860.70760974735,22651.685336166407,12,0.1869263368261673,Q2_Train,0
27,25241.499941120608,23150.979668017706,4,0.18612586352040272,Q1_Train,0
25,104897.61145997503,7634.929423547963,13,0.2088100699986963,Q1_Train,0
38,99662.49217855721,50138.948065219454,1,0.33999086025995695,Q1_Train,0
30,49773.18523201188,8453.736173692794,14,0.11824771604301014,Q2_Train,0
23,45110.07922989435,7023.226520033717,9,0.5708446335860218,Q1_Train,0
47,56547.377971861104,18505.368898393695,11,0.10624011217061799,Q1_Train,0
48,48981.56867606372,8025.841613247985,9,0.3929445038145746,Q1_Train,0
28,84937.93780552638,37929.67416123271,10,0.27713081761119157,Q2_Train,0
37,94551.62100517227,16792.93792194518,6,0.031329939572327506,Q2_Train,0
65,72345.91697656245,13953.279635760253,1,0.336450659609164,Q2_Train,0
26,31091.009807152073,6623.835742806685,14,0.43016274015896633,Q2_Train,0
54,23694.38598324681,12155.30520151318,2,0.31010489215549125,Q2_Train,0
21,195896.8071113673,85396.57057835352,7,0.5172825997328659,Q2_Train,0
53,71323.51809596182,21552.74797722126,11,0.3132036542036253,Q1_Train,0
42,28398.009710211118,6150.990263564148,3,0.26143874661315003,Q1_Train,0
20,35638.21146322049,29239.062662072298,4,0.6307030971874062,Q1_Train,0
26,23337.643018373703,25818.57241769869,14,0.04948856562380934,Q1_Train,0
39,30069.95243052164,12692.420799769832,6,0.3713325693851549,Q2_Train,0
40,53456.070584024084,6980.517836188677,7,0.26121250112764033,Q2_Train,0
29,41145.040119374346,15320.749847514377,0,0.116036099733115,Q1_Train,0
39,30121.28808454291,40322.02579645601,11,0.2564967936363399,Q1_Train,0
23,114188.95521720144,30294.15136044193,11,0.33315950623760987,Q1_Train,0
67,63126.97477660222,42668.099658373685,0,0.4237766535640357,Q1_Train,0
19,35477.51878002252,14409.234438747124,10,0.27729749503576046,Q1_Train,0
47,35979.497232321286,28253.447367496363,2,0.11652312096561498,Q1_Train,0
29,26479.306091039332,17676.73764859485,2,0.14797881058738713,Q2_Train,0
18,53030.11225983156,14830.134605554684,12,0.3025762013807865,Q2_Train,0
65,55901.41668812319,7870.799482251085,14,0.15903440382969097,Q1_Train,0
67,129232.33327865587,36249.62051984768,4,0.24033013033954118,Q2_Train,0
25,105080.54691502788,7397.462105755798,8,0.33853893651912215,Q2_Train,0
27,39771.00247288116,7046.68398200332,8,0.38560544593458473,Q1_Train,0
22,263062.53620605974,11042.473056166687,13,0.1516111661768953,Q2_Train,0
67,72031.97624065011,13582.700266040896,11,0.4874553896041684,Q2_Train,0
36,25893.666977991787,19736.196191633742,1,0.5565671006213455,Q2_Train,0
64,112553.80861624287,12145.77908478265,7,0.11735095157662187,Q1_Train,0
60,47156.08702169393,45559.55762252326,14,0.16412410264348595,Q1_Train,0
37,168211.8502333767,16826.77656541724,6,0.20519391635554077,Q2_Train,0
38,156758.28388791124,13530.325363647718,7,0.3007954168773386,Q1_Train,0
43,58341.2901178105,27132.592046352493,9,0.18872224251685998,Q1_Train,0
26,133126.0617526843,28727.79470576653,6,0.7342789503647463,Q2_Train,0
68,28400.729573796612,29592.072524704643,10,0.45582905087664166,Q1_Train,0
48,53474.779529619766,21341.12679463837,14,0.1539582243953913,Q1_Train,0
59,52530.121969246335,8365.93801004469,1,0.08891851447881458,Q2_Train,0
21,134501.7398717454,13905.570974956972,10,0.6318645996559353,Q1_Train,0
23,20096.959407371058,23277.79304741378,7,0.2495010314026554,Q2_Train,0
31,87106.89582749024,11020.98475445807,8,0.46943100561205275,Q2_Train,0
21,68200.7722386187,8222.092123110931,2,0.38546372987340705,Q1_Train,0
43,147278.3777631949,16643.39740730173,7,0.2694099303490259,Q1_Train,0
64,50524.688064852555,9795.811171647083,0,0.38757091838015667,Q2_Train,0
65,73599.33335653674,18533.67868901552,12,0.05046960863137253,Q2_Train,0
56,200129.63942270106,9756.341959664118,9,0.009456366939848564,Q2_Train,0
34,88110.09895176797,40559.62532077295,14,0.44516268245004365,Q2_Train,0
28,80169.27106742625,27601.31436527002,4,0.605164408579906,Q1_Train,0
33,273364.436326431,8351.23604528918,4,0.08411510064562822,Q1_Train,0
42,86938.55672187952,14034.409933238672,9,0.3352498049591873,Q2_Train,0
57,22499.069727655246,6489.675278514267,13,0.4590950807711137,Q1_Train,0
28,51049.793707222314,11777.469527316862,8,0.19269641852216185,Q1_Train,0
24,30331.62711691313,27693.24072418009,11,0.23853553074884404,Q2_Train,0
42,33483.22970321155,15616.793838539197,10,0.1342748635145441,Q1_Train,0
36,39157.19108231594,10563.120865080962,6,0.27367903932731413,Q2_Train,0
48,80613.31913507867,26135.302674629693,5,0.35947005169673457,Q2_Train,0
43,87021.31327563997,5807.9869693683,14,0.34015423141986983,Q2_Train,0
30,65422.29763820323,16534.962284723173,6,0.14021686219925128,Q1_Train,0
42,105087.62154001422,5819.939344303125,14,0.5624918860670871,Q1_Train,0
19,86911.91032903183,8209.119741941471,13,0.16558398335917174,Q2_Train,0
33,20967.298593765143,15035.878872444282,13,0.3194311684105262,Q1_Train,0
26,150076.5909028013,5616.685404916246,7,0.08156350357007999,Q1_Train,0
30,45059.45083236198,7471.849344434671,1,0.3768611411662544,Q2_Train,0
58,25428.661754180335,8436.16800377318,10,0.540912954963584,Q1_Train,0
38,69746.36932064076,11398.893608287592,4,0.2055338198369487,Q2_Train,0
49,25349.00644529147,5358.541705372498,9,0.49273842879111374,Q2_Train,0
51,35213.705822852,40883.390945537074,13,0.22441612755968085,Q2_Train,0
25,50708.896127334556,10062.88883531504,6,0.1872118161065993,Q1_Train,0
58,35460.4013671835,7193.363360255338,8,0.30160843365355383,Q2_Train,0
65,48455.75648361145,7132.411886221185,5,0.12843002830768036,Q1_Train,0
57,131448.64969311003,6050.246988179412,9,0.1789855631529217,Q1_Train,0
54,78867.87948051596,18623.039702668466,1,0.6251619725125851,Q2_Train,0
58,147363.0821827532,17776.40405574919,14,0.12190272965448763,Q2_Train,0
52,27106.61566089441,11562.242774660288,3,0.3575863560939045,Q2_Train,0
27,58084.30912767785,5561.585868997878,14,0.3136325060274247,Q2_Train,0
29,50461.7352959622,5115.3155803433265,6,0.1958028572024002,Q1_Train,0
52,133662.79499766507,18100.542743445614,0,0.12560620634851716,Q2_Train,0
58,56081.32974640353,16058.453018668937,7,0.10598715644293066,Q1_Train,0
46,120558.54161349511,16795.039307613526,2,0.45648656008877564,Q2_Train,0
31,111734.38800428528,18157.16379965961,3,0.011021956950625644,Q2_Train,0
66,81610.802334342,60783.68021602167,2,0.1442271237798679,Q2_Train,0
59,82302.5250124142,7684.59247999977,0,0.01886850950794099,Q2_Train,0
35,85815.53862244138,18653.56960004795,7,0.42821011584701374,Q2_Train,0
47,48917.84841336335,33243.54973863886,10,0.320673411638885,Q1_Train,0
36,68701.78524336538,5136.790337903293,4,0.17712750492582677,Q2_Train,0
25,22663.75265824579,22639.219094034415,14,0.41620539336639706,Q2_Train,0
25,45016.56321577744,12896.103236501329,13,0.19489702618496127,Q1_Train,0
20,105866.17453674227,9528.301571539381,10,0.27913900082099874,Q1_Train,0
61,22731.874801047234,29086.657413970537,13,0.38975355408972084,Q2_Train,0
34,58468.126273880334,7977.620080730874,2,0.4801714672773241,Q1_Train,0
53,69543.9596714757,12375.071261597237,14,0.29465760650359246,Q2_Train,0
31,91758.13657922884,22586.965644583957,3,0.3563653796393191,Q2_Train,0
68,91566.28686939302,23572.275339386353,12,0.10971535258443427,Q2_Train,0
38,53796.38627529906,10328.43997338564,1,0.17693380646213341,Q2_Train,0
29,23464.887594966764,21015.58459260401,5,0.690018261074201,Q2_Train,0
28,39495.24723917211,8075.606219753297,12,0.06810406561063466,Q2_Train,0
52,90937.57992049592,25159.117584016873,4,0.2829660422650534,Q1_Train,0
64,45608.09504784216,32223.18065784336,7,0.05818232078926716,Q1_Train,0
63,40136.36285414577,13583.067081997093,9,0.1283388509597054,Q2_Train,0
69,82348.70635527295,11327.740283220875,9,0.32193881092683313,Q2_Train,0
21,71358.86439769754,20601.049834960522,8,0.629146373061748,Q2_Train,0
61,57173.628513179,8034.875931469694,5,0.31564274517940993,Q2_Train,0
64,73180.1688016729,15041.30014559282,12,0.5177592105845893,Q2_Train,0
61,270021.6369700752,29273.18853443997,6,0.5721003153772752,Q2_Train,0
65,151430.16937413637,7600.266726747459,4,0.5738515310624323,Q2_Train,0
69,155084.5107203844,13111.973027205731,8,0.5680914350473363,Q2_Train,0
28,71074.91505933239,62122.363785338064,7,0.242739587069952,Q2_Train,0
21,99210.03577399382,26517.371352104517,6,0.17602933006209817,Q2_Train,0
29,30827.24863777963,6433.343237632023,0,0.24732185406925739,Q2_Train,0
26,221079.36714842953,19026.232550341207,4,0.4439828301927778,Q1_Train,0
30,48764.49425390415,21209.151162799266,4,0.3111845706191991,Q2_Train,0
65,169630.12363033113,14023.702799808072,9,0.3074794392750508,Q1_Train,0
43,44153.70297888691,9367.293700056764,4,0.22494637493272937,Q1_Train,0
30,76340.58358207319,6999.490133764514,2,0.3416309206514886,Q2_Train,0
45,45593.686378453975,17811.11555823926,5,0.0649997338068711,Q1_Train,0
36,23541.573861537614,26083.536261107918,0,0.35756106150954925,Q2_Train,1
30,73886.1044880852,37724.84411720732,13,0.4219439820196878,Q1_Train,0
30,94604.5182767168,9280.930435374506,5,0.319646315938093,Q2_Train,0
45,31983.2404511756,6480.479471238388,6,0.25204910024739025,Q2_Train,0
19,35946.54991870933,10382.28269243961,8,0.10487780557660094,Q2_Train,0
27,31256.093234318123,14902.42449970188,8,0.25009692421334284,Q1_Train,0
39,37649.27624516269,8482.436122916586,3,0.26619717202524074,Q2_Train,0
30,25831.329184867012,11089.59109866161,1,0.43820399901903934,Q2_Train,0
26,43129.38943728758,15813.733435319173,4,0.3183337536347414,Q1_Train,0
50,43016.86062288648,10849.918095315705,0,0.20424965851763477,Q1_Train,0
50,46463.442667140785,22139.358553061396,14,0.13366804958495246,Q2_Train,0
34,39117.479955979805,40399.99977008186,12,0.12941759658153895,Q2_Train,0
47,159014.20988101145,31531.933667735248,14,0.48056352009478875,Q2_Train,0
64,50703.106655242496,10339.36852485355,9,0.6430998332198807,Q1_Train,0
65,73227.49236699745,5876.212660441968,12,0.030497601516415136,Q2_Train,0
19,34606.860468709565,11017.973537677066,2,0.21404357979329275,Q1_Train,0
34,36445.342888817424,5207.499460607193,13,0.297955745212033,Q1_Train,0
60,24183.11067533952,6847.379174347626,6,0.6427596682603275,Q2_Train,0
69,118468.55654515054,7526.198621874659,4,0.5154389440268022,Q2_Train,0
20,147387.69032943086,10445.112962843039,8,0.3021713872663639,Q2_Train,0
33,34870.783605126446,39732.01406058929,2,0.3793017178666077,Q2_Train,0
31,61970.25652810323,15319.295113014608,10,0.19625284528477902,Q1_Train,0
33,70100.91168925118,69823.1525609854,0,0.31848409782749637,Q1_Train,0
66,439854.55468293076,15890.91434539089,4,0.6071720523533657,Q1_Train,0
60,55950.17943702837,28460.358158126495,8,0.16023689108494443,Q2_Train,0
66,60088.63756203445,11738.960812632633,1,0.23456369344360953,Q1_Train,0
50,27989.4997531191,22328.51231998062,2,0.329484309573012,Q2_Train,0
47,38071.78723515569,6203.487474786168,2,0.11578276589607851,Q2_Train,0
29,34183.50108913049,6723.081259949045,6,0.10921280478547889,Q2_Train,0
32,100777.75203567703,38220.062638685245,11,0.2414246068515109,Q1_Train,0
35,59462.690242854434,29876.154255434845,9,0.2664198332781654,Q2_Train,0
31,32350.35695533111,33734.19271153712,10,0.1396738211817336,Q1_Train,0
50,118285.01751678808,7229.926450334157,2,0.47782568032910816,Q2_Train,0
32,24169.874356896096,6286.7262575032,8,0.22435809817019892,Q1_Train,0
24,92383.5385500228,11521.087816304993,13,0.07289324408168624,Q2_Train,0
32,50193.808761889086,9351.441200423338,13,0.6257952854620056,Q1_Train,0
69,44630.5953658419,26424.62439840935,6,0.43633965870515273,Q1_Train,0
59,78464.28904340445,5036.7631180576755,13,0.35641551196628535,Q2_Train,0
55,21039.79856541409,6563.875864985615,4,0.07233822184416942,Q1_Train,0
61,30223.76197742093,8968.851326932323,2,0.5371306046516883,Q2_Train,0
69,39701.14049202543,18129.076867350705,2,0.3364197771063839,Q2_Train,0
19,130901.6648639228,26221.683553701736,0,0.07597015471336031,Q2_Train,0
39,31453.07680576031,58728.29723829992,13,0.26762402774701366,Q1_Train,0
37,125697.78508940217,7493.699416247702,6,0.4121287230138181,Q1_Train,0
50,49628.81544167989,14237.514466823302,12,0.7482548873856139,Q2_Train,0
25,156209.30868662844,18078.631096308087,10,0.04164182811288577,Q1_Train,0
42,46220.21459302223,10831.616237626984,14,0.1399449259212688,Q2_Train,0
63,29781.461650088797,19244.97817693276,14,0.7237828194770636,Q2_Train,0
26,59817.71517845864,19665.332446042696,7,0.0874398777702872,Q1_Train,0
51,64301.00270345195,32699.18242886382,7,0.12553016962313016,Q1_Train,0
40,70459.96908314875,31802.95653062342,0,0.5032201774664865,Q1_Train,0
22,46508.63881023949,7306.395274009472,3,0.2770336309854445,Q1_Train,0
33,155175.6412293188,9541.534258864795,0,0.27612001705534606,Q1_Train,0
65,177981.58248412033,17468.68016664531,5,0.3834081210274693,Q2_Train,0
62,65426.71552439149,10951.082068553442,13,0.4476419238106808,Q1_Train,0
18,109785.52092880892,9245.09484244122,10,0.17034596074690378,Q1_Train,0
55,61479.78953407492,16892.140977815718,5,0.4275134338073289,Q2_Train,0
64,96540.01419426977,15293.530245333322,14,0.5459931944418601,Q2_Train,0
20,173362.44098853605,30443.261548499733,4,0.3330616008386213,Q2_Train,0
66,88137.22870920585,27271.455269601855,7,0.20102464769360037,Q1_Train,0
56,39340.93666714437,21331.863246723522,3,0.10540345645618414,Q1_Train,0
64,104941.85883096569,10381.437836795585,3,0.1402968963506956,Q1_Train,0
18,79735.94333710351,7037.906581230383,10,0.49777882668277057,Q2_Train,0
44,82228.52934048069,20453.96353032208,8,0.09980630722002001,Q2_Train,0
66,20547.614624217244,16112.231114107199,11,0.47099506498982413,Q2_Train,0
64,146094.13609830738,31152.157223576018,13,0.2827591676028091,Q1_Train,0
29,26474.820753781547,7654.864672983371,1,0.33539395980649706,Q2_Train,0
47,63279.47848027581,22398.45359857278,5,0.30431648525569005,Q1_Train,0
54,100464.53613421,34283.404654691556,8,0.6241115102601267,Q2_Train,0
20,47062.55839294921,14812.6326217346,9,0.30445620410414936,Q1_Train,0
56,43508.79847023764,10034.02681865666,14,0.5357825077330419,Q2_Train,0
43,89257.58536723162,14467.740293975407,9,0.4089804463820693,Q1_Train,0
40,56218.93946395382,30323.86205030412,2,0.2884176883923908,Q2_Train,0
38,71636.70038425253,22233.359821031285,8,0.08829814006954027,Q1_Train,0
26,69666.73149939906,16279.722280574206,10,0.2705853864790402,Q2_Train,0
30,62514.67884736214,7099.656436344867,0,0.5730552370931679,Q1_Train,0
45,60804.71919722765,8922.604252360938,11,0.07155500127810473,Q1_Train,0
44,107448.56017705592,10415.809931854508,14,0.1565947766380518,Q2_Train,0
69,89628.90050650717,37440.86111604945,4,0.23244775426989125,Q1_Train,0
34,91549.1112862752,6962.639625075957,12,0.03141576363891161,Q1_Train,0
55,84122.92948926208,22902.355368914577,9,0.2298682685031512,Q2_Train,0
53,55257.781054786334,15568.032797958402,11,0.2004228089519202,Q1_Train,0
18,45170.88549017199,31736.15421291958,8,0.25309267743380887,Q2_Train,0
35,45099.66717807088,25265.97876217131,10,0.3436693377978244,Q1_Train,0
68,86177.00540629055,26390.379599489883,2,0.5920894355650521,Q1_Train,0
26,54447.470435562085,13128.199806715638,6,0.07453829721804787,Q1_Train,0
30,40657.255515936384,31934.35611943847,8,0.2820429684694601,Q2_Train,0
57,69104.12648912989,6493.027334055954,13,0.06735104426733463,Q1_Train,0
62,110703.70817011489,13816.113417481327,12,0.2302253553800588,Q1_Train,0
60,199022.70597934627,49380.75169083941,1,0.3233891576931742,Q1_Train,0
61,25082.36754317655,6286.842338504841,4,0.2969027624090438,Q1_Train,0
21,61072.84509779806,10689.30035367726,9,0.24460808696827702,Q2_Train,0
50,27437.223798620587,24555.37976809806,4,0.47999612774037004,Q2_Train,0
41,143605.69318705483,24965.019863632464,7,0.04900850646208181,Q1_Train,0
53,51882.509049524604,5001.399085564629,3,0.3973414503667709,Q2_Train,0
68,27722.89969569271,33044.43821763728,8,0.031192069159329695,Q2_Train,0
27,74443.6453263127,55679.77818321061,3,0.1295619903306232,Q2_Train,0
37,49126.49452107777,8173.025049492415,11,0.6239349217132238,Q1_Train,0
58,35584.80393363592,20172.849958802708,11,0.4029430748433366,Q1_Train,0
61,86048.09371537548,6630.22596117452,6,0.3942745610850561,Q2_Train,0
61,258850.1161577046,6175.170299618977,6,0.024685842444763725,Q2_Train,0
65,47968.516023611286,16997.11129830209,12,0.34363453048740217,Q1_Train,0
54,28143.303214708896,17734.541882168363,12,0.24255188152518803,Q1_Train,0
37,30898.52130791466,26599.64985682464,3,0.4775980988288909,Q2_Train,0
42,39163.79765300523,31328.306650230174,1,0.09506343188953414,Q2_Train,0
29,55554.94433416264,13278.459397008639,1,0.1239941184572932,Q1_Train,0
42,37956.603141738655,41192.58294137126,1,0.04825606129684664,Q1_Train,0
28,38393.572966208696,37608.419608617885,13,0.09950846784869853,Q1_Train,0
26,20204.701202810822,15451.879278626591,14,0.3775066154503249,Q1_Train,0
42,26173.520160464228,21758.16138067384,1,0.1999799666522236,Q2_Train,0
49,106330.68653792382,6780.064271675611,6,0.2297182279042797,Q1_Train,0
66,24197.640383285438,12299.356415481016,4,0.30334722853000784,Q1_Train,0
31,120369.2295269539,24105.314728868736,6,0.38662967946890886,Q2_Train,0
18,63437.76004575287,19664.473373728397,5,0.0883708162133197,Q1_Train,0
42,59896.76154913112,15395.81992226947,7,0.2985173043330315,Q1_Train,0
22,26826.04455008615,6836.03252564032,14,0.4365614588357123,Q2_Train,0
22,92596.03438570666,14845.34334001811,7,0.29755679727091044,Q2_Train,0
52,169854.28256770057,65484.82483422684,4,0.5926829631727505,Q2_Train,0
36,75541.05158350918,8323.789698241959,5,0.6432513514482809,Q1_Train,0
40,46411.08870152295,17547.792655002107,10,0.3207972638989319,Q2_Train,0
67,106600.76640723263,9499.12345229126,7,0.2366758497275772,Q2_Train,0
19,39598.244002696185,5182.48328249053,9,0.15085126750992284,Q2_Train,0
63,182675.69277477672,20525.315773665538,3,0.42250412845884794,Q2_Train,0
43,79494.47038240955,5830.926178939743,5,0.47686451529545043,Q1_Train,0
42,39619.56182721873,44657.74772959764,3,0.5050520944900689,Q2_Train,0
33,32361.24934891294,9255.172855389636,11,0.3405522682701066,Q1_Train,0
32,24176.872104756432,38318.68726946403,4,0.4996254617878894,Q1_Train,0
64,55003.62466407938,17584.747798712233,2,0.1187560446656041,Q2_Train,0
61,62465.22457643877,12815.167517404221,1,0.37269610282532245,Q1_Train,0
31,52980.43998657349,15333.228771072607,0,0.27769565153709186,Q1_Train,0
46,62346.8185272058,5030.741141890538,2,0.15986423212924505,Q2_Train,0
64,21490.306063723223,5169.208146294404,10,0.5142908677303711,Q2_Train,0
51,168334.2424753611,16160.356981318564,10,0.3220304549723287,Q1_Train,0
19,38284.846967259626,6021.570641390268,1,0.1412719701358778,Q1_Train,0
27,33217.71051532213,7242.479871734069,12,0.2700913435563312,Q2_Train,0
52,32557.404105953112,6003.348675535621,7,0.1307787565222884,Q2_Train,0
66,23192.707460679667,35701.00798940672,11,0.38391666960394805,Q1_Train,0
45,79144.59456955385,36706.039901772354,1,0.0725222341767981,Q1_Train,0
21,47044.2751753366,24684.889206177857,2,0.350062106567183,Q1_Train,0
46,25461.252708104417,24728.93345453411,7,0.3093069419778473,Q1_Train,0
50,91988.55189346384,14434.186851214976,1,0.1868581348784923,Q2_Train,0
34,72542.04673488793,5824.89768254149,14,0.23313442573261978,Q1_Train,0
56,83176.32512200205,7811.710510726846,3,0.3437434478265185,Q2_Train,0
40,97481.9005219925,43906.406494488096,1,0.43110621860007836,Q1_Train,0
49,86158.33727288153,15065.392538640515,13,0.4535853313805153,Q1_Train,0
32,28665.371887979687,24449.036742409247,3,0.40341133157134135,Q2_Train,0
30,38533.66613211059,10800.586269151216,9,0.19183543273910772,Q2_Train,0
36,42427.3071736838,6436.474508946573,3,0.46633445272756235,Q2_Train,0
41,53601.69025920211,36189.013873735166,12,0.32873307188800344,Q2_Train,0
62,179766.10978274053,22117.787305880465,9,0.3816792436177045,Q1_Train,0
41,180276.75421613807,44274.30457344878,3,0.18226962704290037,Q1_Train,0
39,215953.1070138093,12176.87792440553,7,0.03205328656179773,Q1_Train,0
32,331127.37220070825,34156.102374122594,0,0.25248735814233,Q1_Train,0
27,128252.9118058001,17417.882939587373,8,0.15549169449827066,Q2_Train,0
26,58191.35740095244,40776.42340063863,4,0.2673618319670968,Q2_Train,0
48,23570.08386987219,16706.56688046371,13,0.05562236001592664,Q2_Train,0
27,65446.07840340365,16427.21951864566,9,0.37221484576298325,Q1_Train,0
54,86434.65174380121,23426.352208119464,2,0.36408854676749547,Q2_Train,0
64,86240.65160812186,7956.106079604149,13,0.2948033606778675,Q2_Train,0
66,23505.242163037474,18561.6464706346,9,0.18996959422342297,Q2_Train,0
29,44342.34762223087,12753.419137508385,11,0.2944453939549048,Q1_Train,0
31,27190.208168871566,51195.44991152834,10,0.22199168482896134,Q1_Train,0
61,30197.01446446737,25801.51067950569,6,0.24101688381905742,Q1_Train,0
27,92653.87125935014,6107.43482800811,3,0.26281018313295407,Q1_Train,0
37,65677.47471142275,13390.145999453873,13,0.4014662472918059,Q2_Train,0
32,54797.872901014205,71200.55723324037,7,0.45739632747695624,Q2_Train,0
48,68776.51063782687,14056.251233268338,9,0.01598756425416568,Q2_Train,0
24,27395.980657891363,19889.536544136838,1,0.7113018830003784,Q1_Train,0
58,39212.75027308424,23108.50678639196,12,0.39493118102543096,Q2_Train,0
65,119908.31033461695,7137.210130961666,1,0.2469269270266938,Q1_Train,0
45,85341.15837195647,45619.52442690843,9,0.09716781975216054,Q1_Train,0
47,33505.60592805175,47631.43518623526,13,0.38504825970415363,Q2_Train,0
54,35331.28797325133,18498.489851837054,13,0.14838899941468292,Q1_Train,0
20,32766.293509052066,15164.939977220783,2,0.12226584911165192,Q1_Train,0
60,41465.430608370545,6640.009134079726,5,0.30207303046877776,Q1_Train,0
38,81742.49977535671,7211.037362574652,8,0.4268585391724844,Q1_Train,0
54,28829.4199636931,25229.111050783347,10,0.254621353509257,Q1_Train,0
29,23236.32791329505,23299.687564987602,5,0.32923317494108406,Q1_Train,0
21,30836.081550789404,22139.062374322777,14,0.2342440105216084,Q1_Train,0
64,86393.85526854146,25304.909928828827,14,0.5483782274107525,Q1_Train,0
59,64618.52288508749,101177.7230435151,12,0.07690929163538461,Q1_Train,0
45,37436.97566708719,38403.7604231714,10,0.3118081109349675,Q1_Train,0
40,23560.101916966818,13462.136752810766,4,0.18968078649438125,Q1_Train,0
62,45474.70199017814,16335.750134682554,9,0.21137885085800012,Q1_Train,0
57,30338.013549739455,12502.018414630931,9,0.22569068187230965,Q1_Train,0
61,30196.0503387907,20240.761710841532,12,0.5064041813645366,Q1_Train,0
41,75908.28148089192,8950.954338781077,11,0.380866354767509,Q1_Train,0
68,23920.517366049797,13505.557883055933,11,0.3442419220596273,Q2_Train,0
43,63175.59316372717,20334.554685386043,8,0.5112852310119118,Q2_Train,0
47,34131.51891848271,71367.40044704136,3,0.07650992850662722,Q1_Train,0
33,103093.39162742301,25497.40229320421,14,0.3277410788661365,Q1_Train,0
66,43090.770876152135,6453.277216332124,13,0.09788052891993568,Q1_Train,0
67,61882.027420729886,27054.652568622303,7,0.14391826627881366,Q2_Train,0
60,98920.025687272,20717.65622630347,4,0.7105314794730699,Q2_Train,0
67,110553.83776634689,36716.71396894232,2,0.26412923626278845,Q2_Train,0
43,43289.18710745958,26190.228100188884,8,0.12841808376305183,Q2_Train,0
23,79987.09976822155,10137.752593405685,13,0.41153214270657423,Q2_Train,0
47,23514.938611590464,29177.876389863013,14,0.29216989538947086,Q1_Train,0
56,44358.381409601396,11694.525614458373,5,0.03284781525118768,Q1_Train,0
49,20857.01544957916,5662.166309699156,10,0.2529979886355455,Q2_Train,0
59,45199.416371080195,9759.944855089027,9,0.13520455595718253,Q2_Train,0
26,49769.509589627356,25293.431110942543,7,0.3401466686475007,Q1_Train,0
48,22014.091124752267,17276.719533342333,6,0.31103853235240964,Q2_Train,0
24,36081.95813262398,23381.636612732465,13,0.08422033643049757,Q2_Train,0
26,20983.447100962643,47466.70655597717,6,0.1412232458420648,Q1_Train,0
20,34995.15683503928,9132.422613849705,6,0.37575494771952217,Q1_Train,0
52,78267.5465618966,40593.76917115577,11,0.2628255049128466,Q2_Train,0
50,38365.63232406346,10291.615315267143,2,0.2406254151141414,Q2_Train,0
38,43512.876240473444,21208.12000429703,10,0.34759378268925517,Q2_Train,0
48,84609.96084283864,36157.620516293275,12,0.3098875454260017,Q1_Train,0
51,60647.73078858589,29613.62963310826,10,0.2642099287439074,Q1_Train,0
32,246343.50453181597,12930.59121331263,7,0.20484502128424428,Q1_Train,0
49,135181.82819999626,78939.02334532174,11,0.23338769533145237,Q2_Train,0
23,36882.344314678674,9755.245472426315,2,0.39100585638395885,Q1_Train,0
38,90112.27703115669,26450.90775295556,12,0.12306919356286644,Q2_Train,0
50,153506.27981096818,57675.34961969933,2,0.29356170573286144,Q1_Train,0
49,78742.57999206964,5815.914007536857,12,0.059804386688904344,Q1_Train,0
69,76116.16679138865,48682.3685386058,14,0.5615478564942881,Q2_Train,0
48,39584.135596469525,32554.515279774383,13,0.2713594377637354,Q2_Train,0
38,212724.59110068795,20314.847146415163,6,0.15083036146027637,Q2_Train,0
51,24468.997601206123,5143.583106502467,0,0.09361970925855574,Q2_Train,0
32,84094.2795931336,67384.40930337152,5,0.7080456941639021,Q1_Train,0
31,29494.194476654007,7447.02896736612,2,0.42119640239129513,Q1_Train,0
32,28790.060949269086,10555.504836597953,13,0.27698300572213047,Q2_Train,0
23,188290.91727351022,17601.259464680857,1,0.34949444394662493,Q2_Train,0
69,31388.759108125836,45072.83564463291,12,0.23763428282412025,Q2_Train,0
26,30661.84386988696,74634.55701061586,11,0.05973208737129397,Q2_Train,0
54,21634.78247034895,13258.011989835117,2,0.6074650602429769,Q2_Train,0
37,40010.42034111214,13384.067298928217,6,0.20163746081272038,Q1_Train,0
51,21220.35600747205,7621.434771848582,5,0.668159095003028,Q1_Train,0
55,54546.146326710805,15348.055228461122,14,0.6769738576156162,Q2_Train,0
43,55221.59499124137,47221.42837808574,1,0.3924826960030564,Q2_Train,0
35,22735.656085997114,7711.971601448954,11,0.11901405740322303,Q1_Train,0
68,109221.26703427082,38289.91895015508,0,0.09851293783890669,Q2_Train,0
49,48511.97970124932,11018.52387351645,13,0.06850385741398644,Q1_Train,0
23,79995.21250008608,30129.256529550705,0,0.4395499608398523,Q1_Train,0
41,108739.90404102314,15947.219320156308,3,0.3266957107051489,Q1_Train,0
29,43923.155789943106,9240.874128240748,9,0.16673471566881332,Q1_Train,0
38,62895.64322995307,8917.947672036957,10,0.17739299061826,Q1_Train,0
36,52831.8157559364,12414.041094381797,9,0.10063936937709711,Q2_Train,0
41,34730.329155489824,25509.279864042168,12,0.44880550445134454,Q1_Train,0
43,39749.22226831276,18140.642723358433,8,0.30347912937939847,Q1_Train,0
45,37306.78722744515,10934.131164433618,14,0.17093278140222629,Q2_Train,0
63,22269.642476144283,41669.62487954803,11,0.365850266454391,Q1_Train,0
35,84790.70005865474,5613.621566549194,11,0.1128944873493494,Q1_Train,0
61,134136.80888340296,22617.71686345808,5,0.1022727127166294,Q1_Train,0
53,70189.62897264013,12461.203998503668,14,0.12064794388676436,Q2_Train,0
34,28482.298579035487,33503.34724526146,8,0.7013920716554451,Q1_Train,0
21,20387.756736306208,24332.73758487368,7,0.4715525334584558,Q2_Train,0
61,41077.89508495668,21634.9978681768,11,0.018771568418091668,Q1_Train,0
62,89613.31938543088,15283.711672977657,3,0.46174514522940646,Q1_Train,0
46,181486.1968162116,14499.941066950718,10,0.30034429643354704,Q1_Train,0
21,48201.20551873927,14262.674025438688,1,0.3499609451182418,Q1_Train,0
27,42737.31186032349,7357.659438666665,8,0.19216374687217433,Q1_Train,0
42,49525.784836039296,17297.774265113236,5,0.5004801246326547,Q2_Train,0
48,47911.1413107283,10685.2167307969,9,0.47437295660243156,Q2_Train,0
64,86240.66241065202,16464.33978894493,7,0.09350614872512307,Q1_Train,0
19,96846.10146175418,47182.22155322876,3,0.49685947721774215,Q1_Train,0
42,72434.6822784942,13562.08843106566,9,0.09398407956226415,Q2_Train,0
25,47813.647646009325,9658.629179024354,14,0.18442851181815978,Q1_Train,0
44,105182.16886351754,17303.733531946167,0,0.5111719452313093,Q2_Train,0
42,49039.241646988485,33363.25023422339,10,0.09513150812091511,Q1_Train,0
65,111291.1035890241,9417.467369121734,13,0.08375097696044995,Q2_Train,0
56,56937.098201864814,26366.00234907751,2,0.08238693158538263,Q2_Train,0
54,106918.65040212862,7839.205209347544,11,0.2144423238972093,Q1_Train,0
25,41028.75499820428,7995.251156291648,4,0.07079568751411336,Q1_Train,0
55,32009.067523365,5553.998620425826,13,0.18598770165729603,Q1_Train,0
36,130395.10017689984,18974.942596506033,0,0.08551054432297032,Q1_Train,0
64,51302.273916777485,19174.899174683098,6,0.3666751503075598,Q1_Train,0
56,20672.787208840193,19295.99913408458,0,0.16044020662926756,Q1_Train,0
27,48854.243942744375,35979.89556476417,1,0.08198449877793838,Q1_Train,0
55,22038.76376878594,50548.80827529802,8,0.39269159935412346,Q1_Train,0
36,30539.08426820772,12954.850869697293,0,0.5096284276669268,Q1_Train,0
47,43212.54976401589,28836.336965932715,10,0.5849565154956627,Q1_Train,0
48,52150.89590630064,12454.837176146295,8,0.454375030061441,Q2_Train,0
48,103954.02427651436,33677.21898292762,0,0.056007710726455176,Q1_Train,0
65,33217.37215751811,21234.230420905915,12,0.22598437122966147,Q1_Train,0
62,202299.40038612759,13682.361576696732,13,0.10625679662499138,Q1_Train,0
57,62239.77858719648,15889.017170863664,5,0.2597463518801771,Q1_Train,0
23,138692.22766830545,18026.85856422675,4,0.2198442306472691,Q1_Train,0
55,117982.8066569126,51183.71001861438,10,0.07555279013001312,Q2_Train,0
53,58388.88806106525,33192.435922544966,4,0.142772424673693,Q2_Train,0
28,81734.93059064407,12432.516551180124,13,0.5736105462441063,Q2_Train,0
22,64341.69438027291,8925.925375853956,7,0.004397715756527667,Q2_Train,0
44,39214.432660481645,14700.274670870098,9,0.07743045633539795,Q1_Train,0
64,32694.4531262007,17697.48910599549,1,0.19028316002170226,Q1_Train,0
63,24672.761679415606,6150.201081002757,3,0.5414169839442798,Q2_Train,0
28,31391.12032401888,21002.91338966186,9,0.1664441220591466,Q2_Train,0
43,39455.24234197419,5380.471882296749,6,0.3975320874943892,Q1_Train,0
39,83731.98186053897,21918.251656303357,11,0.28939152061812784,Q2_Train,0
45,80093.73045414143,5965.476602662798,4,0.3370433080863997,Q2_Train,0
41,39687.02240052925,7594.662997134235,4,0.0438692422360516,Q1_Train,0
59,75559.79159438159,31694.41349456133,1,0.19347406244336524,Q1_Train,0
21,45227.496205774856,34093.86412907705,4,0.5233706270775267,Q2_Train,0
35,39454.05399765191,8669.927110939105,6,0.09699085820340576,Q2_Train,0
60,88782.56571767732,13498.082470166593,10,0.3390633996354257,Q2_Train,0
33,21291.76048203123,9820.32921544661,11,0.3914424796525808,Q2_Train,0
46,28865.87443597443,7587.969821266597,14,0.3499049371793943,Q2_Train,0
56,176724.23078880413,27418.028741727274,1,0.0350291889915761,Q1_Train,0
27,81086.7484142775,6865.540510489946,8,0.3879311938745083,Q2_Train,0
48,31625.652000102466,7749.5067757390525,9,0.35303416789103437,Q2_Train,0
31,311453.68464343256,5688.986137164232,8,0.4570971134160923,Q1_Train,0
42,36585.39858958653,14024.202532092062,3,0.3343625598385502,Q2_Train,0
32,24405.110306529707,132542.90686019463,9,0.44045506184880834,Q2_Train,0
19,78711.29872548988,30160.70147422934,12,0.024578887621689197,Q2_Train,0
41,67034.65213015676,17668.71056737833,11,0.1718276810298211,Q2_Train,0
65,100996.06972327888,6875.032978959603,12,0.21055474290462414,Q1_Train,0
24,48003.991428439695,32353.4468445833,4,0.4373250281174225,Q1_Train,0
53,76445.03659284048,28246.846891617024,0,0.49387735802710203,Q2_Train,0
55,37497.83783710615,12766.979473826756,10,0.24549093557995913,Q2_Train,0
44,43936.67096019373,6961.26044784762,6,0.680766111158197,Q2_Train,0
43,21622.045176805033,25567.13281361975,10,0.7047380921531508,Q1_Train,0
18,65064.967185112844,22876.635014563737,14,0.3553769994034156,Q1_Train,0
18,35688.857761744905,7213.890879307202,9,0.163675392200604,Q2_Train,0
60,53835.06486859158,6612.928014646739,6,0.3713166427336992,Q2_Train,0
39,20383.41605954993,29973.72353122841,6,0.21938968404590597,Q2_Train,0
28,24078.106526452386,16503.83879365999,4,0.2682484861213171,Q1_Train,0
27,83886.0667114641,12624.791415645508,6,0.38827080896553906,Q2_Train,0
34,45537.22592571375,8352.21007574957,5,0.1543662036095959,Q2_Train,0
65,135821.61035382393,8441.43857778866,2,0.24609552647264502,Q2_Train,0
38,21077.633634151334,5143.651355343942,9,0.2087273896964361,Q1_Train,0
30,28422.965841393903,6645.500686015822,1,0.4818707782256754,Q2_Train,0
28,71777.71761443032,11583.170517109897,13,0.3380261169158004,Q1_Train,0
23,64691.85119115643,16372.226457803195,0,0.06127688017249274,Q1_Train,0
39,26180.080044871625,33760.60367589175,9,0.38336579355493905,Q1_Train,0
44,130833.68289943371,20337.5188344934,13,0.09423909766305073,Q1_Train,0
69,72900.998272384,36760.489413484625,11,0.4967218459444741,Q1_Train,0
31,26903.761804684444,19679.84192063954,5,0.2519443739754971,Q1_Train,0
64,43757.25187848021,7193.117549334238,10,0.034304666977198285,Q1_Train,0
22,149066.6909223771,17682.203252769406,3,0.3134856058131514,Q1_Train,0
53,67976.82539581932,15711.611061905132,9,0.4067666069426847,Q2_Train,0
49,66242.68151925351,14564.425025282866,9,0.364005974786118,Q1_Train,0
65,41210.66520305637,24839.617512831694,0,0.35853277099035563,Q1_Train,0
30,29083.60266561744,41370.9169185857,8,0.39059596945810265,Q2_Train,0
18,50293.683965774966,9215.359540749047,1,0.15216632427702748,Q1_Train,0
64,134382.01872516196,21270.93654457022,7,0.38765037353308807,Q1_Train,0
50,38092.484481152394,17299.25920633466,10,0.047497746723390376,Q2_Train,0
55,65490.84854028464,35516.14766590706,3,0.05164326704492007,Q2_Train,0
50,44837.7324846275,36155.5762229204,3,0.2811651987003908,Q1_Train,0
65,59030.64912547719,14044.875879450696,10,0.14661294297843147,Q2_Train,0
25,55031.33543380588,14090.528441481018,9,0.26148877351766353,Q2_Train,0
66,35886.851536378555,87556.41688654725,8,0.3073503521943167,Q2_Train,0
29,120955.47732877865,16601.098081936037,8,0.31469057097145553,Q1_Train,0
22,26392.919369746127,37423.32244611083,5,0.09399185085847143,Q2_Train,0
41,152374.25270954607,18174.804285075064,7,0.45851435414823793,Q2_Train,0
23,36060.50057519961,28631.88722929073,12,0.4636611745078509,Q2_Train,0
42,57984.25619558728,5846.4077951997615,7,0.31710881086249176,Q2_Train,0
42,47673.31370841833,6237.5904817666815,7,0.3336145086534929,Q1_Train,0
18,26727.90376884199,17191.0156145862,10,0.2917751390027899,Q2_Train,0
59,189896.67583492605,48672.08714842471,11,0.20579548566556,Q2_Train,0
59,85484.17563213469,7131.480969727109,0,0.28998307295313974,Q2_Train,0
20,83480.30218042523,5143.051085894651,0,0.15720140661224102,Q1_Train,0
36,152501.2296813194,7807.710698686549,10,0.044843059386541324,Q1_Train,0
60,51693.79865188661,9333.471523316488,11,0.4313796007499606,Q2_Train,0
46,115623.21141761387,30318.190032120852,12,0.15158369526283008,Q2_Train,0
67,20634.05841614221,12095.262524953932,11,0.6510946740862953,Q2_Train,0
19,37705.802559066025,32559.91450929572,8,0.3878806847995754,Q2_Train,0
63,129683.63711779795,5121.850224231814,9,0.4529913724314123,Q1_Train,0
66,116282.5117813092,12984.071238814266,12,0.25563356884659116,Q1_Train,0
37,84584.19269141267,45549.695780313086,7,0.39088798478509584,Q2_Train,0
67,32992.52959383316,18104.228314269785,8,0.2795309678661369,Q2_Train,0
60,33088.141090147445,17760.139989831696,10,0.4341018698303431,Q1_Train,0
67,53967.01146392583,35771.244399369985,9,0.12180498293274601,Q1_Train,0
34,41847.312792912984,18159.053066253495,12,0.5601480401081127,Q2_Train,0
67,61599.29239331333,7537.736956034114,14,0.07751561382148138,Q2_Train,0
54,101689.72220097447,27159.866819848878,2,0.15154177106284447,Q2_Train,0
63,33641.41135932818,91700.2880600249,8,0.20260142716088067,Q2_Train,0
59,127268.69859198647,14626.432780794443,4,0.26062147388516765,Q2_Train,0
32,172968.02682565557,12261.11884646427,10,0.37745187295354266,Q2_Train,0
33,23046.51114863991,7700.653537927825,10,0.2612950686926837,Q1_Train,0
55,30495.138998790695,6798.497363094199,2,0.18994841333396317,Q1_Train,0
41,84675.91246156616,48528.57443415232,14,0.413849191050454,Q2_Train,0
33,49104.989581584385,47923.12407825889,1,0.17080913388909497,Q2_Train,0
47,110472.24982578962,10704.742038462718,4,0.546551630690276,Q1_Train,0
51,102657.84370684085,19479.932636194397,10,0.14762777735086594,Q2_Train,0
26,21600.751542502203,5764.317156232414,7,0.35069731359923567,Q1_Train,0
39,46416.911868565105,36178.62195836366,4,0.03722922801218581,Q1_Train,0
29,50722.638495099716,44486.22158919841,2,0.39992725895874925,Q2_Train,0
42,108829.34608547894,5726.587768608761,7,0.1968052952833662,Q1_Train,0
45,29123.581485712013,8754.210990408363,5,0.13085406495151755,Q2_Train,0
47,29818.95194151411,26981.013360180597,11,0.5741217694246528,Q2_Train,0
39,206400.93879138998,8337.346137108872,12,0.14383270249733737,Q1_Train,0
27,24612.26401956027,9447.580510781507,6,0.4980307088771945,Q1_Train,0
48,104080.23977562938,10732.7187076122,14,0.5784611122067987,Q1_Train,0
44,118025.23367034631,18935.545965092362,6,0.2529204423673168,Q2_Train,0
63,36651.65090000539,8509.422709160746,8,0.14093708085066708,Q1_Train,0
48,86149.19950745381,13609.867600060257,0,0.19424209611073573,Q1_Train,0
49,102442.80494565515,22568.707117778213,2,0.5340055004015123,Q1_Train,0
58,28713.467133802136,6177.161532150438,10,0.2870065651480806,Q1_Train,0
52,80527.82198915802,7700.104714123317,11,0.32531273412365697,Q2_Train,0
38,27829.244284194567,6065.175199019432,0,0.16751732904533487,Q2_Train,0
27,113051.21527411458,37409.7186872182,12,0.2671521600061274,Q1_Train,0
33,71819.34753758565,6322.424661519932,3,0.5486569199107201,Q1_Train,0
24,121690.62751623355,18666.180260077614,4,0.3899617190040924,Q2_Train,0
21,155130.05956545763,44789.08379809465,3,0.3928934538018311,Q1_Train,0
69,179293.10923737157,12245.843730677876,4,0.5185004940294966,Q1_Train,0
42,174236.64037574956,10961.244147180505,9,0.3976199150665305,Q2_Train,0
28,85129.67490616502,18756.045480798,6,0.49546960521371247,Q2_Train,0
65,80100.15981504065,9559.267398320913,3,0.04164211965951961,Q2_Train,0
37,68528.92460515808,5415.547564906761,1,0.1303589605264475,Q2_Train,0
53,20977.246992395576,54161.49860475737,10,0.19192593302366007,Q2_Train,0
62,25272.37673394248,7177.599326075417,12,0.29123329356743427,Q1_Train,0
28,37852.25848977752,14108.859955210228,9,0.5792020512491554,Q2_Train,0
47,23551.433200679923,5971.62596807393,1,0.21620424184299628,Q2_Train,0
52,146306.12149866507,5423.775173598244,10,0.48656105289237483,Q2_Train,0
58,50012.89786865037,5730.162327854017,6,0.4708441028029366,Q2_Train,0
39,63947.24634296095,13829.752410322013,9,0.12153697780257103,Q1_Train,0
60,30935.851477453965,32906.70263374337,2,0.2832123161219039,Q1_Train,0
65,101594.48433774369,10462.2947538253,5,0.6840027870760997,Q2_Train,0
54,121992.1772608885,20122.31437344362,11,0.04826034092164724,Q1_Train,0
63,60958.52826448487,11708.420527015036,1,0.09395677782489728,Q2_Train,0
52,46626.98637704963,30319.8398893343,1,0.17326039939840318,Q2_Train,0
21,41074.213872053326,5799.779416802726,8,0.21273968121728687,Q2_Train,0
33,55281.53859435936,49796.07681082303,8,0.27933260293279183,Q2_Train,0
33,23173.177420547276,28094.869871650426,10,0.14456092904530662,Q2_Train,0
53,104825.35983314207,8393.899267172488,2,0.5270913057562441,Q1_Train,0
36,86175.13516376539,12722.856420863254,7,0.32290549510746,Q2_Train,0
34,30740.622499647397,37426.64282566185,4,0.2954889791654506,Q2_Train,0
62,36199.84837590244,91202.31386734001,14,0.24282047230795886,Q2_Train,0
39,24485.457666411443,25386.8084211549,13,0.11725910138652584,Q1_Train,0
61,84678.0690007223,7007.840504867884,11,0.21428262793818334,Q2_Train,0
60,156493.8215855559,6169.416401309076,7,0.17036200266617965,Q1_Train,0
19,36823.98433884261,23134.80796883818,0,0.44237342960772497,Q2_Train,0
57,41440.96140799561,19306.654326968037,5,0.2841453329710193,Q1_Train,0
26,29611.03063541089,15005.707175035366,9,0.09415939208093176,Q1_Train,0
30,127207.59453041203,6072.746843952785,4,0.497637460808053,Q2_Train,0
33,35686.005859745375,14192.584387652494,13,0.31385537403036506,Q2_Train,0
19,55093.488590430985,15819.288241115928,7,0.08093763678177542,Q1_Train,0
59,75320.91527326097,25073.633664715984,11,0.5342449978157343,Q1_Train,0
25,72841.8454924158,20577.956940901935,13,0.21809978280919026,Q1_Train,0
59,21702.460779470926,28069.23660037624,10,0.03460352401777418,Q2_Train,0
30,143506.95484721346,15837.257808511386,7,0.20946776377287368,Q1_Train,0
34,136328.13509152705,11043.229526724921,14,0.24778884500041323,Q2_Train,0
20,86094.58336799771,10125.871267711285,12,0.16195730361737282,Q2_Train,0
47,98434.20645772068,18428.378812692466,12,0.34030847683697135,Q2_Train,0
36,115235.04497820488,6514.767113306998,8,0.5279235176815368,Q1_Train,0
24,30691.62771771128,9977.331426068658,9,0.20785691963663314,Q2_Train,0
26,48951.49292398976,11337.001276155795,6,0.32596625297882037,Q2_Train,0
36,21239.544045260107,32824.15516430654,9,0.06654453330404361,Q1_Train,0
35,101889.89652863919,35016.14772951792,13,0.27092868327428815,Q2_Train,0
19,110038.12314392977,11217.65199782416,12,0.7120101598222668,Q2_Train,0
67,58712.494499654335,9828.17282016819,14,0.17146084934556552,Q2_Train,0
67,20227.402004199124,9966.532756300705,0,0.06347470586062032,Q1_Train,0
28,134978.98420357544,10975.67191116912,0,0.709716697758112,Q2_Train,0
50,49942.30833577795,19519.91321046987,8,0.299720577060398,Q2_Train,0
33,22419.41661444383,16100.185876231353,2,0.37399676566731826,Q1_Train,0
28,22726.525660186308,34336.2414059366,10,0.17119698246589662,Q1_Train,0
50,91890.29121674367,33030.111139938104,4,0.21499261089731225,Q2_Train,0
24,37865.95685866766,8673.50408800912,6,0.2832823853905318,Q1_Train,0
65,61518.556596537805,27975.844246114448,14,0.11413345790933777,Q1_Train,0
63,43371.23623780586,35246.92640634603,4,0.28985273789063504,Q1_Train,0
31,127908.93832832089,15221.248294918485,4,0.1262240429941621,Q2_Train,0
45,23078.766273466124,16167.468733346846,9,0.22710947931724468,Q2_Train,0
60,70448.18489616452,23041.518868272567,3,0.24390903815471676,Q1_Train,0
33,39111.36112848866,11012.968435476661,13,0.3567867405822045,Q1_Train,0
36,63766.47076299877,10210.45781816816,5,0.3847202996614117,Q2_Train,0
34,53073.44568034617,23342.11027620948,2,0.2878798325654695,Q1_Train,0
60,60985.42165769055,46672.24127537397,9,0.2281650703903752,Q2_Train,0
66,25983.823214584943,7431.529288547104,9,0.3915681791885841,Q1_Train,0
34,39041.443661233105,11130.8699173469,12,0.09885268051253322,Q1_Train,0
48,63905.95507799069,10966.36768154148,9,0.1891355623978961,Q1_Train,0
22,36657.70076174036,9056.706291975504,5,0.3451741497589628,Q1_Train,0
53,66874.13235998864,10169.282852273098,9,0.22789929986106447,Q1_Train,0
41,35316.740274365904,10553.714450009567,9,0.11693006624808112,Q2_Train,0
34,108467.11827852942,8116.191103966397,12,0.603039767304886,Q2_Train,0
43,249408.23222210738,12523.507260427938,6,0.08626743312771827,Q2_Train,0
21,157013.95175478794,31265.565200934907,1,0.4541556356754402,Q2_Train,0
62,58085.94154351155,33725.53613163465,8,0.5977575943797238,Q1_Train,0
29,89300.44393220279,5705.24183109475,9,0.1526330405843174,Q2_Train,0
38,65192.84789509094,8406.713645958827,13,0.1837918523645186,Q2_Train,0
38,20112.411693124955,14140.152828689836,4,0.37390154855042657,Q2_Train,0
35,190005.90006177925,52061.47379091655,6,0.42676067587178185,Q2_Train,0
60,26749.092368308124,43925.637728846275,8,0.26083993738379097,Q1_Train,0
66,64358.438624850474,7813.089948423874,8,0.02012408131630185,Q1_Train,0
61,168270.47874315394,6783.170628112901,10,0.05716791961434656,Q2_Train,0
49,80179.90681805172,22115.152411576837,7,0.25684049440281614,Q1_Train,0
27,36172.57657905573,17134.67107670608,0,0.09601336343919295,Q2_Train,0
57,159891.6493025472,17200.749450599607,9,0.5272764524909311,Q2_Train,0
22,213290.3964280548,28645.484881470507,10,0.40300533426521684,Q2_Train,0
21,23021.51926548343,16504.259894401253,14,0.5011544502881307,Q2_Train,0
45,90090.703166048,6430.644469386995,8,0.535485129978706,Q1_Train,0
69,22317.777319501613,25623.243236602902,2,0.1954963471371641,Q2_Train,0
21,25751.797309335918,13728.931640026516,4,0.2766478539874686,Q2_Train,0
34,130030.83587842979,6603.745124032226,2,0.18023268324542485,Q2_Train,0
61,25034.897003156915,5393.304438922362,10,0.36985314550325554,Q2_Train,0
64,65674.48772486346,18164.68100087401,12,0.533776317248705,Q1_Train,0
40,143597.87246726835,113916.57413520853,1,0.14393062583459879,Q1_Train,0
35,122428.64817676884,12708.65408457655,12,0.267432472612672,Q1_Train,0
48,35911.98997269325,11509.30874914111,10,0.10105328700142316,Q2_Train,0
61,32443.814407103622,33549.0928158253,13,0.09084544643378638,Q2_Train,0
18,58962.70790598043,17826.63426718917,12,0.5294586468403681,Q1_Train,0
20,121452.18726325991,6927.957736631644,13,0.19778405868425913,Q1_Train,0
20,94275.23963496696,12750.542861701171,2,0.27321664021396946,Q2_Train,0
36,49736.49996071539,47200.69052258193,5,0.6824014357196292,Q2_Train,0
46,39463.215023178345,19295.41500255882,12,0.535913655713284,Q1_Train,0
42,90807.9492712526,12518.420162679085,0,0.1771553467088402,Q2_Train,0
50,98823.92355174982,9354.931409548426,10,0.20304404710379312,Q1_Train,0
43,64541.468068119364,5066.3977832749015,5,0.24888101115680444,Q2_Train,0
21,41312.416739203225,9693.517693097223,7,0.03245554857573945,Q2_Train,0
66,30919.788807002744,21699.00448064782,9,0.4410097474185482,Q2_Train,0
67,35634.6894027205,20876.748070538255,2,0.06945777174524415,Q2_Train,0
44,142001.15329358843,49918.701984335574,13,0.45449735273970643,Q1_Train,0
40,108204.67409680132,9102.556485811376,1,0.30594554110399785,Q1_Train,0
38,84312.75043301255,17204.286995860602,13,0.15489008665382623,Q1_Train,0
21,25548.145924758457,22721.31323896421,6,0.5496348000854608,Q1_Train,0
54,97045.4002157065,20523.225521717868,5,0.29717594286430066,Q2_Train,0
48,35189.75498817326,6422.335900164719,4,0.2709380700001873,Q1_Train,0
58,82480.09295706559,14375.452973693196,2,0.7287094891201916,Q2_Train,0
55,40842.43633966206,15755.32819221594,5,0.17398076459653655,Q2_Train,0
41,21021.946031353327,35068.60724820403,8,0.2736156311881844,Q2_Train,0
64,21310.633792065484,32266.65858347323,7,0.34889537603678467,Q1_Train,1
69,64285.79954626483,64615.655589613256,10,0.12897680234203068,Q1_Train,0
63,143767.25323598064,23669.7822615495,2,0.4162558229555672,Q2_Train,0
31,27447.678307858212,26854.82025315147,14,0.4196209128585338,Q1_Train,0
31,47342.92759684263,32715.631889877983,3,0.0859102369407057,Q2_Train,0
61,64102.52057590584,14311.032511833826,2,0.21246137359194836,Q1_Train,0
33,94175.46264012149,38443.011156128705,2,0.18902685516111753,Q2_Train,0
50,27295.68435053642,24023.635486632236,9,0.3732655162194377,Q1_Train,0
29,72658.19625963797,13318.878407483498,3,0.16227965868221356,Q1_Train,0
68,82955.16462648477,9295.502998593836,0,0.04106121208411038,Q1_Train,0
55,30858.62482993264,13237.689711639658,3,0.6746920812488353,Q1_Train,0
50,24129.21469630439,38347.83300653207,14,0.2083145962909082,Q2_Train,0
50,73432.83886623138,6113.410246860513,4,0.4911099705450783,Q1_Train,0
46,22858.839404192477,11536.735083641248,7,0.16188431838630674,Q2_Train,0
33,39366.938142481195,5340.1822293493315,1,0.35496684101119,Q2_Train,0
48,278826.7427736514,31165.824046496324,8,0.37980799953367367,Q1_Train,0
42,41402.8216979141,20246.64193811868,14,0.4539864171302818,Q1_Train,0
65,91517.7282615022,7146.773396991939,2,0.22310561870237655,Q1_Train,0
63,27096.442833736804,19414.519387370598,8,0.14808617149530276,Q1_Train,0
30,30235.465268505395,18823.765929930254,8,0.1865297500008211,Q2_Train,0
27,25250.808557228964,15608.795680952902,1,0.11558255907887605,Q2_Train,0
41,48285.579874327566,21772.940669816067,9,0.11919342015123763,Q2_Train,0
58,140292.58808936673,30165.60456569388,0,0.32831515052401383,Q2_Train,0
30,111182.98823563434,17357.1365486696,2,0.07411534294983993,Q2_Train,0
69,135890.39731259388,26815.47727051775,1,0.09682529386832098,Q2_Train,0
51,27272.53707656099,18138.59386078672,4,0.22593031365912888,Q1_Train,0
66,108595.97326752996,16011.219995999418,14,0.113891933177721,Q2_Train,0
36,51989.6143265081,14575.077864631898,12,0.17365491113112752,Q1_Train,0
40,72005.28116142831,16590.47664160108,8,0.26876280833950456,Q2_Train,0
49,140952.4629600404,14129.117339147755,10,0.15362627347784083,Q2_Train,0
30,24831.18284469187,7378.667197095976,0,0.18700167950714727,Q2_Train,0
50,42671.52536914272,7444.1845010618545,0,0.333648273414427,Q2_Train,0
20,49881.7969627601,13855.003636510239,0,0.3515112378570787,Q2_Train,0
24,108378.64536672883,10499.963261807596,8,0.1401913292756531,Q1_Train,0
41,86910.35311584156,7995.486552052909,13,0.13201041364632382,Q2_Train,0
39,46538.645424475006,10921.518428352247,1,0.11711482658404518,Q2_Train,0
62,86431.68233819681,9571.183795731937,0,0.08771681993231199,Q1_Train,0
40,60060.08933854635,6290.357209464215,2,0.31959799613255796,Q2_Train,0
47,141879.59185260138,15532.412405555404,14,0.0896777467284038,Q2_Train,0
24,119359.75691088785,19525.831114967208,11,0.1633184969810783,Q1_Train,0
22,135385.2305885171,15286.741499840648,0,0.4339892001617786,Q2_Train,0
45,161177.98589094004,42433.19514128106,3,0.17274370611565887,Q1_Train,0
25,34417.77289804325,65008.17651745453,3,0.41993615650552596,Q2_Train,0
32,79359.28573759482,30355.06743257012,5,0.17902429263563754,Q1_Train,0
69,102895.51391816072,17386.626508894493,11,0.17625164068806187,Q1_Train,0
22,49597.319470790906,7345.402941926122,5,0.10293670253899627,Q1_Train,0
55,86423.38856219697,6172.82870593542,13,0.3212301534178082,Q1_Train,0
56,20875.829982612882,24007.10898883335,10,0.8301251213453099,Q1_Train,0
43,72027.91349541108,7688.507758009206,13,0.18525617397071992,Q2_Train,0
37,43557.83345821965,9266.461029104992,12,0.22318182889412158,Q1_Train,0
62,20652.325194165664,33203.47310321803,4,0.2570709019154894,Q1_Train,0
43,133044.70254565479,6611.611286020854,7,0.4079526005037439,Q1_Train,0
48,63703.18313796984,39364.750985645165,10,0.08248785569703292,Q2_Train,0
69,112212.89445258904,11605.46310330821,5,0.22669235107359129,Q1_Train,0
59,170834.91878571585,23298.93303256774,6,0.44361169648195475,Q1_Train,0
29,61086.953885752635,25212.993404160894,10,0.37311029024238174,Q1_Train,0
59,71048.405132855,7582.246641464998,0,0.25390855282620306,Q1_Train,0
26,23964.010709994003,6459.746794294104,1,0.3768203703907415,Q2_Train,1
43,41796.06911639639,6360.6713018861865,6,0.3630410770449095,Q1_Train,0
33,34323.91665387726,10323.815057817566,12,0.39212817369763286,Q2_Train,0
67,194643.38339569757,9520.347161859328,2,0.1473480727249695,Q2_Train,0
31,88387.837941476,17068.529282480893,9,0.2612991526861117,Q2_Train,0
50,27673.81503693573,8179.596096738064,9,0.31874530959636055,Q1_Train,0
67,103889.39391078457,33962.38209419974,5,0.3691664412857386,Q1_Train,0
41,66354.31608259254,7739.652306204024,10,0.2178824303017875,Q1_Train,0
30,214325.9709418367,9212.004100007991,9,0.36172256346190457,Q1_Train,0
19,41893.21902442668,17885.419918056235,7,0.19749965412395953,Q2_Train,0
65,177134.55992749755,67982.6511597044,5,0.17059631262939517,Q1_Train,0
38,71059.22946129763,8928.06319819409,12,0.08502784646969762,Q2_Train,0
36,40283.08850668036,9079.444578968307,1,0.43537213142453085,Q2_Train,0
28,21244.43929878325,16776.26256490659,11,0.23534813153399695,Q1_Train,0
49,171421.33260461042,32237.029160559072,11,0.18249521595020296,Q1_Train,0
38,33403.32232844873,15763.158992067278,12,0.33229982576412154,Q2_Train,0
56,95294.33614204684,10629.545887774479,5,0.3564502390152265,Q1_Train,0
25,81524.35249527649,5861.651817306866,10,0.5944927860885335,Q1_Train,0
59,80194.03540726687,23986.71800785792,0,0.4666520447260498,Q2_Train,0
54,30212.27140837613,16631.77963709454,2,0.6001722012375533,Q2_Train,0
26,65456.80815008755,41799.62702237436,5,0.44772882501596756,Q1_Train,0
19,76108.89474575024,5872.532605992787,9,0.2448538285346189,Q1_Train,0
36,34887.56330635003,49475.172519657746,5,0.26593085650408926,Q2_Train,0
37,61449.72941004326,31898.944224238403,10,0.27575020524101806,Q1_Train,0
58,28977.77184382378,7541.2285542312,11,0.25670393446775275,Q2_Train,0
46,85487.67743220628,27603.634810292784,14,0.1872709495366295,Q1_Train,0
34,84923.80140834762,35022.623782651266,10,0.24024918920310642,Q1_Train,0
42,98453.38154813342,14899.492959336547,1,0.40773555624726954,Q1_Train,0
55,49080.7166339066,12667.807624220008,9,0.17224989159239276,Q1_Train,0
21,56715.77258721603,25852.666356661808,13,0.4348094435645994,Q2_Train,0
47,234965.63304535733,17638.15858911981,0,0.2112807163054405,Q1_Train,0
37,192181.3393388475,55408.382976249595,9,0.16717918421145356,Q1_Train,0
20,46791.54366759664,12070.13214149285,13,0.3148377690741,Q1_Train,0
40,77787.63603687109,5657.32751279143,14,0.16800689938504876,Q2_Train,0
68,35570.75280074034,18348.550880919487,12,0.4133688265568907,Q2_Train,0
35,28284.87795465975,11542.025868488496,6,0.13405823023820393,Q2_Train,0
43,93137.44061644479,11293.620382569683,11,0.5486780771532433,Q2_Train,0
53,48651.00865592189,17469.564371779226,0,0.303410457642261,Q2_Train,0
54,155357.6555237207,38280.5058921904,11,0.5997749756786714,Q2_Train,0
62,65358.33767010882,38838.261745792246,11,0.5559432886176313,Q2_Train,0
50,52661.82844273126,9010.136385618505,0,0.07113713783459694,Q2_Train,0
44,27649.784879910083,23379.508859468242,2,0.4006933668963955,Q2_Train,0
39,130119.07871866942,24765.260882534603,4,0.3183242653094697,Q1_Train,0
43,89672.68731080879,15228.755392125042,1,0.3391402145603806,Q2_Train,0
49,20228.966587185714,30507.791958676746,10,0.39890885976420876,Q1_Train,0
54,23395.24729529595,19010.562886955966,1,0.4118307080843701,Q2_Train,0
24,27316.904118981947,23283.683869528882,6,0.0640263605747947,Q1_Train,0
48,98572.31314095073,11058.582466453965,2,0.1727926630724001,Q1_Train,0
28,99136.18212162389,52644.541493591205,6,0.2724409553832176,Q1_Train,0
25,30526.121099821343,22202.27655612344,13,0.24022707399398452,Q2_Train,0
49,44117.05264194707,11697.825321680055,3,0.29484639310028576,Q1_Train,0
55,177175.45106914602,19612.100170696398,13,0.17977670165961737,Q1_Train,0
51,23246.256953944845,16450.743629414126,4,0.28787325800957486,Q1_Train,0
36,44292.829290008325,27795.137360919667,10,0.11038330187052312,Q2_Train,0
31,61083.519279469474,6141.464002048828,3,0.31334288923182985,Q1_Train,0
50,264133.655490945,32348.470653833374,13,0.22838802469093447,Q2_Train,0
21,82363.56122433567,12135.131414101998,12,0.3901355131136904,Q2_Train,0
44,106929.44519818234,18654.643562208996,6,0.07488598503920052,Q2_Train,0
45,132991.0040323109,25450.271247298293,1,0.20360281966752605,Q1_Train,0
60,47582.91068295227,10936.017618498401,5,0.4871074513759988,Q1_Train,0
69,111418.51488441013,28762.00205273783,6,0.3752775553785263,Q1_Train,0
65,58398.110896819315,5881.495560168488,6,0.18784885073166765,Q1_Train,0
39,23396.148974467756,23505.15181553245,7,0.10612862463780025,Q1_Train,0
26,25288.407975007052,5252.1246820363895,5,0.5901315936557057,Q1_Train,0
26,40109.043276481476,11020.530783167815,8,0.4635712458012789,Q2_Train,0
34,40710.88698529612,36372.65942422932,7,0.256589827655098,Q1_Train,0
25,26114.707852117946,29679.77452554089,10,0.47543797536540333,Q2_Train,0
18,51892.00662313468,27452.77309536518,6,0.36251244274704975,Q2_Train,1
58,109531.25885500426,44622.18076239722,2,0.09151323895229944,Q1_Train,0
33,117161.49525900361,9986.453689018868,7,0.37478295701944864,Q2_Train,0
66,139990.18246237215,6465.2872631902155,8,0.3740930697602195,Q2_Train,0
35,34701.24538796573,46748.18506915044,13,0.4079618922238394,Q1_Train,0
18,67942.95646186314,66890.61413559434,8,0.232123224121881,Q1_Train,0
25,145474.8832871379,25565.867135872864,4,0.43195756451783035,Q1_Train,0
20,47105.45939381348,10866.15793536531,1,0.3022043332471398,Q1_Train,0
42,116490.35966273569,35178.701396003235,7,0.13753931909658,Q1_Train,0
36,128971.09144660392,7113.845967279617,4,0.4945604714666369,Q1_Train,0
48,38881.94025860239,8038.439595089158,11,0.2565490728793473,Q1_Train,0
50,37763.22504635784,8728.460835622445,11,0.0738519397108907,Q1_Train,0
35,25151.956180918372,19187.197322534645,10,0.29633701954065494,Q1_Train,0
33,103191.67628668122,17256.984833267044,8,0.20971310954628664,Q2_Train,0
64,21840.17791176938,5759.711241202551,13,0.3569427014665834,Q2_Train,0
55,61808.66632127917,15911.108581936449,11,0.19036454619356222,Q1_Train,0
58,43241.74023108643,8423.946815259897,14,0.5041167286661129,Q1_Train,0
31,27855.32304375026,9332.454720900812,8,0.12653378118031944,Q2_Train,0
60,61440.55713299268,11402.969624723271,7,0.23531013999045736,Q1_Train,0
42,41158.5187547259,17899.99600728911,12,0.4459799038915067,Q2_Train,0
39,30302.68113486325,24684.640146978058,3,0.35493181362688736,Q2_Train,0
69,102875.41635701201,27797.874146207407,3,0.5599118868755746,Q1_Train,0
46,27399.731750575607,56347.36589106104,5,0.21445430633434598,Q1_Train,0
29,69037.46792448142,19470.674600872346,8,0.31303490226620495,Q1_Train,0
34,128105.4149199369,10867.481777866757,3,0.41781720075594564,Q1_Train,0
54,30835.43513364336,13788.237979495902,9,0.17376785497825828,Q2_Train,0
42,35779.94142044781,6158.884363864614,1,0.5603459502238824,Q1_Train,0
30,101844.68242015388,28957.359150651024,11,0.24515739930120542,Q1_Train,0
20,44422.70871433456,22840.992984225406,9,0.5608632032005924,Q2_Train,0
52,93321.05931703332,7067.320537507312,12,0.21910335700882397,Q1_Train,0
39,80396.62592314591,16139.562687649997,7,0.20275332761016185,Q1_Train,0
67,89446.3637041037,42404.505655147914,2,0.08228361348992318,Q2_Train,0
26,98902.31752149643,15962.06911620779,8,0.1884676715731054,Q2_Train,0
58,60720.94338579066,19681.02739620192,7,0.3935673781501641,Q2_Train,0
35,157658.4438367922,13790.242219857126,9,0.5393302627224528,Q1_Train,0
67,25965.446985629525,15651.570939047011,4,0.031136733558756177,Q2_Train,0
46,27010.3340730943,24220.63718639372,12,0.15778288075321034,Q2_Train,0
44,112372.47059929321,19330.759235848174,5,0.08293797374097002,Q1_Train,0
53,51859.589895486984,6385.306535543348,5,0.6214569536297774,Q2_Train,0
62,186159.35826657427,33973.26852675725,1,0.26560470659350616,Q1_Train,0
34,76876.38612695836,47830.00513854261,6,0.2189400863332415,Q2_Train,0
51,223297.32194323852,27725.732708347656,2,0.11814419086950705,Q2_Train,0
20,31258.11339310267,48168.528322603415,8,0.1165200738203634,Q1_Train,1
22,49384.71489102622,8698.645416452393,2,0.410039547217175,Q2_Train,0
31,216833.3134510344,8897.753847375501,5,0.06741314511239872,Q1_Train,0
40,177346.87011294696,5112.3651004215,5,0.22443986565695337,Q2_Train,0
47,49179.344317922136,5491.760298371239,2,0.1239146087721677,Q2_Train,0
44,23990.011087100305,5373.844227403688,11,0.3356419900563285,Q2_Train,0
42,65440.90025633444,6692.2240459490695,11,0.3877426889870677,Q2_Train,0
30,153790.68595707117,47283.531999509265,0,0.11588109951694779,Q2_Train,0
51,61842.565484305,27024.417004462248,0,0.21019625280547094,Q2_Train,0
54,108451.95925126271,13022.986623025141,7,0.12303954978636049,Q1_Train,0
39,39735.59395238586,32836.408701921115,14,0.28360077638185277,Q2_Train,0
34,176703.82670306347,32342.341831629543,6,0.11469824284269173,Q1_Train,0
40,51363.77721505462,78156.16484442005,6,0.010183464190356567,Q2_Train,0
53,176448.33076927933,29431.4465736149,1,0.2309806070628479,Q1_Train,0
66,126329.43101486807,8614.875337832007,9,0.468346872659283,Q2_Train,0
26,92978.09417093349,18244.594320558594,14,0.35680194447932634,Q2_Train,0
19,64208.74361788715,15644.930935014125,7,0.11305547319761286,Q2_Train,0
49,111017.0259006575,10281.867837828026,7,0.10565432753717373,Q2_Train,0
67,59269.24247330929,8538.509233783268,14,0.3711504608543557,Q1_Train,0
39,87006.73058509313,23929.057923869463,4,0.1129058192875924,Q2_Train,0
60,98189.5510651432,6609.798675265345,7,0.19868886501422778,Q1_Train,0
30,55984.337567441224,5763.337419931421,12,0.20558044083212676,Q2_Train,0
21,111732.18338879381,32482.387922011134,1,0.16927779671956528,Q2_Train,0
58,21277.937265075518,7147.468130459157,2,0.11612165411798643,Q1_Train,0
24,50650.33800077673,18109.878161245022,5,0.29386341680326317,Q2_Train,0
41,193403.95382588697,5108.246588608418,5,0.2220670374706115,Q1_Train,0
22,199350.91314541252,21549.29688887151,10,0.3532133397442209,Q2_Train,0
42,49144.955632948375,6339.915938332237,6,0.5239455520568416,Q1_Train,0
36,86831.17024866873,24650.2328814645,7,0.36857579299559334,Q2_Train,0
33,45158.787758064616,13295.284519954366,4,0.49261717029251295,Q2_Train,0
33,208215.52714985565,24011.790383462205,13,0.25889735179909934,Q2_Train,0
54,21887.489740476074,19754.78666694015,8,0.09107725273912294,Q1_Train,0
32,58817.81001868707,6798.251243218042,14,0.4075338090889996,Q1_Train,0
49,70772.79061999463,20951.430833624087,14,0.540907728845727,Q2_Train,0
63,96107.39729450655,55016.06772191086,4,0.1907764856872634,Q1_Train,0
35,44425.551508035074,36695.63704559832,9,0.1530555254523593,Q1_Train,0
53,51112.1729648458,10202.357980904653,9,0.3421210974234871,Q1_Train,0
43,37852.1621653834,33681.924077257354,11,0.5095044345008952,Q1_Train,0
27,33478.59324877321,24597.112838921184,1,0.19544300208032303,Q1_Train,0
48,147733.04060297395,11509.186441861662,6,0.3617424094210578,Q2_Train,0
50,89080.59507399131,41251.58230275053,8,0.15198992277634482,Q1_Train,0
22,80224.64525203081,10734.157190315633,8,0.21457431352828923,Q1_Train,0
30,188752.73071599132,9921.017791967337,3,0.11213803762119906,Q1_Train,0
40,35360.53636131142,26318.31840467877,6,0.2995977448038039,Q2_Train,0
57,31193.349971672877,11459.415387688987,0,0.10174800016475327,Q1_Train,0
20,121927.7123040406,9398.832521327258,1,0.36200007627012576,Q2_Train,0
20,29873.201144977684,8566.569805128427,1,0.11086854945364075,Q1_Train,0
24,38413.95750947623,9205.48615331132,14,0.21802569593814192,Q1_Train,0
32,102560.87308939688,5629.09180353585,9,0.21349380664334514,Q2_Train,0
20,58204.74693543967,19437.87084236391,2,0.38557721050898147,Q1_Train,0
46,188284.86423115735,6389.614936415637,8,0.13648450939139556,Q2_Train,0
47,37645.654048701355,32985.25128111617,0,0.21799267015640333,Q2_Train,0
28,93731.42616485912,21882.214510446152,9,0.4275057910600458,Q1_Train,0
60,46788.27799356641,8904.029308945792,14,0.2652593389963783,Q1_Train,0
66,31975.012170183953,37874.265974372975,1,0.3351142410739193,Q2_Train,0
48,29629.12550607,12419.519611456031,11,0.23547677025200428,Q2_Train,0
36,119646.27908801433,22554.848457015734,4,0.48322832786889,Q2_Train,0
20,93553.61549236087,8073.741363297457,10,0.4036473429533606,Q2_Train,0
53,62182.3519705217,15251.293867703725,8,0.2516444221721645,Q1_Train,0
60,71392.08452715926,25075.269058323243,5,0.14423511801303696,Q1_Train,0
58,40072.16594779305,38373.14690738813,6,0.3308742667827132,Q2_Train,0
62,32641.1087213746,5927.84136722419,3,0.1545945000361202,Q2_Train,0
33,32979.17852134151,6882.868989135688,3,0.4381033063052764,Q1_Train,0
53,104503.58978529679,8716.239171944555,1,0.3278866317176547,Q2_Train,0
37,51133.959358303895,25540.688131080027,10,0.2972011295974271,Q2_Train,0
30,35922.15973645628,22794.3141339475,1,0.265579536563694,Q1_Train,0
50,135216.34089550885,13656.944049431899,12,0.22061821102103368,Q2_Train,0
22,24648.83538663622,42527.81229571084,1,0.5064641737254935,Q2_Train,0
54,27797.98332891922,31774.403773592217,11,0.5977381500152457,Q2_Train,0
44,114894.43593308228,13726.118058679958,13,0.07590432873728921,Q1_Train,0
40,25015.953931159936,14349.446286881886,11,0.14441414217344387,Q1_Train,0
57,87839.01743863038,27691.81562883706,6,0.32107210793379637,Q1_Train,0
56,53347.47268743209,31341.396636600035,2,0.6512390154399137,Q2_Train,0
69,39363.17038261353,16881.190963653207,10,0.17202898480087664,Q2_Train,0
36,41651.718006320996,32296.935287896315,11,0.20639833939185165,Q2_Train,0
47,63966.00572509077,65205.29775868728,8,0.2792774514267554,Q2_Train,0
48,51424.73754025496,9734.84525446466,2,0.48840611294320097,Q2_Train,0
48,60933.20939685159,30794.059032102254,3,0.18194754795886736,Q2_Train,0
63,24139.71152899549,10712.732583890307,12,0.33597013731023295,Q2_Train,0
48,75706.28456883664,39868.49169768738,13,0.24760559356992334,Q1_Train,0
54,50753.46586299766,44443.11544544128,8,0.38448736182502447,Q1_Train,0
40,107184.43456861109,29060.0543251416,11,0.30364174058276805,Q1_Train,0
44,146398.85991975974,46033.523669911425,4,0.25295075804859035,Q2_Train,0
23,22041.330050690496,30776.750671151367,9,0.15712147411026256,Q1_Train,0
19,21789.677954854276,11453.794127986112,10,0.3731317181796295,Q2_Train,0
62,49448.069549664506,11144.49910876901,1,0.248172564680641,Q2_Train,0
68,79572.31243347081,28987.638469041165,5,0.6368725246906097,Q1_Train,0
36,105990.92212034612,32144.82420567117,11,0.20263053911593,Q2_Train,0
18,40993.218428836284,18795.044890401987,10,0.6418375044652849,Q2_Train,0
65,23983.946844065144,22237.140572841836,11,0.17544873410970951,Q2_Train,0
19,35523.0268964463,80709.43331654771,10,0.10536795754599813,Q2_Train,0
57,33025.116229286425,14320.470611061337,13,0.27391036244670075,Q2_Train,0
55,23146.101667188806,10709.908878508675,5,0.10400071074694707,Q2_Train,0
28,49551.59316122213,8781.006823640324,7,0.15735057530582094,Q1_Train,0
68,35701.62229406915,22108.56666920923,1,0.07653209323739162,Q2_Train,0
39,42883.665116786826,33906.0159234333,5,0.38195145775534295,Q1_Train,0
21,96306.41215198653,15425.168034657336,0,0.4284762374198873,Q2_Train,0
26,42259.79126324985,8681.780019604294,14,0.35830881972334705,Q2_Train,0
43,107966.69415106259,26914.685192567486,9,0.31005875592791765,Q2_Train,0
19,87034.99552043244,8405.869548604898,11,0.5284255175340854,Q1_Train,0
23,20385.306710244917,27298.840710181677,11,0.33646031485995204,Q2_Train,0
38,24622.091006911687,27978.8371797437,10,0.25419849214661305,Q2_Train,0
43,76094.88835054945,23966.66642434459,3,0.24723260547030868,Q1_Train,0
45,105497.48282668692,16761.49037870529,11,0.5753484403298098,Q2_Train,0
25,20602.608306245867,10140.937771195047,0,0.3825764269200747,Q2_Train,0
41,27265.2789008664,25680.418346484777,3,0.46834772826921633,Q2_Train,0
65,37142.056831207796,8913.607448481578,5,0.24781021367723996,Q1_Train,0
54,22648.846785202506,5903.065345646572,6,0.038854293123411814,Q1_Train,0
43,41465.40117197523,26950.768584981808,11,0.19252207118963197,Q2_Train,0
48,24415.81734882634,27725.699437004136,2,0.15728705126988116,Q2_Train,0
68,116072.13868137695,11392.945849265761,9,0.34393256645625386,Q2_Train,0
58,57462.5499559075,8161.885961102259,8,0.04102484360553804,Q2_Train,0
19,42136.54819641083,11482.414207579777,0,0.36099958189571746,Q2_Train,0
42,20113.810410129103,9538.498009892983,9,0.10857791915425896,Q2_Train,0
69,36281.47346579721,12034.662255543102,13,0.05440749629122404,Q2_Train,0
19,74586.1094720115,15699.291595010971,9,0.2824599392457793,Q1_Train,0
59,32999.28716446996,5536.0196988814005,1,0.4661578718132387,Q1_Train,0
18,27477.28100397011,5851.195966960302,4,0.2505801329422597,Q2_Train,0
26,28030.642725463877,6410.335558389388,5,0.5273787547424392,Q1_Train,0
53,28528.582965307804,12322.023119482983,13,0.3490370846667496,Q2_Train,0
58,22236.883581390695,14679.501761863252,7,0.2769593758854011,Q2_Train,0
55,32407.597541892654,6889.062742861,1,0.28982661252304415,Q1_Train,0
63,70043.1381490138,22128.618262800504,1,0.13698654339774471,Q2_Train,0
39,23936.04479116172,40825.11432323432,13,0.5642380056088813,Q2_Train,0
42,63803.10552186681,5485.110998289167,5,0.22996025989345428,Q1_Train,0
32,47206.02407264393,23153.967673151048,3,0.4223848506069171,Q1_Train,0
65,42072.76271655045,11756.054749854877,11,0.2419773972657569,Q2_Train,0
25,80295.34464981376,27053.372309623508,4,0.250094012217298,Q2_Train,0
30,66752.42520458385,47648.114844651995,1,0.34208740605961746,Q1_Train,0
60,20999.023134554038,34546.71699624423,7,0.45340099252835603,Q2_Train,0
49,56353.28647523127,21160.04372847727,0,0.2916351815759976,Q1_Train,0
30,43325.560513688135,7055.438970905712,6,0.16960242158239794,Q1_Train,0
39,169473.09126800738,15152.227865140247,12,0.03942364397169115,Q2_Train,0
65,27188.76058896639,11975.603853151219,1,0.3177032571862998,Q1_Train,0
27,80406.7241864345,14434.368485785888,4,0.23828939505207636,Q2_Train,0
36,31004.092181854012,6058.834312636816,7,0.21416201792115394,Q2_Train,0
54,22138.235838567445,21044.89038760336,10,0.3841015110384137,Q1_Train,0
63,36523.48470098224,12759.983216059005,5,0.3414762844035157,Q1_Train,0
19,32959.56826184243,5050.023699545965,14,0.1788071288099624,Q2_Train,0
53,80302.4587111097,21263.3781178653,14,0.1524005729751944,Q2_Train,0
42,20601.71932889036,39380.75045726339,5,0.3690620891962733,Q2_Train,0
61,77369.6647646337,9780.092623768216,3,0.09308202869602425,Q1_Train,0
63,96054.8099051731,15288.267915621547,3,0.11468064432181134,Q1_Train,0
40,75648.61765642808,29942.2888602707,0,0.2913750839228267,Q1_Train,0
36,49452.808845384505,14846.06911460527,12,0.1827640413025071,Q1_Train,0
63,35866.12161652219,8407.955454727102,2,0.04449923280951936,Q2_Train,0
39,118615.15675115518,29879.179503711537,10,0.16392566753323745,Q1_Train,0
30,72290.1363217636,14117.0586449405,7,0.44839357908944794,Q1_Train,0
38,99978.54639393865,51795.71671373927,2,0.2244659788848596,Q2_Train,0
18,60144.411362907034,16468.726733538737,13,0.5132408003916459,Q2_Train,0
36,29429.041330421092,6862.016966313018,13,0.26222100153068867,Q2_Train,0
59,141091.80460559617,13843.475313568575,0,0.15628574552895486,Q1_Train,0
20,31668.448031488442,5395.051971495564,14,0.383083674367688,Q2_Train,0
58,147153.907472717,23893.98577422553,3,0.11903460191447574,Q1_Train,0
45,106642.73946978066,5116.399301728652,11,0.11469468820067653,Q2_Train,0
23,43634.37317511507,33314.579064355836,10,0.22321309056918762,Q2_Train,0
23,20225.168590158784,56977.60805306571,0,0.19194645635611582,Q2_Train,0
50,90746.66705089888,10167.209374477705,14,0.09249640977818392,Q2_Train,0
33,99201.19168706455,29067.186588488483,12,0.07025889605460478,Q2_Train,0
29,54116.77887794617,21773.39892728155,10,0.30407654059971034,Q2_Train,0
22,22127.78943939066,9558.764474542833,3,0.3295700931210733,Q1_Train,0
54,28434.036534872233,39150.672934845425,10,0.08157445090319576,Q2_Train,0
45,29422.953046895407,12791.974035191182,5,0.36064268139464417,Q2_Train,0
47,117845.91398330283,7752.060687945881,6,0.37747201046048484,Q2_Train,0
61,44156.470067317445,11382.117863414815,7,0.2019595511940085,Q2_Train,0
52,51120.56020527225,12112.179732629073,7,0.13841717417691615,Q1_Train,0
43,23837.76213836127,21697.603456760222,3,0.1561464859736877,Q2_Train,0
56,36056.11146586723,30079.461226327698,9,0.0685907132057002,Q1_Train,0
66,115401.10558198995,18004.050501024663,0,0.5136300038752091,Q2_Train,0
68,88065.50149836791,22632.1970481433,2,0.09018910181610897,Q1_Train,0
35,61437.52599538,31858.084039838588,0,0.27010463781094557,Q1_Train,0
48,51862.44737627964,17779.424558566432,14,0.056695390779883496,Q1_Train,0
54,65547.16226835232,9615.275153208448,10,0.09122065331893686,Q1_Train,0
60,41217.97009629407,8042.10026787736,6,0.382099670786987,Q1_Train,0
60,54984.233501679955,17374.590555870804,11,0.3963757820077645,Q1_Train,0
35,53480.82616047284,17704.258461216934,3,0.20141850663995597,Q1_Train,0
56,48295.37931460393,5082.592711512692,13,0.3831283765692018,Q1_Train,0
52,30637.95939868471,6523.138600065401,6,0.17956587726702636,Q2_Train,0
47,66121.04495411812,9048.897236893928,10,0.03913768384506331,Q2_Train,0
28,60240.87052054178,63625.107099354624,1,0.26717363222215845,Q1_Train,0
61,137537.58859970508,6368.055759721586,4,0.2684907227409538,Q2_Train,0
65,63731.07909015757,9895.02465966007,7,0.1834215773127174,Q2_Train,0
67,35147.50375226879,14583.804197197629,1,0.20344860327125505,Q1_Train,0
48,24063.42899602508,8034.290112257604,14,0.15642714226260787,Q1_Train,0
21,41126.60567554753,16878.56298601196,1,0.28762119542368597,Q2_Train,0
64,76279.48562452939,44640.43553413215,9,0.130382899319638,Q2_Train,0
18,60077.0232777253,30573.901977101475,6,0.32169865845781404,Q1_Train,0
54,139573.09941478155,5277.1817331799175,14,0.04015720381268565,Q2_Train,0
39,64988.76090722846,98588.39722847086,11,0.1790750354481931,Q2_Train,0
31,158385.97152024962,13319.769436499013,12,0.530915692640911,Q2_Train,0
58,25118.3527377894,10104.764515082454,3,0.34953109344527794,Q1_Train,0
52,97935.56173535572,5066.513829326995,14,0.20590378180132593,Q1_Train,0
30,42680.18280672653,7507.819119189205,2,0.504289181271172,Q1_Train,0
52,79436.1095715555,5088.32958403687,12,0.33526742174622326,Q2_Train,0
60,153483.86807206515,18654.049528812917,2,0.09594223492245353,Q2_Train,0
30,21463.626015081893,8105.35065094462,3,0.354218188200201,Q2_Train,0
35,37002.224491495974,15394.031616023216,8,0.04180069325851555,Q2_Train,0
53,26175.61184457512,13826.976359370936,0,0.3899667177166175,Q2_Train,0
58,113804.78166839723,15042.274425917763,1,0.39698949498024794,Q1_Train,0
47,35448.18069781261,27871.056176136888,6,0.23238937822430705,Q2_Train,0
59,22629.07835214304,5277.122184602381,6,0.3601997388522457,Q2_Train,0
58,26240.91348435713,42554.26911934677,14,0.15605731216699015,Q2_Train,0
32,50012.35468433277,37480.187167475524,4,0.25815203850519586,Q1_Train,0
57,34815.16348695138,53133.509064508966,3,0.2536929234029436,Q2_Train,0
36,56831.024980510294,8842.822550645818,12,0.12416393829041378,Q2_Train,0
54,39194.84966043838,14984.2563095797,9,0.18769230900473385,Q2_Train,0
19,84598.54306184791,16570.494230145756,12,0.6166306913300709,Q1_Train,0
65,25958.168696731365,41798.639471355025,7,0.13499216884587462,Q1_Train,0
57,28191.7942795553,22333.660375948853,6,0.24212616004709228,Q2_Train,0
58,161076.2429604137,9481.704250343155,1,0.14850273570546446,Q1_Train,0
60,20022.45644875856,28211.490892468333,10,0.30929006555929706,Q2_Train,0
60,90467.11683651083,24687.10053485509,1,0.3835159204343922,Q2_Train,0
48,36388.63366673127,17820.538515246204,5,0.282936663415192,Q2_Train,0
59,23101.796560967894,8369.27398822814,0,0.3519264201857954,Q2_Train,0
61,172881.020356561,18352.216895143913,4,0.19843875336061786,Q1_Train,0
23,25345.579443788283,7068.68251688584,13,0.31839090733509723,Q1_Train,0
45,97530.8057448007,24306.493100099506,0,0.26245874787028417,Q2_Train,0
49,56422.36966450727,8585.285091325477,6,0.3029440735292539,Q1_Train,0
61,48140.58877264157,41199.366789329855,2,0.28283154300158664,Q2_Train,0
27,36436.0229851538,39497.60295525337,8,0.03547140174721212,Q2_Train,0
67,112058.89513932425,10213.686473048601,4,0.12442152021331045,Q2_Train,0
21,83870.43281118052,19178.681187270486,9,0.14760465238818907,Q1_Train,0
26,49510.729087938475,13924.375600262925,3,0.29530844153628455,Q1_Train,0
67,67260.11103027337,16372.694505416139,13,0.2504882057027879,Q1_Train,0
60,47195.09900321104,6072.164761903719,5,0.21723002634460237,Q1_Train,0
24,23429.949973871302,9595.74547184324,8,0.4507131351128214,Q1_Train,0
58,36819.50640684836,16602.813408751033,11,0.4548241103988101,Q1_Train,0
32,57994.12457759698,31639.426618752,11,0.29159207871172405,Q2_Train,0
63,32650.749387998032,22673.408017111822,13,0.24752967134707826,Q1_Train,0
46,39289.96995376927,14146.197057589827,0,0.43878494749026226,Q2_Train,0
41,22598.78714248926,5902.581443514147,11,0.23716076273705927,Q2_Train,0
45,104257.97216733445,9195.429686503929,13,0.28605837652728827,Q2_Train,0
30,147558.48997560126,12063.401714510412,11,0.2420192312576234,Q2_Train,0
60,26998.118356651757,28158.911976203686,4,0.18705056977450357,Q2_Train,0
35,38567.652801489785,40950.20705751838,6,0.22802067266577028,Q2_Train,0
64,21363.235795257653,24953.07306987687,0,0.4845347878240144,Q2_Train,0
65,166203.66457730572,6578.344198507925,10,0.07028757354204151,Q2_Train,0
66,77998.9418996174,25075.51596321548,5,0.16163409112214253,Q2_Train,0
58,85855.44025146663,25995.45174012766,13,0.11748994843169666,Q2_Train,0
52,157739.82050437218,24655.368943974023,5,0.1866978877229016,Q2_Train,0
69,53794.60053553664,34284.53567506376,1,0.09994941830557284,Q2_Train,0
62,25814.747840845383,16827.783268503597,10,0.37842507332015857,Q2_Train,0
55,246803.46679316158,13210.220924914418,4,0.1682823444095339,Q2_Train,0
29,45239.21237970273,19932.81850835307,6,0.15790166420519963,Q2_Train,0
32,26021.09557415288,30510.422662558238,7,0.3779335893519648,Q1_Train,0
38,32090.305823109033,27779.312352060446,0,0.2741795725175876,Q1_Train,0
52,42003.81578633943,48698.960345405685,9,0.04632576449790232,Q2_Train,0
50,48809.86958886415,8362.903805903776,1,0.37487560020259997,Q1_Train,0
68,61882.91684172858,19454.162117659296,10,0.4733641755321495,Q1_Train,0
36,29871.7724107326,8381.186647231014,1,0.5405015315324081,Q2_Train,0
40,53947.253580269244,17275.530915079435,10,0.2906227154189221,Q2_Train,0
61,94242.40776187868,30110.073892493554,11,0.08833902632002312,Q2_Train,0
18,24233.83517576981,20782.731528006676,0,0.391022944559406,Q1_Train,0
42,76141.82245066056,15191.05042485782,5,0.19348815398751743,Q2_Train,0
40,21817.71556113716,11483.19958626157,6,0.26369382633326166,Q1_Train,0
20,44055.047883976586,7211.467527146966,1,0.09705666576411236,Q2_Train,0
18,72712.80089144013,17733.44060619073,4,0.3265490180210448,Q1_Train,0
24,29210.940734180727,10960.860802957584,14,0.17932550979842715,Q2_Train,0
18,39209.59545442448,33525.544292356084,11,0.3214862134760308,Q2_Train,0
26,174899.4094907723,78017.08179005473,9,0.3972368987429016,Q1_Train,0
43,41736.32296476843,25770.223962630327,2,0.20977359697516562,Q2_Train,0
40,75152.69559179063,26261.885144145424,1,0.14997065011381003,Q1_Train,0
62,57510.16114887197,36154.42896567995,1,0.3794192192697343,Q1_Train,0
60,163254.60419625437,12865.38817810869,14,0.3192868924363204,Q2_Train,0
55,75252.22371530492,6068.769781680216,14,0.11718885164670373,Q2_Train,0
50,32268.417243486525,5480.361370755585,11,0.14231529916648178,Q2_Train,0
24,84707.89444918913,14851.806802847459,10,0.026652976374272604,Q1_Train,0
29,24235.89834628529,28114.922923438415,3,0.2637188659575945,Q2_Train,0
49,76386.85998416727,33641.14309046189,13,0.6093188326625197,Q2_Train,0
37,35513.914630223386,15162.710750843004,4,0.15712650095835545,Q1_Train,0
68,23835.760122310963,5399.602898172187,2,0.3098152468959924,Q1_Train,0
34,177352.89215431557,59552.8805982177,10,0.4013191973279531,Q1_Train,0
53,142567.61462011642,15088.753954809315,13,0.42987869256752637,Q2_Train,0
18,211990.6600525034,8333.831979763087,12,0.1993208065734744,Q1_Train,0
67,30209.83744846091,10293.032916964043,14,0.5789166254356923,Q1_Train,0
44,28585.46321225616,14933.000240627687,14,0.5954658513499802,Q2_Train,0
64,21740.68041887343,34088.851279810915,3,0.24538722693824436,Q2_Train,0
57,131199.22705997073,6613.013563759742,0,0.25444664945761103,Q2_Train,0
50,89870.36228330272,27735.094850277597,12,0.2569714674512898,Q2_Train,0
37,70155.43516727746,17989.340211260445,11,0.08455616798364587,Q2_Train,0
31,151330.07278548315,15387.169293373241,7,0.45943675063710887,Q2_Train,0
40,29731.720992554427,75253.69726466271,1,0.34422476997156315,Q2_Train,0
62,27088.774404360644,33927.451165021026,11,0.26294712215504085,Q2_Train,0
23,43861.22852925855,14010.610934655475,4,0.46014036390970414,Q1_Train,0
50,99687.84146118679,5379.818038501801,0,0.2986099325432745,Q2_Train,0
30,84615.64460917834,16901.7931114873,7,0.6879795922610605,Q1_Train,0
46,53787.8143416062,44172.51146234735,9,0.11098820006931723,Q1_Train,0
23,419316.6495794077,12363.523375633915,1,0.1381587459787495,Q2_Train,0
32,94935.6443114695,17681.123078783003,7,0.3648012312419043,Q1_Train,0
41,40954.2343702528,19067.17627956954,7,0.2789873037601074,Q2_Train,0
40,26565.27605242817,7547.132339657317,11,0.010095367838277875,Q1_Train,0
27,26633.12987044733,7233.409092551699,3,0.20984329649683586,Q2_Train,0
58,53908.170488026,8683.310030068242,4,0.1526588795993554,Q2_Train,0
34,169424.1343928544,5942.911900867648,2,0.20194554422417327,Q2_Train,0
66,37056.53803134543,30759.102329603425,0,0.3596971171403771,Q2_Train,0
61,271292.89894508163,9566.573343719067,6,0.14441944499195697,Q1_Train,0
62,33024.71620607618,19256.389957299554,3,0.018849243737909423,Q1_Train,0
47,31666.53693497132,17070.178965791732,9,0.379018713954293,Q1_Train,0
61,59349.659169646686,7508.933059336643,11,0.20349727743343143,Q1_Train,0
63,112272.23530660952,10080.360971824055,4,0.46969848765060723,Q2_Train,0
27,89215.5203592806,10262.969191330729,5,0.4660807160820177,Q2_Train,0
36,84283.90242415585,19665.725503486923,3,0.5614957709096936,Q2_Train,0
19,21138.707474508443,88945.23533206097,10,0.036949873160037235,Q2_Train,0
53,28821.842692287795,6512.183685713292,7,0.6366111945677378,Q2_Train,0
36,41498.646913666875,46871.50747523559,10,0.6065988993634879,Q2_Train,0
24,198215.97271576992,17366.824565812367,12,0.5668236536757282,Q2_Train,0
43,146147.53654791453,11618.742820926249,8,0.31095072428169473,Q1_Train,0
32,31197.4805087504,10023.172926067678,2,0.18127382886409868,Q2_Train,0
55,63258.12431259668,17215.310164919916,3,0.6133520243133835,Q2_Train,0
20,22556.38383081634,48786.27306263619,4,0.18789598543036654,Q1_Train,0
33,53283.77437828859,13594.958860026585,12,0.3791629746241995,Q1_Train,0
48,37471.144900617976,7897.044184471553,4,0.3967424780847365,Q1_Train,0
45,155767.81306490034,35232.00647300061,6,0.4518832845522675,Q2_Train,0
24,50062.965846940155,9556.410537129974,2,0.12472264456133467,Q1_Train,0
47,34286.17452743753,9274.722528939274,0,0.1316745395153983,Q2_Train,0
24,89693.23290612755,12317.389453754437,12,0.09160718539101337,Q2_Train,0
53,71122.21247910653,5131.323339312923,9,0.1829628594229549,Q2_Train,0
69,39789.25196363995,27317.027673910383,7,0.5871394287573605,Q2_Train,0
56,45268.61903394501,17669.830075086502,13,0.15758698020814488,Q2_Train,0
21,30449.274966393597,11491.015474401183,8,0.09747168452945708,Q2_Train,0
46,78727.90854229715,6033.247819747707,7,0.27098390554594415,Q1_Train,0
46,35692.06093614686,58287.9727446754,6,0.3190264214943698,Q1_Train,0
36,101611.75977117263,14319.296121024605,7,0.5587342729403243,Q1_Train,0
43,68536.49816259343,12705.041584147712,11,0.2882742957708341,Q1_Train,0
54,36454.90210161771,23223.468755089336,10,0.1904090882338953,Q1_Train,0
44,86373.96045191905,16279.21331738966,8,0.08718871945884321,Q1_Train,0
47,95758.13250464764,17218.019217378307,6,0.6565539805418652,Q2_Train,0
20,75433.29988946774,8145.083728783786,1,0.3798019504505948,Q1_Train,0
60,25152.905632570764,5854.847951211995,8,0.02934301481252925,Q2_Train,0
24,316496.5680289712,11599.071614884862,11,0.40392298197470694,Q1_Train,0
66,90613.27397473359,14406.514285539497,14,0.47074615741786413,Q1_Train,0
26,86364.83894752427,40471.632645979735,4,0.19624686525996074,Q1_Train,0
59,45433.491339426146,13535.264989798208,2,0.2970109179084849,Q2_Train,0
46,125545.44981492679,13369.832418719361,1,0.5137061122134475,Q1_Train,0
44,68830.52853988283,9746.74661711769,5,0.22570432328630188,Q2_Train,0
44,28995.339076287604,14398.946211590306,14,0.10953978713315349,Q2_Train,0
25,41844.99138793887,27587.063391717722,13,0.3070006661597259,Q2_Train,0
46,28163.185414550142,32849.5010265225,11,0.25805811734477163,Q1_Train,0
58,24210.352364146085,45336.28101556754,1,0.20340129744732155,Q2_Train,0
47,30499.366249859522,18248.345922922035,9,0.057951387607018554,Q2_Train,0
39,78747.68631438955,13177.770073287425,3,0.2745222718824279,Q1_Train,0
29,187040.32373553625,33503.61931871301,7,0.4856140837747111,Q1_Train,0
28,110401.42985731016,14139.239128570327,5,0.35788721256614753,Q2_Train,0
19,31879.353956874358,17353.4114756673,10,0.12713619020676434,Q1_Train,0
67,36823.40183974509,10642.745591906747,0,0.2512445511722927,Q1_Train,0
58,122301.24853885647,16131.057894043732,12,0.27487899968000096,Q2_Train,0
51,71173.36224789626,23685.45679095511,10,0.04650144544780238,Q2_Train,0
20,38817.73045193988,72542.78120534064,5,0.0711236306769927,Q2_Train,0
33,32683.789042705444,15267.241453932602,3,0.2834084753073237,Q1_Train,0
21,31486.698427348245,5812.503729005763,2,0.24599036538702632,Q1_Train,0
40,74206.53534149512,12399.275594713006,12,0.24195246413248817,Q2_Train,0
47,36599.5278077465,61980.02254329931,11,0.334659327575454,Q2_Train,0
59,77955.94583480869,11096.827765237898,12,0.2549385741182442,Q2_Train,0
34,32917.05793675617,5187.7151813615155,11,0.4068367832779799,Q1_Train,0
43,20453.276136310495,14483.720629766995,13,0.30179701295533073,Q1_Train,0
69,108018.32688238095,19729.826957363923,12,0.48943421340234194,Q2_Train,0
37,166021.82609186025,9376.205812404358,5,0.41974413944655287,Q2_Train,0
19,89608.08413738995,6411.938658057907,1,0.2467482637597056,Q1_Train,0
41,76964.76149810757,15319.693186813345,13,0.2151756706844845,Q1_Train,0
48,90703.59691683635,43311.242602776016,0,0.45644996876107224,Q2_Train,0
44,29373.07286212663,65437.47085946463,12,0.5937526179396587,Q1_Train,0
31,114648.52210411635,7472.542819928212,14,0.1576128456138404,Q2_Train,0
21,20986.803258047366,11542.07715844105,11,0.1371334116021562,Q1_Train,0
52,30087.689270162897,43394.34183104557,7,0.21647443644666664,Q1_Train,0
25,37408.352743802636,13664.967846073921,5,0.26078801653271816,Q1_Train,0
19,28604.692550158863,5288.091426131795,13,0.09632517336903444,Q2_Train,0
23,138130.653928402,9049.39178784973,7,0.4165267014772996,Q2_Train,0
27,34122.041361959135,15442.106080683521,14,0.31561343837829053,Q1_Train,0
38,87504.98086616307,7116.529337578048,2,0.23660112285483964,Q1_Train,0
40,157895.7132928896,35293.90933381967,6,0.5046488994114497,Q2_Train,0
68,27727.955566532193,30298.838512122504,13,0.04244907497978124,Q1_Train,0
63,82314.40202775782,31759.379586778625,8,0.4095413304985778,Q2_Train,0
51,21534.83248674903,37227.63165359922,12,0.14537309475473742,Q1_Train,0
54,24345.738975598575,16264.48872786702,6,0.5804907212613285,Q1_Train,0
24,58551.36818793972,8232.934178098356,7,0.26837743405437237,Q2_Train,0
23,71441.23357054683,8834.398570538533,11,0.24727933885497852,Q1_Train,0
61,135030.7107782982,7515.192255307045,11,0.2972036570708803,Q1_Train,0
59,48305.102964099904,26690.110396398613,5,0.1481024451006118,Q2_Train,0
46,75420.81690484713,9824.247406173172,0,0.1793933945692708,Q2_Train,0
42,35028.77994129945,7168.419387101606,11,0.15263907415570818,Q2_Train,0
63,58629.97212831396,28624.474162595885,13,0.18051519901813307,Q2_Train,0
20,66675.79214223492,10293.046625644005,10,0.3035461925965502,Q2_Train,0
41,29525.063991125764,5339.77600068255,8,0.4187564859203125,Q1_Train,0
64,37924.02872513473,19672.93867560142,1,0.5382367539656512,Q1_Train,0
44,41098.0311088296,16001.85690990366,4,0.060190271200526,Q1_Train,0
29,74902.4260447154,23090.824504062028,7,0.26635805460788775,Q2_Train,0
24,158750.37039850408,9264.652731366035,0,0.21105151205451697,Q2_Train,0
34,23914.307101909857,19076.91857848269,0,0.5128400463250585,Q1_Train,0
43,43831.83505147385,24773.383914220594,3,0.26568280893985824,Q2_Train,0
68,72410.94517130608,7837.12525003084,11,0.1779977930187069,Q2_Train,0
54,34207.297034342046,29175.813609006094,0,0.10929497562892226,Q2_Train,0
64,82393.99658167086,25040.144276990213,11,0.49632418392523614,Q1_Train,0
48,49603.49565343422,27577.871124049605,4,0.212001195520452,Q1_Train,0
52,36674.43671193081,10736.47723164274,1,0.12353644906180312,Q1_Train,0
25,43873.58379658531,16611.58334299101,7,0.17638353482239896,Q1_Train,0
29,44074.895488485476,26454.214035920562,1,0.33078078351319085,Q1_Train,0
30,29288.080434231706,25775.642325504225,3,0.48735533225901534,Q2_Train,0
18,39968.97389528151,25652.231090679332,4,0.045162043053373825,Q1_Train,0
22,159044.53570165616,20489.472178409687,6,0.393526272171549,Q2_Train,0
39,62871.18083385495,12346.752640050629,6,0.10587098005936448,Q2_Train,0
40,44757.04480185508,68676.00512865499,7,0.554518835191788,Q1_Train,0
21,126522.9137562043,29737.239395438446,12,0.13512271165469092,Q2_Train,0
21,46755.97112213836,6933.8295163147495,4,0.40027237303067403,Q2_Train,0
64,45980.53761020262,7066.107112683354,2,0.2593372439334866,Q2_Train,0
38,42006.06615738652,36754.81276251224,11,0.3446630335010181,Q2_Train,0
54,61316.94055796097,5888.38467268472,6,0.25752730291846526,Q2_Train,0
24,81031.729300039,17211.924930045403,2,0.243428446098864,Q2_Train,0
40,173376.9647014137,22645.721624151585,9,0.1911455091846274,Q2_Train,0
28,71039.26534770345,16050.429727831775,5,0.25341137472827646,Q2_Train,0
51,180196.56811696113,5095.162341845446,3,0.04149118742791661,Q2_Train,0
43,78286.94455155345,6523.381972248639,7,0.32592589540911626,Q1_Train,0
19,197280.3211300001,6857.175174741546,13,0.36079082312199273,Q1_Train,0
40,29351.609037027745,9413.570982121752,7,0.1592440318303617,Q1_Train,0
58,94084.9607402468,12203.650977080093,6,0.20801362913900162,Q1_Train,0
39,46114.198304522346,14855.109940331145,1,0.3076577732651881,Q2_Train,0
51,42348.09211073861,7791.692198701039,7,0.2818374661573703,Q1_Train,0
27,21716.688742022074,9855.638361330926,13,0.2428481540411367,Q1_Train,0
32,38736.82676781525,11817.80066047364,8,0.45915754332308845,Q1_Train,0
59,29089.01483648546,6714.17836355737,5,0.1945530436851172,Q1_Train,0
40,40574.70052512904,17123.33722670871,3,0.19164488578002892,Q2_Train,0
26,31226.66757290054,16033.626589437094,0,0.06395185578908485,Q1_Train,0
26,33785.79994354633,5730.421978829864,4,0.03836699792199645,Q2_Train,0
33,148985.02334533373,14423.720282324917,3,0.13622639378205523,Q2_Train,0
65,34462.71283322068,96712.70719915963,14,0.4286775957475659,Q1_Train,0
68,248480.8255922681,6470.706813176414,8,0.15151405938052623,Q1_Train,0
50,75307.69689469326,5277.683874736226,0,0.31297801843942596,Q1_Train,0
48,36850.62174452946,8896.528025275526,2,0.15677106661524348,Q2_Train,0
23,77134.07989209704,14451.747467657297,8,0.10543408998251501,Q2_Train,0
21,82187.00926401073,37901.076634919176,4,0.026306046601615,Q1_Train,0
39,35620.3064524669,17386.425954117585,10,0.0465650421976047,Q1_Train,0
30,213127.0958799166,11734.528623849665,5,0.21067424252543618,Q1_Train,0
33,117559.7193503563,10813.57744712978,3,0.11710662462747182,Q1_Train,0
69,88470.16166705328,17751.389960015083,4,0.37791585223305973,Q2_Train,0
46,21332.857974645587,24167.134422445208,7,0.5438165737258136,Q2_Train,0
41,166084.25682369515,17244.712134712136,7,0.1884654270541296,Q2_Train,0
46,143759.55986548483,13362.688994626862,11,0.48352125460838397,Q1_Train,0
20,46047.58031954433,25696.085707969898,2,0.1491359217794975,Q1_Train,0
69,133409.7572175896,9973.90625466838,4,0.15968736964902627,Q2_Train,0
69,26045.20520056379,24246.792602060228,10,0.0925870556721522,Q2_Train,0
29,34786.27794655498,12800.06169225799,13,0.2673784130040085,Q2_Train,0
42,226377.34369833395,11118.10712618177,0,0.08256151344813371,Q2_Train,0
25,61742.84926827932,34539.246899208214,14,0.4140727931514934,Q2_Train,0
27,42834.42785877724,44719.500333096476,6,0.16951558053397703,Q1_Train,0
53,30229.149222950793,9326.456586733835,14,0.11359980755375186,Q2_Train,0
19,21028.4569919239,5862.844884278552,13,0.25852178879307963,Q2_Train,0
43,60530.19428681621,6534.325565419886,2,0.5240405489631935,Q1_Train,0
67,152336.3868150014,18184.53902714463,2,0.13834769038452166,Q2_Train,0
31,82427.05136356596,21183.59199549052,0,0.11836676520358586,Q2_Train,0
60,140135.41593115398,16642.367316104035,11,0.06554455470099811,Q2_Train,0
36,51187.96120556986,7190.124264689337,12,0.03942073009622924,Q2_Train,0
26,38581.87782914893,43258.96369264092,4,0.31774449766543583,Q1_Train,0
36,66794.32186385419,15365.708735383334,10,0.2074544037931286,Q1_Train,0
42,30822.123977039715,24872.836576744623,8,0.16590877099772464,Q1_Train,0
38,31115.473694813787,22553.058244859185,11,0.4385776141606926,Q1_Train,0
28,65832.54464028013,12840.214341382281,1,0.24270744413958234,Q1_Train,0
56,62378.918718791574,49604.2345161027,11,0.264806484480753,Q2_Train,0
43,32687.993084041602,18261.918763107962,5,0.5685498966001015,Q1_Train,0
53,77202.71251439775,27534.787775230267,10,0.05395552495055797,Q2_Train,0
68,111462.81758583713,8381.071242889298,13,0.3279028451492007,Q2_Train,0
29,49432.35599075689,10767.944775301337,5,0.2540179790944575,Q1_Train,0
55,40353.91509010256,8801.918244803157,0,0.330994698021097,Q1_Train,0
22,47113.162015084235,14201.764081637053,0,0.2706678301538668,Q2_Train,0
22,20603.18594769798,6331.382658820942,0,0.5156853227202072,Q1_Train,0
39,62182.47114990378,22851.424657005115,14,0.059787567589033405,Q2_Train,0
22,32160.667983811632,5461.425249727904,13,0.09576374997290515,Q2_Train,0
26,39608.649646534555,28540.84360052355,13,0.2535778110086517,Q2_Train,0
46,28928.57156163788,8174.937688969312,0,0.3278074360103337,Q1_Train,0
39,23073.691052101905,32514.694293917473,1,0.18601627684992836,Q1_Train,0
27,28977.77577272793,30793.45741675072,3,0.3995197189433473,Q1_Train,0
33,100321.05895138395,23918.397571984104,2,0.3467655851017862,Q2_Train,0
59,23235.298327423945,23292.82671899747,3,0.23490546143208196,Q2_Train,0
59,88805.96253235832,7583.923696544214,4,0.18142467800431158,Q1_Train,0
68,44127.81203142984,10692.506940957077,3,0.20653698626454567,Q1_Train,0
27,76245.96149176796,16111.30099210322,2,0.3490810329036438,Q2_Train,0
23,22706.41474102356,6790.989096953953,2,0.14299301114844185,Q1_Train,0
22,92916.52806722025,13840.462903373636,5,0.17310149849188128,Q2_Train,0
64,32345.203690717586,8341.862798461425,3,0.4151727627442343,Q1_Train,0
42,71640.6982856373,9262.805845579393,7,0.2959925507612093,Q1_Train,0
67,49514.40473409019,13040.930283982787,5,0.06875007121699503,Q1_Train,0
68,41583.09970594135,13407.46304373548,10,0.09092964548544712,Q2_Train,0
69,21040.635725650434,7300.798164539472,0,0.20666518507202547,Q2_Train,0
52,22096.37738930167,23813.256080699004,13,0.17030091677683545,Q2_Train,0
27,77079.1003180423,39366.42171094552,12,0.26123767582519203,Q2_Train,0
53,40041.09027231218,18844.46023238881,9,0.16914365208349258,Q1_Train,0
23,128342.60486366104,13282.75815216984,5,0.333758100211049,Q2_Train,0
63,45191.2411639691,24409.94028539366,8,0.32173898610519813,Q1_Train,0
42,21474.480889899227,17508.906077603224,6,0.14372039625348945,Q1_Train,0
58,40639.576740192424,6648.721196593223,12,0.33985086560523736,Q2_Train,0
34,22226.94839004126,14447.054941894252,7,0.32211072269194757,Q1_Train,1
56,42635.29377099482,6700.090908412229,7,0.44963172819873665,Q2_Train,0
36,20300.79763635841,20304.776928890922,9,0.20110366103806224,Q1_Train,0
52,30066.657890299146,7560.116152051751,5,0.12453787891471421,Q2_Train,0
21,123728.1447878525,36564.46079767938,14,0.3447060187012883,Q1_Train,0
45,27715.848308391316,5921.305286215811,7,0.11803079166182132,Q1_Train,0
36,38141.25217703251,9186.31538684924,3,0.2971217839405963,Q2_Train,0
18,55318.10416963467,11594.713645431559,8,0.07231498226336422,Q1_Train,0
25,41838.680554312,6324.187534042089,11,0.1898532477524353,Q1_Train,0
50,72093.59727411924,19776.38789450303,2,0.2705965128036338,Q2_Train,0
68,47684.83016599233,9316.286993708363,8,0.08531214292032957,Q1_Train,0
60,75682.80045871643,23142.52556733135,14,0.4192530266146448,Q2_Train,0
41,34015.728790090616,16257.166485727343,6,0.34873095066094867,Q2_Train,0
36,29621.633175210867,9150.432451197752,3,0.01229553033735729,Q2_Train,0
27,122778.79917662256,38811.415029235526,14,0.24465292196346963,Q2_Train,0
29,71384.04818416771,24291.090635990677,9,0.29969392943642215,Q2_Train,0
50,55299.94838452018,10786.83113185696,5,0.2819731467276084,Q2_Train,0
24,177630.48223525143,31813.42898641452,14,0.23923297529765805,Q2_Train,0
27,71318.8777728065,20084.181505487573,4,0.23189543704706667,Q1_Train,0
48,42279.980850366366,52010.08017722248,9,0.03359307641135925,Q2_Train,0
34,24674.64230462284,29101.647807759757,0,0.3105488661033161,Q1_Train,0
35,104190.13089431077,56992.84619772656,14,0.06365320599216068,Q1_Train,0
66,65168.05546637763,5423.982551450639,1,0.24508992994693016,Q2_Train,0
41,38511.57717243362,14973.734200375822,11,0.033487247277622326,Q1_Train,0
30,90820.00710158805,32468.070298773877,14,0.0611376262416402,Q2_Train,0
46,60845.68685510239,26909.30555716488,14,0.3199242668887095,Q1_Train,0
49,32971.39345340855,15344.867351378458,10,0.5709372972660294,Q1_Train,0
33,44206.27094009958,13591.404071496268,1,0.05244902378871023,Q2_Train,0
28,59668.865390578445,9359.270172162584,6,0.459271749697789,Q1_Train,0
49,30117.46300924507,34354.35227918386,1,0.22294076302272964,Q2_Train,0
23,46769.142110108,8527.675280862764,8,0.44497269174005555,Q2_Train,0
35,22709.217151505316,5402.82031004989,12,0.38042112285345947,Q1_Train,0
54,74559.12120025707,7765.659519343981,3,0.038149237722246376,Q2_Train,0
27,21429.516579040468,7062.136717201747,11,0.1965976367674402,Q2_Train,0
54,28268.032043971354,25135.52127922339,14,0.27417348602962627,Q1_Train,0
43,73014.41481641514,8028.322874044194,1,0.08509903890918255,Q2_Train,0
63,22713.382664451205,15365.228712175294,0,0.1077918039960308,Q1_Train,0
34,21055.88139902003,8445.10383614853,14,0.513482015690361,Q2_Train,0
18,26275.865926366576,11078.199447019044,12,0.16123503405016545,Q1_Train,0
42,169508.3799661982,6999.92361722398,1,0.07341866083609475,Q2_Train,0
51,138907.3406425481,17179.03764447028,9,0.14023620006920134,Q1_Train,0
27,38121.22803306293,11823.396380306145,4,0.10325192500589717,Q1_Train,0
37,167149.81810685084,5590.067771493545,11,0.2967694539539836,Q2_Train,0
24,25139.727941381476,7194.966796405535,12,0.17313932722624942,Q1_Train,0
29,87955.07569611652,26599.722704874515,11,0.37416752454915564,Q1_Train,0
65,22351.81637009875,8835.176084030314,5,0.14961245656761998,Q1_Train,0
65,65611.87141781769,18730.937618836324,7,0.5111286046075307,Q2_Train,0
36,36369.41736275548,13175.595836783905,5,0.1719612734441777,Q2_Train,0
29,30957.72253668595,9289.516637096272,13,0.16166350736691285,Q2_Train,0
38,97302.48701960685,48814.62649055393,4,0.05908096954486039,Q2_Train,0
59,33107.41220685539,27163.521608368756,10,0.24066765714546962,Q2_Train,0
24,52583.23544509429,5082.948012222356,4,0.3984582197688032,Q2_Train,0
62,103890.33649549844,7893.204714272416,12,0.21547128429172407,Q2_Train,0
18,60294.48965946034,32363.597244325087,13,0.2742636911453539,Q2_Train,0
52,87487.50465648307,31285.440941302128,10,0.5896158504731276,Q2_Train,0
42,45701.951921959844,5517.573866790339,5,0.32909506276519007,Q2_Train,0
39,39990.149800952946,64887.441746377706,10,0.19340594048316054,Q2_Train,0
41,38495.93658800857,36893.356377002914,7,0.1715743203716943,Q2_Train,0
24,55949.38795875347,12525.780040218764,7,0.2925954138202828,Q2_Train,0
49,131422.55237291753,20898.471164085928,14,0.38965289910602846,Q1_Train,0
49,48903.316954230584,33570.78660030001,8,0.08045784811261664,Q2_Train,0
39,75790.57650974122,15373.181517851186,7,0.2754613118607241,Q1_Train,0
35,21306.26276003101,18293.600751343554,13,0.4707795137645953,Q1_Train,0
52,49891.467054696914,29325.518992353107,6,0.5910561336416963,Q1_Train,0
41,76298.22312675105,18459.62387743718,6,0.7295892896147024,Q1_Train,0
19,197715.65810655968,39285.764235112474,11,0.28492660040544265,Q2_Train,0
32,58589.216659296784,5254.5527477181,14,0.46429095194289627,Q2_Train,0
22,34107.4914580123,56011.09234286011,14,0.45311181867145006,Q1_Train,0
20,44346.00675363322,18488.211575194717,6,0.5389311781351033,Q2_Train,0
54,78442.31609995008,40996.585622024366,9,0.39552443221871403,Q1_Train,0
69,68515.72969348342,54131.20904700768,0,0.16415036104486816,Q2_Train,0
40,49672.558262598126,6226.082069046785,9,0.056694890943720516,Q2_Train,0
45,52875.55310311558,7800.362456497629,12,0.5041779118017858,Q2_Train,0
47,162891.76852099563,30683.43119593664,9,0.10238692232284276,Q2_Train,0
35,81236.04885652663,15112.094461953246,7,0.09511854729127382,Q1_Train,0
69,35183.78019946255,7945.123389389696,8,0.320417139972216,Q2_Train,0
53,55051.08695787435,10056.486640199926,10,0.6197314165886647,Q1_Train,0
43,99250.09758474227,18156.77628343136,1,0.2111096324419417,Q1_Train,0
65,109594.50811726219,12702.774641045204,12,0.17559788361336834,Q2_Train,0
24,91936.3740931792,7690.890683980043,13,0.09686365478299007,Q1_Train,0
48,37686.19067008455,18603.391458796774,12,0.13578865079593666,Q2_Train,0
29,115685.45471754644,6453.512721073862,10,0.43857601472916163,Q2_Train,0
61,28240.373186695047,65029.03499467648,7,0.15086794731772776,Q2_Train,0
36,51120.368676395105,9510.680984966475,11,0.1720654953930232,Q2_Train,0
27,85922.50255185804,22861.712027384263,8,0.5603480715022763,Q2_Train,0
56,20269.07561878848,21008.66970453286,12,0.16319779119480388,Q1_Train,0
29,28235.19976215945,22633.280790066055,12,0.1674800783345931,Q2_Train,0
37,21028.340180186646,13431.649916567947,7,0.09311902194033234,Q2_Train,0
54,267227.3896349004,6158.591336626953,1,0.28641739740520894,Q2_Train,0
65,91486.12543992448,63685.87926780605,7,0.31019644611205704,Q2_Train,0
58,43385.041954896136,8189.098311532476,7,0.4081117854268475,Q2_Train,0
31,57954.435665005534,9952.51955964935,8,0.18190868592768591,Q1_Train,0
46,42717.4103301678,52646.76903068927,12,0.3475016014937622,Q2_Train,0
27,54742.52884956113,33227.08718116734,14,0.2070473585181586,Q2_Train,0
46,360775.57795510336,43225.433086767596,1,0.27148751083261186,Q1_Train,0
65,20824.85249680511,15962.71789999076,3,0.4455618298813226,Q1_Train,0
27,83820.56745129779,26756.631737169588,7,0.4019342703961374,Q2_Train,0
36,69330.48963769595,6003.611402023773,4,0.21832204845373904,Q2_Train,0
26,22259.114770790413,24287.044466958218,12,0.3144198335644154,Q2_Train,0
62,28100.302198880097,22777.04204908748,4,0.6626303055879851,Q2_Train,0
50,147713.6533386429,33234.690895233194,13,0.1551144476757362,Q1_Train,0
51,33258.53548654218,6373.852271299458,12,0.48488239397839855,Q2_Train,0
26,49381.238011825946,16864.61588223994,5,0.4603160155026393,Q1_Train,0
24,146316.97681576438,47853.95204422192,3,0.44522675649632304,Q1_Train,0
33,99233.89671965512,5650.876908433697,0,0.4513094483488509,Q2_Train,0
23,121363.17026713095,17132.686565468946,14,0.3342730989233281,Q2_Train,0
68,98207.65550333959,20476.37355434639,13,0.14086848789092146,Q2_Train,0
28,88296.8948953796,20594.391119188287,5,0.37619631657084107,Q2_Train,0
29,36131.24205049627,8147.746610195507,10,0.49937108644516565,Q2_Train,0
59,117895.09000238418,21951.82047404979,13,0.5811026089768532,Q1_Train,0
30,20111.752450316733,9653.135064216622,6,0.06081962399541721,Q1_Train,0
29,33542.970406857974,22509.149611619192,6,0.22085947094041417,Q2_Train,0
38,22383.91806084274,19199.045486244024,8,0.23805497003085907,Q2_Train,0
27,25860.210847841598,23879.179556689327,3,0.15844626977466747,Q2_Train,0
67,21898.396787268608,7009.239964547654,4,0.4083087054852133,Q1_Train,0
53,30006.82815516856,32507.545253240172,11,0.07455483050130239,Q1_Train,0
45,33246.487205303114,12188.04548687602,13,0.1552845595322648,Q1_Train,0
41,73259.66941738999,32184.180236949876,8,0.3244606339033686,Q2_Train,0
29,93144.20527940482,6312.269260142139,1,0.024187342136520098,Q2_Train,0
52,50506.651867246546,14475.889526504157,3,0.17730221096348925,Q1_Train,0
57,41423.0301926423,46606.51527257674,13,0.4230813798924444,Q2_Train,0
67,20416.394512711817,11477.03144180631,5,0.44913965408590406,Q1_Train,0
59,104753.31814861839,29679.210745051918,4,0.2738634281378234,Q1_Train,0
64,83693.59779514294,11251.225858424064,2,0.077597777906581,Q1_Train,0
22,32044.97683840437,8179.571357252931,1,0.168565731113576,Q2_Train,1
29,25982.834844634166,22711.774393677933,6,0.21367870168645126,Q1_Train,0
18,89251.9889609095,17420.846179169497,4,0.512821699463482,Q2_Train,0
61,34350.781810972534,7525.4296254669935,0,0.15476013718538184,Q1_Train,0
39,20083.76032294092,19516.534720827513,3,0.1834481091917548,Q2_Train,0
55,32652.607091487444,15356.751664129133,8,0.09665327540371624,Q1_Train,0
36,34329.91211334026,51090.31212970658,7,0.47740272867660977,Q1_Train,0
33,40399.8842937689,32004.961092847523,10,0.07693129385977764,Q1_Train,0
48,35831.53066863849,6105.087686421313,6,0.07708701316217899,Q2_Train,0
20,33232.98643157609,42275.60885724794,0,0.1435761613314371,Q1_Train,0
35,125680.73914894402,23180.497364885596,14,0.376720492331156,Q2_Train,0
43,38499.479192498926,45902.43575732599,7,0.41745415497730015,Q1_Train,0
30,39762.64366864176,30983.80853093838,3,0.40396258994945755,Q2_Train,0
40,20502.506462161156,14605.116777506524,7,0.21045141387529415,Q1_Train,0
20,44971.192930506164,6447.031546721707,4,0.10064438738388365,Q1_Train,0
42,114781.21731629373,9221.44950698227,13,0.033199429042212514,Q1_Train,0
44,46421.481652628194,20328.813261217445,3,0.2567230045891623,Q2_Train,0
61,83658.08389742026,15248.515595337522,10,0.3430629761009942,Q2_Train,0
44,78870.5851195818,12091.373465635937,14,0.2483795331523338,Q1_Train,0
41,82844.58767821896,17781.974157212455,9,0.352182921095504,Q1_Train,0
25,106408.15346786211,10827.83754783407,0,0.10923559413206416,Q2_Train,0
26,91341.90537804777,23326.83049454222,3,0.19819866599702413,Q2_Train,0
63,21435.998278510342,35292.554839063734,13,0.3326163236139965,Q2_Train,0
54,75529.86741157481,16696.235464480647,0,0.5567520139592759,Q1_Train,0
36,62649.57108241018,5943.484305058293,11,0.23906619217941946,Q2_Train,0
41,82592.75658790188,14299.162570029359,7,0.3520736626481118,Q2_Train,0
38,63313.93256747727,16376.216122607937,7,0.16340573443845363,Q1_Train,0
53,118882.36059769616,13492.4884849089,13,0.24520375463594302,Q1_Train,0
23,179229.53099344874,6481.089674398613,13,0.28520303258708396,Q2_Train,0
22,23734.204626827377,17898.419082283974,14,0.08521130554759727,Q1_Train,0
31,40554.85867161008,23796.92268742138,2,0.1143182046952035,Q2_Train,0
62,150110.61373616714,12952.865527452623,13,0.6381183497847295,Q1_Train,0
59,134113.42765787465,41270.39824156471,6,0.27458795255222834,Q2_Train,0
67,120215.05996443711,7473.686485573982,12,0.4291710311790244,Q1_Train,0
21,38436.6862692947,7812.275454365046,8,0.18466071691256705,Q1_Train,0
41,55194.1716098859,45247.88512507816,14,0.37955354346728815,Q2_Train,0
67,81323.51408981108,22736.83412347954,12,0.28585241027786357,Q1_Train,0
38,39852.31511479472,27887.155686215297,9,0.03779494180049675,Q1_Train,0
60,70642.4462189897,17740.99281239907,4,0.026069448829459534,Q1_Train,0
65,33710.78575594063,20393.799409927713,11,0.3512300525433363,Q1_Train,0
61,32708.41418427363,17976.49593562996,0,0.2908004684395909,Q2_Train,0
44,95268.22687766107,9790.817332830466,8,0.7870487790446384,Q1_Train,0
43,97397.9511459775,23752.640404382062,7,0.2570063160753842,Q1_Train,0
48,76828.15178183952,5593.462792833931,11,0.31449834673282917,Q1_Train,0
23,20680.58704733706,54041.45787405798,5,0.04458384361719528,Q1_Train,0
61,38235.87840588932,6275.087951410663,2,0.3714346717097602,Q1_Train,0
51,20125.875367415603,24959.511587570563,4,0.2211694919804268,Q1_Train,0
31,148743.60009770526,19893.739291194044,1,0.19440198991565943,Q2_Train,0
33,119585.96197231968,6176.507074685184,4,0.0343375681318964,Q2_Train,0
26,20214.815869275306,47493.8606582272,4,0.3168802463359234,Q2_Train,0
27,97931.28689349584,17598.635095994305,14,0.6290798150275415,Q1_Train,0
29,92534.31919137227,20230.389984346613,1,0.3934210647038368,Q2_Train,0
23,164833.58558305746,21762.208801373803,12,0.450715806183414,Q2_Train,0
36,206662.58331685024,24658.435840133967,6,0.2113978598033287,Q1_Train,0
60,132268.2805767262,5248.615298887644,4,0.21316758345518289,Q1_Train,0
58,31416.816346768966,65927.35073468155,12,0.48204772116242883,Q1_Train,0
46,30820.82207753236,19431.601649682405,10,0.14956428301127522,Q2_Train,0
41,20479.01765913551,7947.922728215233,5,0.37693591438426466,Q2_Train,0
42,44856.60309634004,9260.661484046812,10,0.7505965462642108,Q1_Train,0
33,138591.93859432993,6345.252390209258,6,0.29126433143376257,Q1_Train,0
54,61090.637070813274,9807.184540970013,3,0.4199263502423693,Q2_Train,0
38,115792.80918231439,7367.161914316835,11,0.11401123060138743,Q2_Train,0
45,100235.48987729024,6913.014619918385,10,0.14710132064139175,Q1_Train,0
55,172978.21672519683,6367.742156260963,5,0.1386928226523676,Q2_Train,0
45,125032.90726839387,11846.009745475349,11,0.4275370097428992,Q1_Train,0
34,108893.95022082323,47888.466942517116,4,0.3364498685845849,Q2_Train,0
39,119896.1839900206,5188.601614335979,1,0.25672712936275854,Q1_Train,0
46,105922.97003229058,31997.810306117837,6,0.5258665516988629,Q1_Train,0
35,39557.511760241396,7939.7852266187265,5,0.028026152399577186,Q2_Train,0
52,144554.97634500623,10237.045022544915,9,0.06578723025750147,Q2_Train,0
67,72938.47479930191,14800.257093511573,12,0.02140523998772682,Q1_Train,0
59,45072.66515079139,5442.762751650669,4,0.02435202767311882,Q1_Train,0
44,47468.41967046614,10906.67230633033,8,0.14517516295584063,Q1_Train,0
52,326136.652348498,43439.774138520566,14,0.3027549330258892,Q1_Train,0
25,59535.096619558746,22420.483121736786,14,0.24781523214511184,Q1_Train,0
35,20344.330950417017,29223.2207355281,0,0.22536811321842581,Q2_Train,0
41,21871.043388678885,6553.741323246706,11,0.14311131909976485,Q2_Train,0
29,24543.607278116157,23557.969670875944,0,0.5597805125545938,Q1_Train,0
66,162181.23612573836,38460.273941480154,12,0.2826930953689317,Q1_Train,0
30,45280.72410471401,9053.379564642937,11,0.37535121510021946,Q2_Train,0
42,62225.09560191917,19394.27401728633,14,0.2317163038556882,Q2_Train,0
61,37363.8532859151,5282.669381093481,6,0.5349184237527445,Q1_Train,0
63,39600.07936964273,30784.19514822639,5,0.15367006455725818,Q1_Train,0
24,104054.22135752512,7972.201660527301,8,0.20507619426253207,Q2_Train,0
62,47799.12956370061,6819.137801254787,10,0.46508903695774567,Q2_Train,0
23,38677.09922885623,57716.40929575703,1,0.10765052005736406,Q2_Train,0
36,130639.17689908102,8508.75997548709,5,0.13862780998011,Q1_Train,0
53,60121.49770754645,11097.870709168943,12,0.00678675404384517,Q1_Train,0
26,37012.45322970966,30812.491329952292,5,0.5496787980052358,Q2_Train,0
46,34952.30525417498,5395.8821482168005,13,0.32685679838421977,Q1_Train,0
41,21616.04992142573,31370.497732642416,11,0.20198844118233938,Q1_Train,0
22,37299.37307609063,7421.377691502022,10,0.0753074329574482,Q2_Train,0
62,52557.771927592825,31128.816215632392,1,0.32067693520940743,Q2_Train,0
69,110770.75421065271,8911.15523038669,14,0.30499530139343284,Q2_Train,0
24,24486.09048586717,5736.682523797777,14,0.5046400475712058,Q1_Train,0
54,20421.09231200006,66365.85624839074,11,0.3426997497932988,Q1_Train,0
35,59750.68830227509,9250.454453666915,14,0.14275704487784613,Q1_Train,0
40,35342.630385511526,24377.485950031187,4,0.312081501871131,Q2_Train,0
21,26668.321921690113,6318.586445743096,5,0.47799312380893544,Q2_Train,0
64,23848.02528054466,11569.853924583875,5,0.1950285255686926,Q1_Train,0
40,39649.05486479716,5947.116138884026,11,0.26490953141421586,Q2_Train,0
43,29910.57119009878,8891.939052960124,12,0.1256363025380937,Q2_Train,0
69,110182.73331762824,12230.396012796129,3,0.3399311242403298,Q1_Train,0
25,45934.97405640324,5033.095760897302,9,0.25783880917471824,Q1_Train,0
60,22503.432264629064,10161.112394245742,3,0.11795180270097205,Q1_Train,0
33,189438.1917175725,7819.143121070751,12,0.15961523941656816,Q1_Train,0
58,34778.13307498247,15516.84835034732,2,0.22711346526498769,Q1_Train,0
20,157582.30031848117,7583.0557827668235,0,0.23315265666557897,Q1_Train,0
31,118766.12533325788,65097.33129656085,4,0.16904899928016032,Q2_Train,0
43,122584.97028582089,9923.143166853773,2,0.23802654681745072,Q1_Train,0
23,104235.95826393823,16410.45628382837,10,0.505876752314981,Q1_Train,0
53,82179.15345379226,12290.962134879297,5,0.4251464396057232,Q2_Train,0
57,23179.14467244798,57553.94708312055,9,0.17455696536926937,Q1_Train,0
68,152791.93605686125,11222.079009980633,3,0.23689415277213818,Q2_Train,0
30,27219.539476407957,17847.763051910257,2,0.2778144640370033,Q1_Train,0
49,47702.150740850586,52018.26245066059,4,0.32831011310926617,Q2_Train,0
33,66208.7421381246,25469.027436560234,0,0.47303497936114863,Q1_Train,0
18,62542.25514743481,10428.453449101278,13,0.06243491426766965,Q1_Train,0
25,70079.14974498292,41289.21731976983,7,0.15575170820800327,Q2_Train,0
42,138981.31710727542,31676.21870660238,6,0.5334721401965111,Q2_Train,0
57,44605.66863304936,25059.681455297035,0,0.1777711330222855,Q2_Train,0
41,33984.83582259693,15559.274224534562,1,0.5530230270132873,Q2_Train,0
20,84292.52269555925,11589.424578195247,4,0.24313895936847255,Q1_Train,0
62,148432.54170147452,76961.86031159047,6,0.1874104844148859,Q1_Train,0
58,142662.98559862032,7778.580349614809,3,0.18125457289602787,Q2_Train,0
45,63932.38089120112,6182.2765834524525,1,0.4733884567586801,Q2_Train,0
59,25207.147655644214,11320.61945315982,14,0.5256725582618043,Q2_Train,0
50,20838.699187831306,21868.856280952652,5,0.19683926734190818,Q2_Train,0
63,127487.01029915575,8628.188988908532,12,0.19282926594360225,Q2_Train,0
31,64328.644461811644,83054.84540390714,7,0.5833634672440675,Q1_Train,0
25,22309.876167353224,10967.459026028619,13,0.3755654009453244,Q1_Train,0
65,33706.54332272718,10674.017951187587,8,0.30067385448130035,Q1_Train,0
33,95703.52352204663,35983.94455181694,7,0.09110784051447968,Q1_Train,0
35,146237.74769406056,10873.124850643286,6,0.4243375166430184,Q2_Train,0
24,182493.03855473502,6896.1646533186795,8,0.18378960485916607,Q2_Train,0
32,86148.93816626557,9438.351421403153,8,0.3811590668857076,Q1_Train,0
41,117184.5454633599,6320.6633090190235,5,0.311133229186159,Q2_Train,0
66,67171.20965667043,19927.756490125914,11,0.225954555463246,Q1_Train,0
68,50674.64260324499,25246.32199692484,2,0.3876043403826097,Q2_Train,0
30,82437.13487141856,13412.494647436988,13,0.6104752402278142,Q2_Train,0
26,32691.78003379993,50798.84720858352,11,0.5196441383664043,Q2_Train,0
32,25814.575774789624,24503.061439512436,10,0.13938901363809672,Q1_Train,0
52,91742.9325271159,12162.286163895093,7,0.38236647049043343,Q2_Train,0
33,52941.381675951496,15512.71744092756,12,0.043534564406057324,Q1_Train,0
25,58221.87351950523,16997.193799453104,11,0.11881052319297711,Q1_Train,0
40,49187.765393570546,9605.67903851557,13,0.15093984199081695,Q2_Train,0
62,166906.8533386328,5037.313366663096,8,0.24162533614617449,Q1_Train,0
48,52673.55846970454,30137.251075041822,12,0.1321880277591177,Q2_Train,0
57,24229.031646554136,31019.63484387862,7,0.389449553424514,Q1_Train,0
66,92518.54098622367,41391.94357426517,13,0.3849012573052193,Q2_Train,0
31,44842.98049095146,57124.260558961236,13,0.17831644915648928,Q2_Train,0
47,82013.43786795596,7600.512436028191,5,0.24478623486679668,Q2_Train,0
56,63323.78793271474,11551.357174090836,2,0.176982706702131,Q2_Train,0
61,48405.147936418674,25623.220459881213,11,0.37574110526862575,Q2_Train,0
33,32095.588540213834,12420.228778286977,0,0.21571290195064902,Q2_Train,0
29,114175.14326330423,12819.392381115256,10,0.29564897133017914,Q1_Train,0
37,107280.32033245267,9554.421445553835,8,0.12999421948713527,Q1_Train,0
46,55394.7896711155,5715.3195667697,11,0.09207037116702321,Q2_Train,0
47,77274.78444669337,10873.601128078608,4,0.16816595099793713,Q2_Train,0
43,68233.4812334226,28404.21445875972,10,0.2712806425929041,Q1_Train,0
50,36410.45456260393,49931.30991860678,6,0.3222317208572556,Q2_Train,1
39,187013.86618846745,5138.754175720868,3,0.20952330231959818,Q2_Train,0
62,121161.28106452977,12737.298468429182,12,0.3057628893548166,Q2_Train,0
53,107037.90648027122,8042.420026196134,4,0.3331204007387416,Q1_Train,0
30,95533.00499718376,8016.899231610112,2,0.33410454764259284,Q2_Train,0
44,69096.1928601528,6715.459543233859,6,0.2004370923116172,Q1_Train,0
24,34560.97114567851,11894.953129086567,0,0.2657808790677297,Q2_Train,0
58,23290.2856616747,6620.197314976797,12,0.6969774125732144,Q1_Train,0
31,31161.67781922297,18459.82813264014,3,0.2813015533625537,Q2_Train,0
53,38146.46556534289,39160.72634314779,14,0.2846802466245798,Q2_Train,0
69,117774.29735473174,7656.119305607088,3,0.06518274561196744,Q2_Train,0
57,27507.259870158203,44922.3658619996,10,0.5063766681480091,Q1_Train,0
34,185055.1924502877,11068.60634770989,6,0.2210418899241257,Q1_Train,0
57,141734.38477928296,35295.61678419219,13,0.4255940204459703,Q1_Train,0
46,129253.01831737086,49637.73539564564,11,0.285490793945621,Q2_Train,0
44,29501.703602126545,69425.17126230674,6,0.3112785761873366,Q2_Train,0
69,101506.74174420016,6608.543132675405,5,0.26267602643252325,Q2_Train,0
51,102463.03738691329,5854.567996042879,7,0.24641760448528577,Q1_Train,0
21,81068.73636621711,25190.479649237,9,0.2398755576847664,Q1_Train,0
41,49714.97068225766,39101.17729144294,13,0.057857863046973504,Q1_Train,0
38,38668.48144381879,7723.8519307613005,3,0.5234648384169217,Q2_Train,0
50,184785.0576060253,47470.42445633114,12,0.1858726156604472,Q2_Train,0
24,27498.271587277704,19132.891828187872,0,0.5665771845855884,Q1_Train,0
18,22237.007030400506,6985.99720895042,6,0.11630926309236714,Q1_Train,0
20,94588.72411510606,6023.467638622169,10,0.5083039291735773,Q2_Train,0
61,22918.81843111961,7318.528999460581,12,0.37814041975178575,Q2_Train,0
68,58679.22212077783,24758.462875356414,2,0.09376617215519002,Q1_Train,0
32,42887.34778983348,8703.215063649353,7,0.17179862611099758,Q2_Train,0
48,27944.387690878422,17371.20586612013,1,0.32275319234636973,Q1_Train,0
27,22828.879006622054,38846.64710481309,3,0.11980248929358431,Q2_Train,0
46,39165.16319369344,18371.296494922513,5,0.22912900274589082,Q2_Train,0
34,34997.733593945435,10241.338485441858,1,0.1068929942106602,Q1_Train,0
39,150185.18814894382,8416.719171275112,8,0.05364240486808122,Q2_Train,0
68,38364.052914371336,12946.382159785784,14,0.35303588293097954,Q2_Train,0
67,116812.51531584917,11723.645667839253,6,0.6009435636144386,Q1_Train,0
28,61956.680636427925,23367.327612932066,10,0.24046640563405539,Q1_Train,0
56,58273.66612810703,29797.315273828033,8,0.6626139281486211,Q1_Train,0
22,46857.77873722517,22249.067093244288,5,0.41296727790400484,Q2_Train,0
61,40614.28656149249,19980.787406883173,1,0.3929674916361151,Q2_Train,0
65,25236.179832964775,9103.923764377043,6,0.2853192405835385,Q2_Train,0
38,176982.6223309792,12504.041150839708,3,0.19942163065103863,Q2_Train,0
35,87593.39407346211,7990.004690788728,3,0.1307176459410773,Q1_Train,0
37,55797.13365237928,18162.119331095586,4,0.12405014307084301,Q2_Train,0
32,60548.72061060515,19961.74501903273,0,0.21252057617390746,Q1_Train,0
68,71887.0717460869,12373.006228610726,12,0.126534626090866,Q2_Train,0
29,36704.493861745505,18409.528079695097,8,0.15075131732791164,Q2_Train,0
38,40144.09399260323,17663.836834719274,8,0.18355056045429338,Q1_Train,0
24,63836.3505974681,33037.201855265615,3,0.21909087908676741,Q1_Train,0
43,26194.644809251517,15866.218937980499,8,0.03869484032720468,Q1_Train,0
26,38904.92385446315,43325.50482744521,1,0.32627841702723714,Q1_Train,0
44,62024.30016016058,5422.648585666933,2,0.3353140098826036,Q1_Train,0
21,67441.06398248232,17406.01783577195,6,0.26513669356807146,Q2_Train,0
38,78641.05469579692,17148.286385845313,14,0.21266005813589206,Q2_Train,0
48,90722.13853033641,20285.996468801724,3,0.14268136902238002,Q1_Train,0
57,187968.34356165314,16341.90847409543,12,0.49086982666905127,Q1_Train,0
42,112781.44372288442,6809.042032614498,11,0.17924618906442605,Q2_Train,0
56,61313.22238715431,7543.670448148387,11,0.11881826581813912,Q1_Train,0
32,130527.1354121154,8637.855973429476,4,0.3704061207721276,Q1_Train,0
52,44098.38312471108,19246.823559249075,0,0.15861100313278192,Q1_Train,0
58,163538.0009897555,10116.522447806008,8,0.35381640746013016,Q2_Train,0
54,28828.18805250116,6195.737988125362,3,0.1578865122866166,Q2_Train,0
59,71623.52646936747,21365.353875691115,11,0.2902750188425494,Q2_Train,0
45,137729.22216485423,12855.779906933189,14,0.2369299838823859,Q2_Train,0
31,36184.65507315453,44399.15243845782,1,0.11403596399140936,Q1_Train,0
21,26890.386693873264,15969.749465534112,9,0.4983358285625682,Q2_Train,0
37,34240.982911944026,37776.77310430387,14,0.08014810837422212,Q1_Train,0
51,63104.528198034066,17979.86715059938,10,0.17154319622428632,Q1_Train,0
29,145497.84406057018,12093.14570811021,7,0.17001821897028216,Q2_Train,0
50,63677.82568479519,16615.256868265373,0,0.18651413910504533,Q2_Train,0
37,93491.8477793467,21847.575268416498,10,0.07391981445141203,Q2_Train,0
60,39448.27518617689,14909.694320757751,1,0.37413599750350995,Q1_Train,0
57,23218.046747130156,24046.508589848705,3,0.18070031656446522,Q1_Train,0
55,56168.4388996822,16604.641276017283,8,0.13516480484456828,Q1_Train,0
33,32240.177751996576,18358.518946485747,2,0.2411563103452708,Q1_Train,0
69,85946.25113731858,16538.448284680187,13,0.23254321294703797,Q2_Train,0
32,64624.39182958741,13576.928363953897,7,0.13135637735662983,Q1_Train,0
63,78843.91502906803,23644.606088590743,8,0.36347612200513124,Q2_Train,0
40,85981.47032727872,8431.289863374117,11,0.22278485110706306,Q2_Train,0
29,84899.58631465133,9984.49548481037,12,0.24211874541132442,Q2_Train,0
61,33539.303127613515,22836.40887852907,13,0.5382084175943689,Q2_Train,0
65,35746.19859986949,6289.101997691297,1,0.4359766176415669,Q2_Train,0
60,54278.68466435705,54651.2143468817,3,0.2740709361770865,Q1_Train,0
66,29305.72450684021,53819.45944413425,0,0.16488989621437392,Q2_Train,0
31,35379.57630406184,20790.26001518411,3,0.08352725632710305,Q2_Train,0
59,51313.384808256145,7928.019047569505,11,0.17128703988526164,Q2_Train,0
33,94250.30353029395,28626.72205995768,11,0.3400626920077478,Q2_Train,0
32,32870.18142922032,27353.37871595025,6,0.4548467456784851,Q1_Train,0
21,23484.279143958982,39658.982919592694,9,0.29050548041698265,Q1_Train,1
40,24175.50626948791,24186.93973344646,6,0.3147858188643457,Q2_Train,0
69,63632.55292517481,13257.331394894258,8,0.3820419085554009,Q2_Train,0
60,99283.13360950995,12525.151960583844,3,0.3403731127169359,Q2_Train,0
60,20827.142082118175,5546.7077619551,3,0.3843377524576483,Q1_Train,0
59,228235.01541022465,21894.464632258132,14,0.3858837940017978,Q1_Train,0
21,63353.49326520121,18399.687433374424,14,0.40504446910727093,Q2_Train,0
22,114750.3737569733,9338.565639981123,13,0.1426032235118671,Q1_Train,0
22,185603.6925751739,21113.716075593566,10,0.28468408974605347,Q2_Train,0
58,39847.35907042098,7674.125922702253,5,0.0816171763721164,Q1_Train,0
33,23697.25969425866,13364.286934054515,8,0.1820805520346488,Q2_Train,0
58,47910.89719427368,62407.7290058625,9,0.7542907987229648,Q1_Train,0
20,227346.50284108444,11114.495270034047,1,0.30359728350831283,Q1_Train,0
38,81291.03182042584,5251.1677391796575,1,0.4528708648468352,Q1_Train,0
23,122481.43445975437,56458.38513510323,1,0.10250916195014906,Q2_Train,0
35,80767.61776616419,47455.63086182454,0,0.21390321917858088,Q1_Train,0
61,82861.57299958474,23963.437508831452,11,0.18078736953410268,Q2_Train,0
26,43854.95810417479,8155.769199152832,2,0.06575029058404548,Q2_Train,0
45,37412.04192992803,23656.073574563907,13,0.3054866164657335,Q1_Train,0
43,28023.73194606162,33881.01188522273,13,0.34174650712339777,Q2_Train,0
35,50665.3847075711,10876.342154110178,9,0.07947514872829432,Q2_Train,0
36,135103.90571261576,15714.973811457352,11,0.2398611293520484,Q1_Train,0
26,22891.009505707978,18322.577561562,5,0.19540746756245922,Q2_Train,0
48,156978.22548054068,14907.1168975558,12,0.22098674746543723,Q1_Train,0
40,28133.02908316443,15613.018625126093,6,0.09314704910071658,Q2_Train,0
22,25617.590122227844,15872.688131111168,3,0.5562972086106731,Q2_Train,0
64,80649.19635344831,8789.264823966367,9,0.2947300992748025,Q1_Train,0
45,44260.27404723796,8399.039096280103,4,0.130187031558011,Q1_Train,0
20,23901.93087490325,50284.49245972397,10,0.11677240543785894,Q1_Train,0
48,113498.73207062,22378.947765400688,8,0.3151306587460495,Q1_Train,0
62,93452.27439901268,8029.7523152279355,0,0.1860618536482937,Q1_Train,0
54,62893.89626541944,10408.46721967919,2,0.05126482257695629,Q1_Train,0
18,76474.09155965253,9239.424022559022,6,0.4321471092828482,Q2_Train,0
26,74170.50855984466,14542.96039940945,13,0.46938683428948447,Q1_Train,0
34,26237.920976392677,5276.4790152543155,1,0.2245876381382972,Q2_Train,0
18,41108.884106736696,6373.782328732947,13,0.2042950774254049,Q1_Train,0
20,39654.90885179411,24604.734198384664,3,0.09304693095523285,Q2_Train,0
48,62267.19791141897,5157.4956682845905,13,0.1260897663425937,Q2_Train,0
40,25210.702915619233,30821.168284563282,1,0.3809182350530347,Q2_Train,0
47,125243.58456477303,11241.080907437798,7,0.34913138577219066,Q1_Train,0
27,58460.0751358399,54736.358149577456,7,0.2127289194156886,Q1_Train,0
61,71530.81611944328,14357.924514565255,14,0.23870658496749317,Q2_Train,0
39,32446.763889812082,66139.58841306518,3,0.22907814980378743,Q2_Train,0
58,155579.00961581265,6916.411590049641,14,0.1922066077521093,Q2_Train,0
58,26858.32808970856,53080.68590707842,11,0.42122187674264067,Q1_Train,0
64,152820.15160646435,13014.549080917404,2,0.3631503745168833,Q1_Train,0
40,39194.67728703115,6428.0243532547265,3,0.23959842739454884,Q1_Train,0
18,30832.278183154594,20787.445394882947,14,0.29746669618869404,Q1_Train,0
25,23502.764809338478,9411.923793510272,9,0.634860050523951,Q2_Train,0
55,26812.248093806367,54992.874497053184,12,0.40089253888575005,Q2_Train,0
44,153274.57635908166,15857.515211304733,12,0.0757792859166991,Q2_Train,0
46,52172.363495829304,30766.723705001918,6,0.10508293367241102,Q1_Train,0
63,79520.24616313507,76581.10386863472,5,0.33228643205207203,Q1_Train,0
60,43118.47950415918,7543.099922232448,8,0.20078365130441664,Q2_Train,0
45,76284.12297621397,5096.773833622998,7,0.25294345557420117,Q2_Train,0
68,63495.35395041278,22413.73948418693,2,0.34083970375598954,Q1_Train,0
69,57165.27710884213,25408.636240113225,4,0.46774055839953926,Q1_Train,0
49,80879.4389370544,29850.332277368998,1,0.23108215248965827,Q1_Train,0
42,98265.46009689142,6980.016661632202,4,0.2915276880320259,Q2_Train,0
43,27879.057877994754,6103.876745847565,0,0.2199075873346847,Q1_Train,0
25,74777.98073617308,46443.96257373231,9,0.2440265107398597,Q1_Train,0
46,115501.71575965424,30907.072026590147,9,0.20101329352146446,Q1_Train,0
50,53355.265386350504,14337.159125117088,12,0.046213132169342704,Q2_Train,0
55,28633.27440994878,7289.275199705475,2,0.21406944842916037,Q2_Train,0
20,91080.61788421185,21573.87290116096,8,0.06631184014267474,Q1_Train,0
27,92955.38674706829,10653.73569157576,7,0.2364058482754391,Q1_Train,0
44,86201.76580418335,11680.873607951537,13,0.19319042529089925,Q1_Train,0
32,64483.60979254817,25918.917316740113,4,0.6659630887879825,Q1_Train,0
28,40656.13622467487,43129.31518514032,7,0.1843593825249159,Q1_Train,0
64,29004.33164025687,10878.198960844049,8,0.15649807213068506,Q1_Train,0
41,20059.219741865276,9623.987476283579,0,0.14638645664127925,Q2_Train,0
30,31562.577605567145,7288.649531908721,10,0.41463212274343964,Q2_Train,0
49,46495.068219663044,12102.326824963617,12,0.18049676585697588,Q1_Train,0
54,33962.17761618678,15885.245144533728,4,0.379271099855103,Q1_Train,0
30,44751.91307550961,22617.682770168132,12,0.4388971946821779,Q2_Train,0
66,84480.35443510095,17362.810479059634,8,0.3412693270748877,Q2_Train,0
24,81834.82915355233,7499.272915693955,2,0.13649430563450154,Q1_Train,0
28,37119.37316809099,5739.239277669074,10,0.20306332421789577,Q1_Train,0
61,56325.87603044556,6129.889055232469,9,0.32035216430056773,Q2_Train,0
68,75016.54275491569,20978.96483779524,11,0.45345634873526225,Q2_Train,0
61,30744.253912151566,50912.408786266744,14,0.16036697301061703,Q2_Train,0
51,41080.51466497637,9152.323960785465,5,0.11746994979028048,Q2_Train,0
69,64972.74949235818,9862.154745465057,5,0.3343178862029155,Q2_Train,0
43,87382.68066165905,17898.521691127367,14,0.12850678066141275,Q1_Train,0
33,49048.30287875538,11901.642992242676,3,0.062283018022267704,Q1_Train,0
62,38020.14587941193,19222.330460953548,14,0.3721169669123155,Q1_Train,0
52,34943.523703395455,11545.983538455599,4,0.5117302703473329,Q2_Train,0
36,95854.22811717335,18685.994608244626,13,0.25589887202851114,Q1_Train,0
23,108786.89856979922,6887.165816564859,10,0.4081415600120006,Q1_Train,0
36,99906.02689970327,27324.85000398496,1,0.1499195235965933,Q1_Train,0
68,79249.28329833155,15124.499246507146,3,0.1832984533155044,Q2_Train,0
25,58668.03710718016,17309.899509666473,12,0.31757733431152,Q1_Train,0
31,233567.17940297406,12283.288712285776,2,0.26479641462393616,Q1_Train,0
20,93756.57444472224,7139.784548136695,6,0.1192457462976108,Q1_Train,0
40,33699.55684606226,50074.49460339289,13,0.2640212494080786,Q1_Train,0
35,28670.106334677817,10102.122012514714,14,0.5409182852970572,Q2_Train,0
36,98940.7725109534,32923.445993553534,1,0.5948717825927432,Q1_Train,0
45,51549.12542053024,22387.63212898052,9,0.08885400566203014,Q2_Train,0
43,101524.7961997665,33357.29095918227,3,0.5336726518131263,Q1_Train,0
27,67408.47634529634,24658.194747688627,13,0.4083222674449821,Q1_Train,0
64,108992.82827863359,52364.24888663761,14,0.0665059427264949,Q1_Train,0
21,55035.28403309164,17683.32685996085,5,0.06857445755203731,Q2_Train,0
19,24938.062557969122,12181.994934374714,2,0.23211692132238915,Q1_Train,0
45,105491.55469172457,11468.361343389357,4,0.09294322834388384,Q1_Train,0
34,78848.13455310339,11118.825130997295,13,0.7501749286937953,Q2_Train,0
45,26412.510334305487,20774.2097515146,13,0.3928462587364052,Q1_Train,0
36,58812.62784467371,15322.277481519237,13,0.575015093250793,Q1_Train,0
40,60292.08194401788,5893.852260974673,13,0.09812406552004607,Q2_Train,0
30,25350.94273092549,5211.46441788942,13,0.5584011703013871,Q2_Train,0
28,80642.8063740875,6681.597119969141,14,0.16694404870303228,Q1_Train,0
65,44354.234581342025,6673.6852250216325,10,0.4062206208364102,Q2_Train,0
67,45300.03382458967,20242.6139535954,9,0.49587838708743576,Q1_Train,0
36,25822.793116095538,5762.271033966916,11,0.37146322121349173,Q2_Train,0
21,70965.6641313702,17442.261847767713,2,0.2614403088949407,Q2_Train,0
39,27200.15641964481,14057.624853921889,5,0.1663849036817996,Q2_Train,0
39,58843.81232961344,38953.54235285295,1,0.2793573431559135,Q1_Train,0
50,27539.983524108262,13296.43083109625,6,0.7018995720791429,Q2_Train,0
61,68452.11571934973,13728.030829057476,10,0.6120893563011306,Q1_Train,0
59,55215.76859682547,20080.205048125816,1,0.12361584075466436,Q2_Train,0
57,37696.43262324532,8660.429288699841,0,0.5076379753308841,Q2_Train,0
50,25913.773954948516,11078.613678841977,6,0.09024518479172723,Q2_Train,0
29,86562.6913448453,9910.048898926525,12,0.3845461020287556,Q1_Train,0
45,24525.27976639512,47695.08174608984,6,0.3560141771692661,Q1_Train,0
27,94093.88333098337,13024.228788272187,2,0.10263037717470978,Q1_Train,0
39,33256.558868595865,6203.534866741769,13,0.10634947429182348,Q1_Train,0
24,23974.120122326138,7370.108506575481,7,0.7615769647125934,Q2_Train,0
25,21276.754771240383,15401.251188439113,6,0.1475287854654733,Q2_Train,0
37,23385.282419144696,6732.170589525849,2,0.18732576409978277,Q1_Train,0
34,39748.167183031735,6863.673345426432,10,0.4645498639154503,Q2_Train,0
45,58742.59054552541,17355.540635530506,11,0.07827945504871688,Q2_Train,0
55,160911.1975826004,19295.49414561406,7,0.27764674478941204,Q2_Train,0
39,37916.05873005664,10411.88250350468,9,0.07965198564467187,Q1_Train,0
61,21959.651050404438,15758.17123509972,1,0.3401656928127157,Q1_Train,0
54,27954.069105911778,6933.531621602671,0,0.23054409462718936,Q1_Train,0
30,25616.44894834139,13504.84027902933,14,0.3969487728229666,Q2_Train,0
47,85036.11846076511,12622.454601990463,8,0.20943447245549077,Q1_Train,0
60,45327.81667325958,35634.131799366536,5,0.15120259275481893,Q1_Train,0
51,129842.06813510369,6842.364256462919,7,0.3259866438903993,Q2_Train,0
59,61107.58343346713,10183.99536008678,4,0.059095252321727215,Q1_Train,0
36,45714.11302096407,6175.86644226991,13,0.38715598270935314,Q2_Train,0
56,39572.180555279294,14431.906226024172,14,0.34540462307058856,Q2_Train,0
50,33248.423278385715,15984.471300637266,5,0.3502080975928835,Q2_Train,0
61,35697.033618674606,10918.43575699702,4,0.42270804623605895,Q2_Train,0
45,24914.15527656486,19241.67168797314,7,0.047998332907136905,Q1_Train,0
42,49743.57487364656,18283.377238164347,4,0.19376819541718238,Q2_Train,0
53,98558.53513225952,12015.594416627118,8,0.26768593055515977,Q2_Train,0
41,174625.23387504517,13393.449584101825,2,0.3044802820790074,Q1_Train,0
38,27998.866606370502,43782.041795536046,8,0.3130589526745506,Q2_Train,0
61,155854.63622950303,19548.667519341598,12,0.2354761222403663,Q1_Train,0
50,32883.380769707146,17264.909508033397,4,0.27300436656629734,Q1_Train,0
47,88710.73790215931,41525.14910093754,2,0.21380102610531984,Q2_Train,0
29,23206.55158783077,8801.099333306996,6,0.10891549020193639,Q2_Train,0
61,69687.4088265303,37931.047831625314,3,0.35975439199796433,Q2_Train,0
68,75459.28073683294,7050.12642157819,13,0.37819431420517075,Q2_Train,0
69,148651.41701585177,13598.4668074412,0,0.4843785216058831,Q2_Train,0
28,30756.772895991868,9503.688793143132,1,0.33276154880848424,Q2_Train,0
44,26185.65063402733,13664.312797830758,6,0.08908183877143065,Q1_Train,0
25,57133.56501656194,27763.905936978557,2,0.2048828365623802,Q2_Train,0
25,42509.26503677725,17741.661913390788,6,0.7478874322246201,Q2_Train,0
26,74513.42637874345,19349.079093241595,12,0.33021769624456393,Q1_Train,0
24,34398.569641186186,13444.590740874197,2,0.40576135555620274,Q2_Train,0
31,21761.91052910468,23946.243031583035,11,0.3011354055762445,Q1_Train,1
45,180036.7388307966,8439.222209388512,9,0.3559411727046882,Q2_Train,0
60,82494.24676602501,23785.53540425076,2,0.1578167292301241,Q1_Train,0
25,55416.45290500296,27567.98901887223,11,0.056960527241500414,Q1_Train,0
30,75281.64534878056,9274.282427669112,13,0.4137092516647986,Q2_Train,0
45,44897.078499071824,42915.13013834423,3,0.4671102275211669,Q2_Train,0
52,50060.27583143831,7073.773786783988,2,0.0393123951356312,Q2_Train,0
40,189377.0521850043,50894.51554826441,13,0.41841873761541043,Q2_Train,0
63,27325.847334699705,83922.85733671924,5,0.16640851717203878,Q1_Train,0
32,90263.70234419323,27948.613059413823,13,0.5610496726604944,Q1_Train,0
68,37149.732201156265,50955.840978871835,11,0.23731460573648286,Q2_Train,0
29,35788.81190827837,10148.668679055843,10,0.31478688519184694,Q2_Train,0
53,42089.631178157484,30982.59196172061,2,0.37988830091526654,Q1_Train,0
20,35786.72817665331,7811.761221712872,8,0.21072017314288663,Q1_Train,0
22,75054.7405449251,5697.098910622808,1,0.24283617844582617,Q2_Train,0
20,22444.91264480349,8280.952460846602,14,0.33455122705648804,Q2_Train,0
36,36439.483640179766,15250.99057740398,9,0.23615449989547344,Q1_Train,0
61,27920.401542759642,13788.474445916294,9,0.12854915124387242,Q2_Train,0
34,29347.730363541115,45281.08547240766,5,0.2675407611097376,Q2_Train,0
31,43103.94477806982,8868.34611935518,3,0.11752283623581582,Q1_Train,0
45,31138.443165871424,8554.271476585478,6,0.2100116779877167,Q1_Train,0
44,36892.515329226255,12400.314046720174,12,0.2768629900939289,Q1_Train,0
20,52351.812854617456,11147.175681739907,7,0.2058381698017489,Q1_Train,0
55,22387.86601565657,9630.825000896664,14,0.09746948788465795,Q1_Train,0
65,113318.78948149973,27323.116218778123,10,0.4500796507223543,Q2_Train,0
56,49006.43751921234,19019.554517680754,12,0.2981443300095876,Q1_Train,0
47,126333.81317134477,19340.711882822765,7,0.12405913203639338,Q2_Train,0
45,53847.85789170791,7962.224054141792,8,0.22125255560642432,Q1_Train,0
69,84718.03557683909,12486.74159319279,8,0.2630104508822114,Q1_Train,0
43,57368.90449465927,25337.973638645202,8,0.23216585240127147,Q1_Train,0
60,75197.26117127313,7934.942816831226,2,0.16495373839353678,Q1_Train,0
39,28553.11405209329,21029.4298993861,6,0.6685842292169597,Q2_Train,0
38,72149.67491052784,5408.7681434622655,7,0.4893895909732942,Q1_Train,0
30,75657.19937146091,14283.735583277687,9,0.6986832673226548,Q1_Train,0
63,72363.75838552826,40720.82426012537,0,0.6499325942342323,Q2_Train,0
26,188098.44529929326,14951.886189497074,2,0.07083771558845307,Q2_Train,0
64,71207.5743977236,8764.56512774134,12,0.577974115552466,Q1_Train,0
38,67538.03283510316,6276.395189485385,1,0.5847565456005805,Q1_Train,0
48,45434.24993977761,11539.292284476944,3,0.40085762346026854,Q1_Train,0
56,111377.11257854324,29042.854238452786,4,0.104930717138478,Q2_Train,0
39,43977.54115094027,13881.546890900961,10,0.13771801263986472,Q1_Train,0
23,37346.390435689136,16815.099975928588,10,0.4754128774380948,Q1_Train,0
43,26949.502187912974,48968.22699806887,10,0.47337160425165853,Q1_Train,0
22,70332.50216884527,17920.386288376103,10,0.269280349176032,Q1_Train,0
57,64831.67651205778,5174.403825005266,3,0.5400082889949577,Q2_Train,0
31,21300.248584206016,14725.348756443043,5,0.40825275667014765,Q2_Train,0
59,40817.250406614985,16147.890825199014,7,0.3187653146399606,Q2_Train,0
47,81614.08578789578,36334.701699287005,5,0.19564905564342133,Q1_Train,0
69,59373.03005270876,7098.69395292345,14,0.15816879766834926,Q2_Train,0
69,116893.1467398627,23025.993962490364,2,0.08527875086675747,Q1_Train,0
40,148481.50924771855,6657.529427029847,3,0.332041195486546,Q2_Train,0
52,40181.299769090976,15775.009328737313,7,0.12908317416796783,Q1_Train,0
48,73406.24361355713,15654.86933460369,2,0.29005976988446014,Q1_Train,0
49,59937.24511401903,33445.54840933916,8,0.20030714530242502,Q1_Train,0
37,73004.49568811612,8616.906779328725,6,0.28656692572528225,Q2_Train,0
65,33920.708487032156,24651.502625663416,1,0.1473490991272923,Q2_Train,0
19,22097.288995076655,20544.728702330827,3,0.14992662928732944,Q1_Train,0
64,226889.973659216,19955.11245002316,5,0.23600843312981326,Q1_Train,0
35,30195.62301706572,12824.807042960885,8,0.4022396429555889,Q1_Train,0
18,51215.746891138435,52149.390521601264,12,0.48012322781013533,Q1_Train,0
61,139819.02908444958,13094.983004707417,14,0.353930483777562,Q1_Train,0
57,66365.5230307572,5126.096022097886,6,0.16609091591563993,Q1_Train,0
61,35315.59319491054,45455.68707717417,5,0.2822236399486108,Q1_Train,0
37,42580.272226921945,19339.792423420724,4,0.2517170280318396,Q2_Train,0
31,38483.15449553477,33322.14758636347,11,0.4106369347976101,Q1_Train,0
22,59586.87591036858,9983.653898179615,0,0.09126359147750956,Q2_Train,0
58,26909.61123801346,26640.799260991054,9,0.30141763548576883,Q2_Train,0
57,21864.466869136257,33724.31147892254,10,0.6562042600837399,Q1_Train,0
51,133852.1932343547,16944.547742156763,4,0.35721756079669337,Q1_Train,0
33,152210.30629902074,13011.036052707643,1,0.20344064192549866,Q1_Train,0
62,23961.396170832584,49537.10776567424,9,0.6856492954462348,Q1_Train,0
33,58791.90355229826,5554.2089635192715,1,0.30182711741062357,Q2_Train,0
24,43295.05723117514,7961.045437691606,3,0.04644106613110677,Q1_Train,0
44,62071.31895813084,22254.29902299785,13,0.24708268973884157,Q2_Train,0
50,57323.20683052427,56431.70999474563,9,0.2597533237566989,Q2_Train,0
50,39552.82754644614,13812.95233533559,14,0.07379453971985592,Q2_Train,0
61,63548.67624952974,64692.43758873262,7,0.1462485101593165,Q1_Train,0
53,68156.88720007509,7633.323047607617,12,0.10796264413879135,Q2_Train,0
24,74621.98363740262,6411.980367913439,14,0.6206458128353595,Q1_Train,0
49,38559.90797577964,16372.485724695207,7,0.3178671185574768,Q2_Train,0
20,75237.47956014823,7904.639503218547,2,0.1610586470297175,Q1_Train,0
46,48470.97059769919,19935.345716607568,11,0.12087811355487775,Q2_Train,0
41,42732.72902648573,14266.930156153296,13,0.2520034852476431,Q1_Train,0
39,82918.39700738514,18890.10843957714,9,0.07149834771945666,Q1_Train,0
65,20476.87667785276,12187.363238023336,13,0.4740541219495585,Q1_Train,0
41,51854.035031242034,28124.326834308475,1,0.2993628954934046,Q1_Train,0
40,43763.49430623664,22449.81733701229,12,0.5306708881314691,Q2_Train,0
27,95087.92928058178,14643.531044652642,3,0.17760403681261036,Q2_Train,0
28,71176.51049902519,8850.237796754627,14,0.1579762999705868,Q2_Train,0
49,76029.49124795379,26317.454702100793,7,0.10263522157627099,Q2_Train,0
23,24227.698246651576,7435.269356193303,10,0.5807057077349939,Q1_Train,0
41,80259.52494999721,12999.118278596037,13,0.19770245847283166,Q2_Train,0
50,23907.154366346982,7181.3669822061875,11,0.41596188648382304,Q2_Train,0
29,30907.636857023856,12950.1758225546,13,0.5150904223335045,Q1_Train,0
55,113687.0052779866,15252.061214392004,5,0.16686269140448728,Q1_Train,0
47,113935.88712966692,15989.81552242647,10,0.561200424758138,Q2_Train,0
51,41982.139227804626,14183.467449853344,1,0.3057450766081416,Q1_Train,0
53,53568.49993540542,19113.92553723209,3,0.3499486238512572,Q2_Train,0
19,25745.590050901537,7844.922426393683,2,0.35667042870057725,Q1_Train,0
22,23067.28006669673,39832.34972492231,10,0.2675239187273796,Q2_Train,1
35,29738.473370127576,12471.789184172445,9,0.30439456953668326,Q2_Train,0
49,70782.6585564248,34190.51386446152,4,0.2556258377463192,Q2_Train,0
38,97322.24458429053,30320.936295535754,4,0.09779851492207225,Q1_Train,0
66,22592.565946818155,22837.317663913702,0,0.17360145262846396,Q1_Train,0
26,176663.15355934657,10872.990476255181,6,0.3079089526515296,Q1_Train,0
61,107254.86673570963,10719.336879006927,10,0.47294380901078686,Q2_Train,0
31,30012.09163662312,16689.032022229156,14,0.5566040980438876,Q2_Train,0
63,52352.99771362607,20957.18836009731,7,0.15040654699056522,Q1_Train,0
25,169116.60788442555,24443.17602999755,3,0.594161711606651,Q1_Train,0
54,63695.72753488031,31886.91294621981,13,0.0832588755874213,Q1_Train,0
45,85804.81145780704,26524.244351243844,5,0.8139686654941518,Q1_Train,0
43,46688.75320818662,19808.412529287154,5,0.14550945170799778,Q1_Train,0
57,38135.46838634959,18646.486930438492,6,0.20974205551112873,Q2_Train,0
28,63287.003608935935,13093.638870157229,14,0.258505184408547,Q2_Train,0
31,74192.20252316269,7408.244656469123,4,0.44471784397337866,Q1_Train,0
38,37850.24617329065,11065.777765819079,4,0.2633080499867198,Q2_Train,0
25,48350.95851645393,15762.586082334366,1,0.12826657530822097,Q2_Train,0
20,87663.44034411546,18971.739268232974,3,0.2734020497208187,Q1_Train,0
40,22179.23295970753,11219.573174969024,6,0.0793212470126013,Q2_Train,0
30,44417.718937898404,20127.43292289428,14,0.31237165337723616,Q2_Train,0
64,30867.96922572176,10167.356432178505,8,0.16162839417172434,Q1_Train,0
67,20397.851569134727,32400.523915359874,10,0.16050889503866309,Q1_Train,0
22,30544.037531453865,28077.184878272677,1,0.37848321585688105,Q2_Train,0
56,128948.67608229304,8042.997757589555,3,0.17186186448628762,Q1_Train,0
64,47173.999461423016,13579.915216741443,7,0.41081799502542365,Q1_Train,0
59,74789.61163199924,43807.93258111274,8,0.4505762894089539,Q2_Train,0
64,22807.12460771845,5333.128563864221,3,0.03351257008594534,Q1_Train,0
48,73757.02168880316,15892.495407558632,7,0.24638462530161803,Q1_Train,0
48,41905.999410447694,9441.158789378343,6,0.3027719612763564,Q1_Train,0
30,150211.24554569516,9560.371278910152,12,0.22946524483242536,Q1_Train,0
31,114486.47793623495,36500.44421462192,4,0.2846589210088604,Q1_Train,0
62,267325.61769992765,5354.115682711031,5,0.23477964428547307,Q2_Train,0
50,48443.62078373034,6235.983963974328,2,0.24601174024733286,Q2_Train,0
50,48396.714699886776,10059.386466179687,10,0.14944238833634613,Q2_Train,0
33,56167.94155016835,31621.775239151222,3,0.19546231073601023,Q2_Train,0
61,24426.18036696694,9697.975890812779,2,0.49382880165792736,Q1_Train,0
55,67930.84637256383,11316.722090475288,12,0.3288143951128534,Q2_Train,0
23,33826.58618807167,12279.682524052132,3,0.1680865898390273,Q1_Train,0
42,66743.29921287205,8353.628094292544,14,0.6900543447272414,Q1_Train,0
21,89263.15869565311,28619.048742948857,0,0.12908484478564816,Q1_Train,0
21,30951.91479717481,60723.90422842514,13,0.22899519736929183,Q2_Train,0
47,20033.74786094902,11954.211131847596,5,0.4761787556242197,Q2_Train,0
51,42766.491647737115,5695.297988181865,14,0.450294396176751,Q1_Train,0
48,63125.578416564415,11635.4446122242,8,0.2908560763127093,Q2_Train,0
49,85006.20124988645,41297.591248613426,5,0.5214007281666924,Q1_Train,0
61,125834.47051835546,64516.789583408776,0,0.6198276727769391,Q1_Train,0
56,138254.0172712187,30889.33206676033,10,0.10026368585149065,Q2_Train,0
69,57647.52994693874,9085.508621216855,3,0.6510114625511306,Q1_Train,0
58,115169.92978651277,18617.670458942324,11,0.5055344711103982,Q1_Train,0
50,66375.7107743067,10743.740890309906,10,0.11430063716078286,Q1_Train,0
38,42542.32283393523,28773.096263019863,8,0.1519230790258065,Q2_Train,0
19,68087.90741715435,16459.577353914305,14,0.3989742577558003,Q1_Train,0
30,32649.738822156527,52220.08647355293,11,0.3294703624145982,Q1_Train,0
21,33711.53272365916,14989.619690712876,9,0.1782448118949213,Q1_Train,0
47,30186.06820235619,9181.036287266885,8,0.17350115427095794,Q1_Train,0
29,61668.23628224181,7022.346515900662,0,0.13711190246915447,Q2_Train,0
58,147616.40220150555,42500.739050690776,3,0.5905583290459101,Q1_Train,0
43,36410.96064479908,18874.541258228688,1,0.6620797028405426,Q2_Train,0
19,30821.074132697056,21961.359607157738,12,0.2903425551393877,Q1_Train,0
57,26618.508260964783,29998.768491410006,10,0.3934776996329395,Q2_Train,0
23,43052.26902563394,13436.88126384301,10,0.030318647509275796,Q1_Train,0
59,149542.88112190965,36042.89774740229,9,0.10130087790951546,Q1_Train,0
34,196244.24115130783,19687.784753570864,4,0.3553228812464372,Q1_Train,0
49,49208.56115049112,13756.39846296948,1,0.0445487835013484,Q2_Train,0
29,80514.61840025778,17833.04251695468,6,0.40587316377911886,Q1_Train,0
66,70138.47607974662,15168.93509647048,2,0.2887716245931596,Q1_Train,0
30,61738.66298299332,41074.73470800413,13,0.21567061367952953,Q2_Train,0
36,39782.38240219583,21939.707010321203,7,0.4561870444402646,Q1_Train,0
65,72958.32192785897,19005.46967974223,0,0.22446530660390623,Q1_Train,0
48,186337.9917955515,11276.976094195612,14,0.39253762464708564,Q1_Train,0
54,60559.71480988233,24987.392570274456,5,0.23785701479637603,Q2_Train,0
42,57270.63695488359,17396.549354230472,11,0.13781380609748692,Q2_Train,0
55,71140.02741806407,11748.260618127668,12,0.4473404379737516,Q1_Train,0
60,23869.938322938295,29893.8265904333,3,0.2608702073956756,Q1_Train,0
40,95842.13731412501,9092.02092220535,5,0.14833439060492382,Q2_Train,0
31,80195.32702222031,10281.984560431272,1,0.36386633195706186,Q2_Train,0
42,21261.597234093002,26585.15006898754,7,0.34966879893700165,Q1_Train,0
40,35137.68448382765,94518.73276200585,9,0.06933881256816615,Q1_Train,0
29,68312.11463165292,26093.111091506587,6,0.059211958158251504,Q2_Train,0
30,36034.786156429116,19404.404040715097,0,0.5503925768704342,Q2_Train,0
53,107665.8952003923,16363.462172282567,5,0.062122395171684955,Q2_Train,0
56,28977.13863461632,55923.92976851577,10,0.30326233389144913,Q2_Train,0
51,20042.473515974438,10845.80059172068,10,0.07097328056790404,Q1_Train,0
23,172237.09138431816,7921.589640029191,9,0.0787172196118546,Q2_Train,0
55,44842.58530231466,36506.56533590265,6,0.1872098007947889,Q1_Train,0
57,23277.545545225203,18346.046328063618,9,0.3352394482967716,Q1_Train,0
25,94034.56090818773,7686.969816244868,12,0.39577215003760985,Q2_Train,0
51,73085.20394724251,7390.408678579498,11,0.17097550225827315,Q1_Train,0
61,30053.44828932206,22155.9120464233,8,0.3135941969137874,Q2_Train,0
32,114650.27244594738,7057.07340322659,4,0.29491977104563405,Q1_Train,0
53,36011.85548819219,29312.533535174025,8,0.26162318057264927,Q2_Train,0
40,97928.33309970795,12423.799454859492,6,0.15515438801368378,Q2_Train,0
62,106064.86561662739,7927.395827541706,1,0.09193035838106456,Q2_Train,0
68,27462.603982213233,14779.023340668575,9,0.34426445748612183,Q1_Train,0
39,42190.94156612603,7101.814155445794,14,0.20916510972425936,Q1_Train,0
22,52006.96570512686,36286.79985822925,4,0.3797080187648277,Q2_Train,0
48,132893.29528117337,28040.408426988903,7,0.46669072710385545,Q2_Train,0
30,21134.812512069995,17387.101021197268,7,0.3324532715925679,Q1_Train,0
37,71434.14280330864,5769.2463059591555,4,0.17014645383886717,Q1_Train,0
50,39032.452651910615,8413.257248105301,11,0.08849071245117213,Q1_Train,0
33,37158.80687335028,19561.674713438853,3,0.27824839212378516,Q1_Train,0
46,53713.24476482868,14736.079190849714,3,0.253306736718585,Q2_Train,0
51,59964.56501014342,9625.519281687692,8,0.11323193656125619,Q2_Train,0
59,204918.83127579748,16088.898882339947,10,0.19036606446257598,Q1_Train,0
39,38717.58645799178,9425.995631121463,4,0.36070290463863286,Q1_Train,0
22,65165.77924358882,27572.489001140282,12,0.4830417966713049,Q1_Train,0
67,91833.85774812636,7118.978776403263,5,0.26606840243163143,Q2_Train,0
59,66943.82159252407,15898.210093031448,0,0.1460330862600242,Q2_Train,0
40,47107.21281177625,15276.678688550275,5,0.22550710541815885,Q1_Train,0
48,51153.20893682039,84437.54898779532,13,0.27762130323435735,Q2_Train,0
26,37462.57183666066,30985.56110036631,4,0.15401269269924564,Q2_Train,0
60,79523.27019621915,12329.419013187551,12,0.09918073393860154,Q2_Train,0
42,114815.93683432236,23912.444219167104,4,0.4711028366339606,Q2_Train,0
38,47040.2028449449,13497.29362016355,14,0.45557866608021813,Q2_Train,0
55,64325.68478820372,16713.94495973988,11,0.20526990185467045,Q2_Train,0
39,37189.44528706155,5038.491125892457,14,0.21433756964979475,Q2_Train,0
21,152241.3879642881,19857.980360113695,3,0.41086385254755,Q1_Train,0
32,115579.95120749605,5736.466771401109,11,0.19886660592011712,Q2_Train,0
18,45321.838260972974,18642.714678871052,9,0.2041307035093738,Q1_Train,0
47,61231.36406630426,11479.111970722273,14,0.5006834386599871,Q1_Train,0
50,93511.90840437418,29424.75165933663,2,0.0894835000303998,Q2_Train,0
58,229400.47139714606,34957.225508203555,13,0.30953870742194745,Q1_Train,0
61,99098.42175536079,20160.942704115998,4,0.25990130681362833,Q2_Train,0
53,37540.92732276692,40406.056831282775,6,0.4698060415428115,Q1_Train,0
24,26567.75689737153,22350.72016892339,10,0.27343519285621004,Q1_Train,0
25,135654.09146537803,35819.92438526963,5,0.09854387127939168,Q2_Train,0
62,147548.32920558786,26399.689267089725,1,0.3231809817490572,Q1_Train,0
42,128261.12467723456,15147.969494659737,11,0.5276198848882347,Q1_Train,0
33,26258.110690670936,10355.206932015386,1,0.056461731390926494,Q2_Train,0
28,26265.658141682718,21985.66598276767,12,0.6221284741744668,Q1_Train,0
29,41792.50084605554,23055.895418588796,3,0.23682167057758996,Q2_Train,0
48,77594.07369076513,85919.42308683523,14,0.3514733666630338,Q1_Train,0
49,74862.87136733049,5142.950554760382,9,0.4037581948750399,Q1_Train,0
18,54026.53795932152,25045.736990929174,12,0.16792154044125773,Q2_Train,0
68,59730.56612574492,16402.27859299558,3,0.4374161143544335,Q1_Train,0
40,40414.9313624911,77580.729529737,12,0.43193827699652715,Q2_Train,0
33,93723.04957408868,10418.979937538526,8,0.06587171075183636,Q2_Train,0
29,32405.385952698107,7154.311624336413,14,0.1368565033684104,Q2_Train,0
62,101556.76654715178,14343.678312680735,2,0.11377785327957889,Q2_Train,0
34,27489.427163970257,11276.713485790478,6,0.18662622587406189,Q2_Train,0
57,65626.72850618257,54333.48623924881,14,0.14307897499619537,Q2_Train,0
49,27988.876360707567,25338.934783058296,10,0.5302234116221297,Q2_Train,0
67,24943.99833419644,26916.484652522682,2,0.3829982347485519,Q2_Train,0
32,56655.088835282244,5245.063146404331,8,0.4585010628751714,Q2_Train,0
51,28982.403684176476,6058.2319056250335,13,0.4143246418433931,Q1_Train,0
66,28925.68091236966,13496.312365639156,13,0.26988107039067544,Q2_Train,0
37,128585.63005523762,38531.32967916898,14,0.3245020208471688,Q2_Train,0
22,50044.55637077552,15682.789567790302,3,0.2857479515292507,Q2_Train,0
55,308409.64980778674,19558.300303849144,2,0.2538205817284878,Q2_Train,0
34,171628.40900399757,15157.11263919964,11,0.6932039021354065,Q2_Train,0
36,46789.81087430037,13806.944054703663,10,0.024004287013702098,Q2_Train,0
50,127286.15293895744,13999.064017022996,9,0.38204294637236247,Q2_Train,0
18,49731.6191622286,10600.991847577261,2,0.3404958958893127,Q1_Train,0
63,27016.38228871233,5804.7682985674855,11,0.2208643209176566,Q2_Train,0
23,76769.54761755279,13052.333587950787,9,0.23070632670204907,Q2_Train,0
23,73380.49789025563,29206.39370286476,6,0.19058365212450087,Q1_Train,0
40,60398.16010849578,49368.53375047617,1,0.24600600571028344,Q1_Train,0
27,39161.178906725,8082.731331768888,2,0.7944314498387836,Q1_Train,0
68,95448.8259157042,9435.964575811457,10,0.5306873041257224,Q1_Train,0
36,24216.497785771724,79439.37361552074,10,0.11485291097730584,Q1_Train,0
45,51852.52580621441,16962.61794325863,5,0.241484455621227,Q2_Train,0
37,112279.17213501825,12765.051824138223,7,0.017570318673052063,Q2_Train,0
36,56445.9432143139,13782.901909162156,8,0.5972575698775365,Q2_Train,0
44,39711.23059868603,21884.589263778897,5,0.06953412927888492,Q2_Train,0
51,104408.45160242319,11017.38994795305,4,0.45544840685104,Q2_Train,0
21,45681.98485843312,7808.981679389199,9,0.3844286360264208,Q2_Train,0
55,60916.38114318957,23391.61695916599,1,0.31513462456945385,Q1_Train,0
24,29672.04692276827,5476.966395418037,14,0.6461350382591585,Q1_Train,0
24,80442.42011088834,9582.471503251905,4,0.28508588518226324,Q1_Train,0
67,117898.31334542792,8165.499188425616,9,0.6422293646171118,Q2_Train,0
43,23504.192351501028,6874.946688579806,2,0.197721950437017,Q2_Train,0
43,40564.79847774381,12279.552148611643,9,0.27063375357966907,Q2_Train,0
36,56354.373644639585,6619.153101074059,9,0.1124097649891948,Q2_Train,0
26,101067.90455536534,14909.872652687585,11,0.06546712310865195,Q1_Train,0
67,80803.51937143027,19722.24401725023,9,0.19468001192331758,Q1_Train,0
39,29617.327298176097,6217.436478164225,9,0.31751809131646724,Q2_Train,0
30,89937.80933293056,25128.103699098843,7,0.2621176772302111,Q2_Train,1
27,33269.65635238147,5765.123178737381,13,0.38147642833051376,Q1_Train,0
18,90042.71971964306,47517.112621272056,9,0.2707330683937236,Q2_Train,0
49,49668.73137644993,53268.27662610587,12,0.2633555563916071,Q2_Train,0
47,77347.85599867284,11112.118541215454,9,0.4398242061791649,Q1_Train,0
25,74273.537681829,7099.497197012954,5,0.3107261386501872,Q1_Train,0
39,111623.7687380933,32556.42425637215,11,0.04767478170226532,Q2_Train,0
19,95839.90853494573,5143.309016916383,11,0.5046574536608053,Q2_Train,0
65,49689.15553179542,43924.590584337864,1,0.12119328331610982,Q2_Train,0
20,135869.3188751348,31021.10065276221,7,0.49470407629559326,Q1_Train,0
43,159046.04844083785,30603.999974905844,8,0.23584423387734244,Q2_Train,0
38,52876.10760383845,6182.480790636828,5,0.17989943179218315,Q2_Train,0
47,37747.790777882044,17799.467620984622,8,0.2024143458452804,Q2_Train,0
45,85524.31479590455,22872.98897553156,5,0.5511785074791882,Q1_Train,0
43,104496.1581151222,8773.16288751008,13,0.08933461584495284,Q2_Train,0
51,21578.85814028487,12558.109105000607,2,0.1047157470795669,Q2_Train,0
27,42092.63093462951,33520.27376718553,0,0.3407665450667763,Q2_Train,0
60,101733.1345742382,74498.47121011975,14,0.17374287212423994,Q1_Train,0
31,107248.02899134539,14461.456231969147,2,0.11917674154160816,Q2_Train,0
57,29734.673315868386,13878.447815150466,9,0.02816910763342841,Q2_Train,0
35,40804.439569184586,15149.742932589474,8,0.3450130789504293,Q1_Train,0
55,64461.45335169873,19059.567726456502,12,0.2151228491403785,Q2_Train,0
40,130131.46989612842,25349.551061202776,13,0.14775607844766975,Q1_Train,0
63,22862.30595962492,8371.562847510084,1,0.3731491781707724,Q2_Train,0
40,106686.00111427088,53997.19842011978,5,0.3097173135802259,Q1_Train,0
52,215993.66008980962,6448.547022251775,11,0.5099769572819284,Q1_Train,0
41,32293.383562664778,23131.51107374855,9,0.18804914355676597,Q1_Train,0
33,81198.62698348664,45492.4062478666,6,0.33267298259263284,Q1_Train,0
57,44317.35146938609,13605.036257137732,6,0.12274465196564788,Q2_Train,0
56,160769.30838040553,18587.748461765674,5,0.08183262042499594,Q2_Train,0
23,56075.96871794275,56941.604661846344,7,0.5954697307873907,Q1_Train,0
19,195121.43078671515,9628.501023870786,6,0.6672809768120088,Q2_Train,0
30,61491.39710536849,14759.384108482052,8,0.324806427555421,Q2_Train,0
61,98844.53014823727,22708.810354693334,3,0.5537518288528825,Q2_Train,0
64,87744.26225889658,5155.284238603057,8,0.13611091845145598,Q2_Train,0
34,24029.55521954315,39677.15461883469,10,0.4492753207573322,Q2_Train,0
44,63552.042331909826,77420.32220053153,8,0.32454462289951486,Q1_Train,0
46,141396.8850114243,17189.924423866956,14,0.39321035412194716,Q2_Train,0
60,33459.11243896965,6568.171313288096,10,0.095474265588946,Q2_Train,0
41,65447.69382892829,25852.93688105839,2,0.205908520621159,Q2_Train,0
51,57653.83712512552,5828.319479771846,13,0.11822454892265079,Q1_Train,0
29,57221.26130491624,6058.851003634208,3,0.3456198024418078,Q2_Train,0
40,97143.6620953055,25999.716327759317,4,0.17576106355556828,Q2_Train,0
32,58865.99922750664,6073.5639939995,2,0.2225734850415384,Q2_Train,0
50,39730.156944770075,34673.01654721312,5,0.2638155172728356,Q2_Train,0
55,23437.945489046397,45461.30747976423,0,0.5036766173729238,Q2_Train,0
49,36062.30654902804,28558.114212382334,1,0.3287247408558399,Q2_Train,0
67,164727.09190788143,26616.331955207173,14,0.41057702592838885,Q1_Train,0
18,90978.82790685118,50371.25235152311,11,0.4403957724275926,Q1_Train,0
64,69770.15615359806,31724.380306524537,14,0.41365941293055053,Q1_Train,0
62,70093.03023528424,13704.996306185627,14,0.419366275054554,Q1_Train,0
22,92076.1963915967,25354.292702812316,9,0.4038326309335808,Q1_Train,0
49,37033.456319391786,5018.356097788986,11,0.39705229703146017,Q1_Train,0
38,152824.0893567351,39224.34480577057,6,0.22042132924033184,Q2_Train,0
41,148840.0451240234,10956.932892111046,10,0.38038326044908816,Q1_Train,0
38,138321.93698654207,12694.903722216772,5,0.08708078323499652,Q1_Train,0
27,185547.94984256008,13201.37637261175,0,0.16545672145616494,Q2_Train,0
41,99262.86740024012,7630.881981727116,11,0.5614264346656979,Q2_Train,0
57,46198.35723878667,6523.757870580747,2,0.4955459188960455,Q2_Train,0
64,53007.38185730292,16537.330825770965,8,0.04158914843599254,Q2_Train,0
39,30777.461508595487,35395.33607091899,0,0.5820142671394932,Q2_Train,0
51,30427.567829483953,18504.072516535452,2,0.30779616882536925,Q1_Train,0
23,138471.01361915463,32703.48486379475,9,0.33427840435098344,Q2_Train,0
48,60730.01499929477,23764.010869843158,14,0.22559712513752697,Q2_Train,0
52,24466.36848609528,8197.933378481799,6,0.38769780937989573,Q2_Train,0
56,28418.675030076352,7525.180681108854,11,0.07803294315670525,Q1_Train,0
59,34212.07556355504,42789.53572736556,2,0.38366012845582187,Q2_Train,0
40,223414.55058996278,9619.522940269271,13,0.25325870010393714,Q2_Train,0
33,75974.69888885098,7725.1437581342125,12,0.11613850722777365,Q1_Train,0
19,144003.11046296605,16244.304247846962,14,0.16257968860865685,Q2_Train,0
41,176415.9591801201,21951.42770296731,4,0.18437615161922105,Q2_Train,0
34,50217.72003610061,21912.653764242892,9,0.37639872744373004,Q1_Train,0
62,39851.74582010022,9537.9300903712,2,0.15576834491422886,Q2_Train,0
18,38939.843893947815,6493.7487768554665,10,0.4684409845542377,Q2_Train,0
62,41928.81158465102,19218.26887417237,4,0.3074079030157064,Q1_Train,0
46,127110.4695664872,8034.651454580054,9,0.17521378224021614,Q1_Train,0
29,114146.63372014306,32637.176562438937,7,0.23466044584696127,Q1_Train,0
20,99533.72239150373,17318.55578356037,7,0.18260801298476684,Q2_Train,0
18,79712.35243127422,7296.694332193056,14,0.08473694931846175,Q1_Train,0
44,37114.505043159035,47348.43849601814,7,0.2904513940530929,Q1_Train,0
61,48841.776087192804,11359.743370061939,7,0.41982006063974325,Q2_Train,0
25,53721.50583825146,28313.856069520185,12,0.40650772904168486,Q1_Train,0
61,169166.2242332376,18008.36853573137,13,0.2191500794057151,Q2_Train,0
64,85725.32410737278,22812.68316050644,10,0.12034772596609625,Q2_Train,0
19,87137.28786855905,11253.464104568058,0,0.1374186047151423,Q1_Train,0
47,88252.83570150191,5407.2891000585405,11,0.24681586658245075,Q2_Train,0
66,21005.10681265643,6595.893669079528,8,0.2580101568136629,Q2_Train,0
18,60231.1517127054,17886.637591029597,11,0.14038514004979083,Q1_Train,0
27,21176.24953462321,11973.106587072198,12,0.45176012833267276,Q1_Train,0
65,119737.27283212722,31627.769332671436,2,0.4792839531437111,Q1_Train,0
43,21261.022418051023,6077.445175263138,4,0.2559295755480409,Q2_Train,0
37,39187.32160537601,15011.15278984245,12,0.30369517851807987,Q2_Train,0
22,61370.012512855836,6188.568734722531,10,0.2760066572286551,Q1_Train,0
63,60840.469795901394,6279.203723116195,14,0.0960982911212814,Q2_Train,0
45,36367.86419406235,20833.226446156143,0,0.6010393816868498,Q1_Train,0
50,23829.881578418335,31006.594100661117,10,0.10894690521799595,Q1_Train,0
43,175620.5916270462,61262.44398645736,3,0.14819392926534225,Q2_Train,0
46,134663.72446514637,30830.82338321188,5,0.05061767869297971,Q1_Train,0
44,115782.72345821062,22171.291311342826,13,0.030569930552215747,Q2_Train,0
35,32320.727241830442,8613.257183423346,11,0.1255424920193967,Q1_Train,0
27,149598.8986444401,60920.11622243204,7,0.16346593272714202,Q1_Train,0
38,25885.079081871743,8326.439480143512,10,0.105935148614331,Q2_Train,0
41,54639.05611921217,14043.82293460711,7,0.3001042585634718,Q2_Train,0
20,73160.36875022645,5221.571364879648,5,0.42554443173377327,Q1_Train,0
48,20880.655621195427,27644.19017002813,5,0.06721680335828953,Q2_Train,0
58,39099.11689300832,14539.836997322347,5,0.31306481440864403,Q2_Train,0
19,27209.314290434857,29630.788644966717,7,0.10305438740913227,Q2_Train,1
66,85994.11291021983,10712.197184690063,4,0.3681770579819963,Q2_Train,0
61,46314.58135607203,16500.996127067883,8,0.2670014269972445,Q1_Train,0
59,30762.18644853249,31762.99466236335,3,0.2308789908847401,Q1_Train,0
37,45517.11335267417,13792.581699968534,14,0.3903181862844111,Q1_Train,0
50,53820.462471104525,8979.812041594174,2,0.6747505257430457,Q1_Train,0
62,138656.14126474241,11249.73837066386,12,0.13796933601530126,Q2_Train,0
61,82973.89348512384,29275.93012296425,9,0.3066182268052245,Q2_Train,0
59,27248.770706235337,5730.292010527207,11,0.3892033036084271,Q2_Train,0
22,68773.56591973957,5512.8732878540795,13,0.14824819323725036,Q2_Train,0
54,25406.811191170105,9452.766840433676,12,0.4118224707891599,Q1_Train,0
51,34338.44889987761,14497.48395125551,10,0.05212464465757344,Q1_Train,0
23,70548.79024019114,42097.724894157844,13,0.19141042165346842,Q1_Train,0
35,34160.82791001816,36126.21733712536,8,0.5376293505740277,Q2_Train,0
31,33323.9815717828,6081.006170775473,13,0.15574126361465118,Q2_Train,0
31,64889.28117870097,18659.241898571894,5,0.11148476000484589,Q2_Train,0
57,53925.765907555,15292.456388518258,13,0.2446345321763932,Q2_Train,0
52,79855.20811300864,61054.09446358623,8,0.1790503203263997,Q2_Train,0
46,74953.90064849152,25572.09533232062,0,0.22720651410700998,Q1_Train,0
59,28400.230477351226,22438.502228141748,1,0.3017130488913031,Q1_Train,0
25,23716.874213717252,18933.752251180253,10,0.1925361731013149,Q1_Train,1
62,21322.966469322615,45117.85681056573,3,0.2680079212213729,Q2_Train,0
53,29728.349953848254,22946.364484107213,6,0.11594583190168947,Q1_Train,0
24,25847.361865426636,13135.700356547299,3,0.12753916354936348,Q2_Train,0
63,100718.75500958407,22619.990642589855,3,0.3861273637651767,Q1_Train,0
22,41242.041998169276,6075.2653244520025,7,0.4375218129815857,Q2_Train,0
41,24106.43048917525,18747.466516525557,13,0.6158406856417545,Q1_Train,0
45,35426.916639916555,38753.4292649909,10,0.3927630413441867,Q2_Train,0
60,77412.41407850225,20198.07671464441,9,0.033748382774451004,Q2_Train,0
54,26384.006085929963,22788.021552158152,2,0.12696822214508804,Q1_Train,0
37,95381.63445236583,24443.74105313581,10,0.6270669063566224,Q2_Train,0
20,43146.17032151057,16688.066562656197,9,0.2211460262419592,Q2_Train,0
54,76875.34910244116,30399.487138986948,8,0.295973834907997,Q2_Train,0
43,75662.10765246177,8390.176150472093,2,0.43059044089028803,Q1_Train,0
68,79731.29454178995,29721.591168831616,10,0.10118088548636542,Q2_Train,0
65,21982.194681045316,18883.37074212948,0,0.3633728958972335,Q2_Train,0
25,56644.4369990179,82682.03200740901,8,0.06866821509767385,Q1_Train,0
20,34774.59372003497,8330.762587284247,3,0.17243130862002354,Q1_Train,0
18,47245.61404839276,61192.687415062166,7,0.06313548418140025,Q1_Train,0
26,30951.4857236626,35518.474647248375,10,0.18979245045327447,Q2_Train,0
48,27227.544750819186,7142.882127603863,1,0.18938138904234797,Q2_Train,0
58,65930.87190331044,11549.784053169677,13,0.17414828880172079,Q2_Train,0
51,24464.46331516379,11033.9346532814,7,0.39784932615320184,Q2_Train,0
26,86582.61329852909,9467.284503767405,0,0.205220120876223,Q1_Train,0
58,48168.338821065896,26248.142492534327,10,0.13252482478332345,Q2_Train,0
30,26745.702197248902,13862.440312970131,14,0.16020688574280437,Q2_Train,0
64,27237.1606092192,16584.62575466984,11,0.2123750677226142,Q2_Train,0
21,59954.928509293524,14286.727874747136,4,0.31145616607339793,Q1_Train,0
53,20967.885749981542,9809.780603385538,9,0.5837452216607976,Q1_Train,0
69,39582.821222810046,8070.388396453505,8,0.31545752352475104,Q1_Train,0
45,141926.72998172743,10296.354598734979,13,0.25073051529974916,Q1_Train,0
23,64791.016800880265,23330.504466276532,0,0.182837923594877,Q1_Train,0
44,32270.198394151255,11248.521576002098,10,0.3223854220282947,Q1_Train,0
69,66300.85199793003,71695.29851960101,6,0.5757974878935355,Q1_Train,0
65,46107.955862979376,31152.80014205035,9,0.48009328767597037,Q2_Train,0
20,29756.013527861825,18065.227180199072,11,0.1761091384214939,Q2_Train,0
63,97416.44443883456,16715.49648550224,5,0.12520452042787125,Q1_Train,0
50,31172.369654799368,10983.929343835407,9,0.5173302032926876,Q2_Train,0
48,23169.86203379614,6235.424370304116,10,0.14678593446484647,Q2_Train,0
32,80427.85030416542,14394.880160884091,11,0.13817330120107837,Q1_Train,0
24,36098.35230205026,62798.331742305694,10,0.2993213627100647,Q1_Train,0
53,33254.752034904915,9252.918921719342,9,0.7906516439681304,Q2_Train,0
31,38074.20202948332,12938.72458905901,9,0.009358364360275599,Q2_Train,0
20,28591.91868572804,5054.545303801068,10,0.0429367055295498,Q2_Train,0
66,94467.51832893287,12568.109603761528,8,0.560357823200802,Q2_Train,0
63,31688.316540876316,29493.77940042768,8,0.196834474236901,Q1_Train,0
67,46591.921748083754,48225.3331604948,11,0.2265908191348199,Q2_Train,0
20,61975.2606829736,9825.633018026736,1,0.13098291842904114,Q1_Train,0
39,63906.76423924202,43197.70537824826,13,0.2375601941463437,Q1_Train,0
52,110640.31797605497,12831.429399128932,12,0.068597514113373,Q1_Train,0
29,52641.6186859157,5070.33187126411,1,0.25571073789491794,Q2_Train,0
22,246692.26713327938,32952.950271712194,5,0.3785432747579143,Q2_Train,0
27,83193.64417505919,10069.323173663712,12,0.2005798755841426,Q1_Train,0
50,50208.78403265246,17712.47755058286,13,0.38108307816771236,Q2_Train,0
30,27586.595792210475,8758.964625246632,8,0.09986305405973378,Q1_Train,0
52,84970.86878012144,20670.88518724567,10,0.19165675445528463,Q2_Train,0
68,95199.93355246245,26712.352011672716,12,0.08955667146181004,Q1_Train,0
36,75572.231209603,25770.557823139712,2,0.2406111888242642,Q2_Train,0
23,66025.90141206852,16307.56958872072,9,0.09016177197571541,Q1_Train,0
57,24350.811251589395,11469.551794526958,5,0.12220714203574945,Q1_Train,0
61,49472.90950194199,19893.018538142554,14,0.3383545701130082,Q1_Train,0
59,76082.4366052907,16336.501435009182,0,0.16099047115462387,Q2_Train,0
30,84423.1190466466,15566.011540032212,2,0.3402935285452517,Q1_Train,0
53,111501.83582989269,9496.55777914343,10,0.34660126141818826,Q1_Train,0
29,53953.30290503207,6919.910441281479,11,0.09232889106409418,Q1_Train,0
44,74225.74121098575,20339.401359226096,9,0.026868729328941528,Q1_Train,0
58,84873.10612478302,36898.41222632415,12,0.40178548296408945,Q2_Train,0
59,75677.08769501516,16350.548269542041,14,0.07835409684913897,Q2_Train,0
20,26513.93202192281,14731.145940350432,10,0.23502836141987762,Q1_Train,0
45,44492.286378256234,18342.51637674025,11,0.19630119425614584,Q1_Train,0
40,57621.157410891654,7211.889585025943,0,0.4560799682244902,Q2_Train,0
59,36803.553813552484,5081.9438352503,13,0.6694657504107583,Q2_Train,0
60,25540.697545607836,25538.036544246454,0,0.06718673897851926,Q1_Train,0
57,50019.179215446085,16278.694542957526,9,0.4558190925930775,Q2_Train,0
37,34051.1130850623,22938.45310871348,1,0.2841631220168814,Q1_Train,0
44,127049.31717189458,10294.52698920511,1,0.1810963445995784,Q1_Train,0
61,148692.86852777668,11821.950699441788,13,0.19923272811341622,Q1_Train,0
65,71642.93505264743,32112.565397735758,5,0.17788940766001227,Q1_Train,0
67,112879.26862515697,27647.290588823624,11,0.026626147220506578,Q1_Train,0
52,57589.41240269155,38039.45482954927,10,0.3817010622549584,Q2_Train,0
64,39299.70726656252,7391.560445495972,7,0.07766975692042459,Q2_Train,0
39,73643.19085447697,26050.5147501323,2,0.21543837469069207,Q2_Train,0
45,133736.2904293885,10714.600324536326,4,0.015812020254841696,Q2_Train,0
63,50994.83693890662,6866.092151566962,9,0.37737325394255405,Q1_Train,0
48,231415.8395764179,16913.73774640919,13,0.10998295713567477,Q2_Train,0
38,20239.083508150743,8332.681893802404,13,0.1864222034554959,Q2_Train,0
42,21132.192843816618,7555.221619736595,3,0.198875469844129,Q2_Train,0
64,38285.409001988824,8570.243691141673,10,0.09643827034294439,Q2_Train,0
46,51246.46077219922,16011.67490349839,11,0.21250783663683706,Q2_Train,0
47,54555.685827591435,30123.080247006503,1,0.40079690016475267,Q1_Train,0
68,34255.034424244266,5327.112022234289,8,0.3932550276603943,Q1_Train,0
43,36035.854817874555,34543.17712315159,1,0.1885068641587814,Q2_Train,0
37,106271.13656854742,6244.121245214547,5,0.11826819494685545,Q1_Train,0
36,51168.37366655641,7311.952333340352,5,0.5390863664713187,Q2_Train,0
55,85532.18505248528,10334.67860023505,9,0.4106773909393698,Q2_Train,0
40,31316.717930119943,16812.972045372786,4,0.05563088101988448,Q2_Train,0
46,73193.89551674793,14227.206869940968,11,0.5952298506773421,Q2_Train,0
27,35732.08770898302,6496.549765539329,14,0.30453667276526,Q2_Train,0
32,109134.08745323065,64158.42709677424,1,0.6729124895741077,Q1_Train,0
28,51978.48924004122,6352.910922238495,13,0.1386490072666353,Q2_Train,0
65,31874.971625660117,21713.587815085684,11,0.3234719404149323,Q1_Train,0
22,72416.86786261742,8375.481128686417,0,0.4962077256043118,Q1_Train,0
22,32797.92047710154,24819.9799149673,10,0.27244715625317484,Q1_Train,0
31,53248.79193318584,31802.320301237312,11,0.08371847715437958,Q2_Train,0
67,39909.03964938923,72600.4210139089,1,0.35441867106088376,Q2_Train,0
43,185667.2005412974,15524.210128949651,7,0.1426664975592048,Q1_Train,0
22,90017.90108862286,7425.783434253637,4,0.3383534271521101,Q2_Train,0
24,226501.16173760316,32140.941581191128,2,0.17762035041158855,Q2_Train,0
33,26026.56408931708,11689.666753106478,13,0.2628383814433465,Q1_Train,0
31,263487.0953422029,11807.519929790747,10,0.1466472390944848,Q2_Train,1
54,25465.967987015945,9692.895903690527,0,0.20065085556425344,Q2_Train,0
65,70501.22378023353,11005.082546680958,13,0.240794123354034,Q1_Train,0
34,65456.76141100933,14272.871352853408,11,0.35781884480638854,Q1_Train,0
64,318358.2081290424,8891.363832715195,0,0.1566980884130301,Q1_Train,0
53,67392.43743664178,11167.42337859268,3,0.327942887711711,Q1_Train,0
23,71945.50544655742,5850.796418711108,13,0.29405318540059466,Q2_Train,0
33,22290.381530470208,51865.27201820426,3,0.6053205123320399,Q1_Train,0
46,117967.71663435834,15694.194647352157,10,0.26675465136184284,Q1_Train,0
55,181334.250017726,15801.28763639479,3,0.16597453696428865,Q1_Train,0
54,32493.990647706334,27057.984791667932,13,0.3389103739294528,Q1_Train,0
65,32803.701832891566,16456.455172352842,5,0.35780233524456034,Q1_Train,0
27,38568.40891752478,22318.266346183405,13,0.515893269880547,Q1_Train,0
53,66470.91578099749,8931.912840035495,5,0.46993677055911554,Q2_Train,0
46,101893.92876184465,8570.960469153311,5,0.14500433549277042,Q1_Train,0
21,23513.638720167703,6929.208253078534,10,0.29668917853743887,Q1_Train,0
61,36285.01647156596,17288.880049266954,6,0.3027775878757844,Q2_Train,0
59,34719.47743081862,15473.451867729073,6,0.44023604497318725,Q1_Train,0
53,42114.7278893713,29022.052902199295,1,0.14347371110662485,Q2_Train,0
67,47611.40523215483,7182.19717938166,11,0.3408657385934899,Q2_Train,0
35,60102.65101570047,19562.220873288694,0,0.31526081501238984,Q2_Train,0
33,63729.204441888854,11430.796499565804,8,0.5743406009476051,Q2_Train,0
32,118603.68057108803,8062.759533169259,12,0.17297444552410923,Q2_Train,0
22,68932.4228260072,28800.925727738148,10,0.3430386503851746,Q1_Train,0
23,123875.70896726305,7083.612352852735,8,0.2793028123867287,Q1_Train,0
29,44105.260583480966,9113.834181430373,9,0.3513361283801135,Q2_Train,0
50,55176.38244102122,18792.06317473441,3,0.3576536470439714,Q1_Train,0
38,125927.09896253006,7459.107123845286,3,0.352438204804394,Q2_Train,0
44,89186.29861535454,9988.361647694655,11,0.26468297819772496,Q2_Train,0
44,91929.83599967009,20179.24704811166,8,0.4633949161955255,Q1_Train,0
25,133984.680234357,18317.03118744785,11,0.11315641845103756,Q2_Train,0
54,86653.30059304494,25025.36186030549,6,0.6795613750896659,Q1_Train,0
43,26436.158797515203,11010.53395343525,9,0.2707217054373168,Q2_Train,0
19,47399.045566808665,15374.300114326114,5,0.3006397008407557,Q2_Train,0
29,24569.780459123078,37408.70335316955,12,0.42539041240802644,Q2_Train,0
39,26151.947395541967,8088.578234687286,14,0.18896504003671286,Q2_Train,0
34,169959.00335503108,12091.988008540455,4,0.3590844110837833,Q2_Train,0
24,76333.14685036913,32651.67900379483,11,0.4907994196554135,Q1_Train,0
60,115395.1289236817,11792.932103913077,10,0.06952984160494376,Q1_Train,0
21,71486.85826394836,12971.169324926808,3,0.2757316185214608,Q2_Train,0
54,47110.65729251578,10767.803848245363,2,0.1002144989679689,Q2_Train,0
55,21274.033752658124,39467.77383660688,13,0.1583599045142573,Q1_Train,0
49,175993.43908893334,21330.281522065532,6,0.15420153255265812,Q2_Train,0
18,67101.33726468598,25772.48402159459,1,0.6483750819109068,Q1_Train,0
42,25390.576498737995,5589.15396098616,2,0.45549037776691675,Q1_Train,0
59,36714.06941541728,12572.86459741313,4,0.2556711577117402,Q1_Train,0
69,30278.534209403333,41080.85932178278,8,0.3296515063631323,Q1_Train,0
41,60340.0904468252,22557.36691157448,11,0.1293949781653202,Q1_Train,0
60,129051.72268262357,28632.4860697902,5,0.060270962775268604,Q2_Train,0
34,70478.21666781919,45173.39432154555,14,0.24745520580546884,Q2_Train,0
25,74560.19287535835,27344.956883389874,10,0.4161284743061804,Q1_Train,0
62,139807.1633401949,6391.337292937156,1,0.14726776252212176,Q1_Train,0
69,120479.29770534456,15397.035053030402,11,0.15032469992119366,Q1_Train,0
39,71903.344238174,21061.075120513124,5,0.30891127482213354,Q1_Train,0
19,21974.087796186475,17169.666283792918,13,0.2450034490545271,Q2_Train,0
22,33987.97122935484,14032.585916525462,7,0.27857160387484203,Q1_Train,0
35,43768.87403390821,34022.138097539326,14,0.33473714574877617,Q2_Train,0
20,110874.75009338993,26872.187256868157,6,0.34925337104683923,Q1_Train,0
44,87593.59494863886,19215.111827804256,14,0.3951992216359681,Q1_Train,0
34,175473.86742070236,5706.589409732147,12,0.10416385878327647,Q1_Train,0
23,88865.07622947039,17252.14538171649,4,0.5294345299708342,Q2_Train,0
24,76905.80338570595,10596.63416007247,13,0.31007847538199584,Q1_Train,0
67,81234.49691396303,27507.77471233618,8,0.40355942167872655,Q1_Train,0
57,72349.1860568568,6647.397325739525,3,0.3401112410082565,Q1_Train,0
32,31348.092217850877,14940.703692159746,14,0.4407510288953447,Q1_Train,0
64,86734.28294795584,8455.122335469656,9,0.18958221616476106,Q2_Train,0
50,26146.50144505012,29401.364750145593,8,0.13831035942214587,Q1_Train,0
44,52266.88924136164,18696.349228134517,12,0.5310147869722589,Q2_Train,0
63,41453.81967207436,30092.79556734312,12,0.4702690030781718,Q1_Train,0
21,23830.71294112601,58002.36543450154,4,0.2686686331520982,Q2_Train,0
46,25927.960754707678,7827.246873155052,2,0.11591013502248682,Q2_Train,0
26,37936.334821500626,12461.572505016778,7,0.2567224314582592,Q1_Train,0
20,328255.4193606766,7802.551338306974,2,0.5803618845774582,Q1_Train,0
65,65959.11455653347,20364.838829803826,10,0.4735236079973509,Q2_Train,0
60,225582.9151773677,5168.933152516323,1,0.328387090636305,Q2_Train,0
44,39012.47466291612,17959.384645802573,0,0.1750478808740289,Q1_Train,0
49,86831.9846611357,5789.941173711227,11,0.3893480400292197,Q1_Train,0
18,36292.28149230712,17938.518827372805,2,0.3873145098150252,Q1_Train,0
68,241432.06978818442,18065.34551977761,1,0.5309196813369664,Q2_Train,0
43,67810.71085982473,21690.642742770557,10,0.14135021122636154,Q1_Train,0
26,111731.070809478,10135.11253854703,8,0.2777218797546985,Q2_Train,0
25,24062.190305482396,16123.639336536078,13,0.42835702699840766,Q2_Train,0
66,53071.7813883394,5373.3321113898855,12,0.16348213972421638,Q1_Train,0
59,98402.6530849506,22001.260316759537,4,0.19414783667233987,Q2_Train,0
56,79671.18307820077,5486.865369413535,5,0.3462501155681212,Q1_Train,0
41,28328.22117777323,5784.386557356171,1,0.2575152467633832,Q2_Train,0
41,46758.22722934284,25819.046058848897,11,0.33393326350560065,Q2_Train,0
36,115706.43051739267,15222.645417658097,13,0.20646088228407405,Q1_Train,0
67,198424.86382117262,17042.17013465814,3,0.16622424546014325,Q2_Train,0
19,147514.54329243329,28019.02635335217,10,0.18039910746457014,Q2_Train,0
59,21704.03524030709,7897.6944961751615,11,0.15635871855138464,Q1_Train,0
45,37195.57503574079,16567.194901110284,12,0.19589334622232035,Q1_Train,0
57,20579.8511503638,15704.757205904287,12,0.3286561625872388,Q1_Train,0
59,46773.803172040774,20077.445390178727,3,0.3521603225068419,Q1_Train,0
64,23312.759564192213,27182.874873711084,9,0.30408047458971404,Q2_Train,0
30,71605.80339440968,16207.227081680265,0,0.4469668257572095,Q2_Train,0
25,34104.43571237835,76676.31214761364,6,0.48034376096420006,Q2_Train,0
32,28450.27036237875,7560.698244239522,14,0.10747922943771261,Q1_Train,0
43,27261.247633837622,13639.685453796226,9,0.19491944888761584,Q1_Train,0
29,57312.35510436921,57611.535446985574,5,0.03624957729323643,Q1_Train,0
60,77207.74271355101,8594.75807179681,10,0.4314607487772068,Q1_Train,0
63,26596.810368913586,9176.660641961895,9,0.1626698500082162,Q1_Train,0
35,60723.03561567878,5655.4415861387615,4,0.2932056905153387,Q1_Train,0
62,44004.75528842237,49562.309857879554,5,0.30141428447000274,Q1_Train,0
44,40682.80523090379,21067.48989028174,8,0.11952321395089656,Q1_Train,0
56,48690.70403714836,13575.14184944799,3,0.24515454459331895,Q2_Train,0
18,66011.66584354371,5746.746821010732,1,0.3333991416407495,Q1_Train,0
24,162068.45963674877,32390.12395566444,8,0.4896568732510527,Q1_Train,0
24,68918.42041621607,6426.162460731182,6,0.15219866416606032,Q1_Train,0
24,27154.108899266055,37495.91019036935,5,0.21102592738068948,Q2_Train,0
38,61737.28648372028,5227.808865168371,1,0.7614344876641563,Q2_Train,0
54,32291.689226517894,18576.58276003375,14,0.28200136510139756,Q1_Train,0
44,70987.50264167911,14517.03883148743,8,0.17928366703193743,Q2_Train,0
39,37198.141013347675,18952.95619261305,13,0.13067326151744077,Q1_Train,0
40,53505.634491548,20949.086258856296,1,0.14166112869583308,Q2_Train,0
36,21407.146050146228,7842.97617903323,4,0.5388734837534803,Q1_Train,0
20,23050.655179438363,14094.990769264055,2,0.570312333284088,Q1_Train,0
44,79594.81511463714,6571.295874224486,10,0.040657249141765335,Q1_Train,0
45,23294.69879773213,18182.7422617227,8,0.32409317372290253,Q1_Train,0
48,71702.48160126971,5433.60269369074,8,0.2350813947046785,Q2_Train,0
27,83641.64685445614,17131.76463346984,5,0.08889113217815534,Q1_Train,0
66,65793.80561223386,14416.7848240145,7,0.4449143290672819,Q1_Train,0
47,23167.88347711546,14488.84954184463,14,0.5182971648896157,Q2_Train,0
40,53200.49274783457,28768.285576994054,4,0.47745378136541355,Q2_Train,0
37,39246.74270010982,6913.233919068888,5,0.5119879816015206,Q2_Train,0
66,67385.69231974582,32597.09761398277,12,0.5006296301440342,Q1_Train,0
24,60605.80061992387,20336.975654409413,11,0.4331025971910195,Q1_Train,0
65,21631.955597795204,8037.355757770978,13,0.3484204806663446,Q2_Train,0
46,48242.07715388304,47433.22656171315,6,0.4774567493281921,Q2_Train,0
30,94265.19620389491,32623.726708682167,14,0.17521477573784328,Q1_Train,0
19,71007.4918356745,10997.993551843187,8,0.31661076513270275,Q1_Train,0
62,20229.753626953207,49128.03247247216,12,0.18750123033849844,Q1_Train,0
24,28374.94548313862,23406.085273465767,3,0.30360767770712016,Q2_Train,0
22,170603.46269458692,13008.638809183652,1,0.1748068461586336,Q2_Train,0
51,36086.6602063826,26242.235859640132,4,0.27501183054840683,Q1_Train,0
49,45640.709058966415,30968.569526216383,8,0.4873637791679327,Q2_Train,0
66,160605.01494050087,11636.466222972045,2,0.34696350226885847,Q1_Train,0
42,21116.359553190367,14480.846985134951,9,0.031340296216789125,Q2_Train,0
38,153015.59962677315,59281.82610808726,14,0.3002393755968145,Q1_Train,0
45,128029.71002006922,16366.315816404182,3,0.22426111954186884,Q1_Train,0
37,72439.9855495293,11475.126346079545,7,0.3182576952793359,Q2_Train,0
51,62175.04320703907,18728.422313300445,6,0.29531046270434114,Q1_Train,0
22,23466.123655382173,6838.073711933709,6,0.16233024387248476,Q1_Train,0
56,185958.72915666684,11331.332959253054,8,0.3258547761341776,Q2_Train,0
28,44261.89141941132,74944.18680166284,5,0.7636292176381042,Q1_Train,0
62,78558.10170382308,11769.538250755053,12,0.2530720814723596,Q1_Train,0
39,69658.38602073939,46402.24332846754,13,0.21518089071184932,Q2_Train,0
54,57158.90281097317,28868.719936472815,3,0.31629131379277325,Q2_Train,0
37,80311.16918146121,40532.83201791742,12,0.14302031333663381,Q1_Train,0
65,136570.26791546255,9178.183475492824,9,0.23838426771068927,Q1_Train,0
65,59026.32821165437,8863.182185373222,10,0.3651191042809712,Q1_Train,0
63,47366.06031632086,16187.785812749982,5,0.545288938389688,Q1_Train,0
31,29306.62674848725,5524.937009328976,0,0.3192401986293383,Q1_Train,0
40,179269.95057286345,19064.281437362853,5,0.2902315795334875,Q1_Train,0
64,38564.788646520494,10211.774997518522,11,0.1590337121845327,Q1_Train,0
61,52799.41254200553,7328.161524014603,6,0.2752809390823297,Q1_Train,0
49,52922.32350299321,8278.929055500677,2,0.25255767557862485,Q1_Train,0
67,25046.3514823152,11679.71647327393,6,0.14698931473660135,Q2_Train,0
69,122652.76612524441,6285.1381670027895,1,0.18901100892993403,Q2_Train,0
53,98358.43468634051,8264.15877304693,11,0.12029926673177475,Q1_Train,0
25,79220.10559534046,14672.767884350475,12,0.13521321329728248,Q1_Train,0
39,133844.30111967376,24183.73273688074,3,0.18330798776432763,Q1_Train,0
33,104643.92230341064,32726.505773270565,3,0.41746780026450425,Q2_Train,0
44,38520.62025553534,8419.386447863362,8,0.4243280999319754,Q2_Train,0
42,81345.40155557625,27357.133648513674,0,0.6430058660972211,Q2_Train,0
48,43186.15391961436,5970.75201989014,3,0.6839311097851368,Q1_Train,0
38,54058.42593041521,5562.770358917389,9,0.030922891465931805,Q2_Train,0
44,71995.4239033478,17289.445636622524,5,0.17463357822656286,Q2_Train,0
50,98761.39214877796,12483.672190968631,3,0.4583447897117352,Q2_Train,0
48,26180.684735247567,5551.100588461308,1,0.126184621362015,Q1_Train,0
59,27844.97625781668,20412.04467190981,0,0.45630526776186253,Q2_Train,0
53,99342.83026613644,16167.395905762703,13,0.1390890127119864,Q2_Train,0
43,141622.01221129048,8784.14262856702,13,0.40707770150406025,Q2_Train,0
21,28553.320973876216,25960.50621144277,12,0.10202929222049469,Q2_Train,0
66,39379.31572740566,15028.242098238507,7,0.1227404226593547,Q1_Train,0
47,36082.84088103677,14554.502786674015,9,0.30617020005505174,Q1_Train,0
68,163923.66852721068,30625.40598651418,10,0.2375602893869562,Q2_Train,0
21,73656.30079727054,71411.16522008317,4,0.1359528870095339,Q1_Train,0
33,48529.866304180076,42636.13567293316,8,0.3192693920146494,Q2_Train,0
39,58056.12160239605,33689.86085143927,6,0.19227914750468691,Q2_Train,0
54,20540.317226872994,9262.383604279697,3,0.22871621772740844,Q1_Train,0
25,109465.15271827862,18733.02407072382,14,0.5465152466182374,Q1_Train,0
50,28551.86857323006,10209.29224384949,13,0.6132651479357074,Q1_Train,0
55,23483.225161713493,9025.677450517276,1,0.6062054228763999,Q1_Train,0
60,23264.23582049892,12415.661755329782,1,0.303602144514309,Q1_Train,0
33,34896.28376372276,28311.382163711576,2,0.5717204745329313,Q2_Train,0
22,54586.62388330515,8192.609169336876,12,0.32469044171353745,Q1_Train,0
33,118391.26466030987,13851.372628053772,14,0.14309049845098606,Q2_Train,0
68,109287.25558332783,46983.92240003563,13,0.19584136542128824,Q1_Train,0
18,39916.789220958526,10425.796025853513,5,0.25234415045675346,Q2_Train,0
20,39955.28005971534,23096.58670690164,13,0.24491695028111435,Q2_Train,0
45,68617.49163288457,5282.556711865782,6,0.2558835771275667,Q1_Train,0
27,134128.90862819905,24635.443566630544,6,0.49276585388028005,Q2_Train,0
65,46022.93734622322,6054.957077547959,11,0.2652577144555751,Q1_Train,0
52,34082.05000053034,9622.461844387477,4,0.0812896280573229,Q2_Train,0
40,62904.94433586694,33436.19920719754,14,0.28375733124077185,Q1_Train,0
64,80067.95068730388,6683.2121880594705,8,0.11484674882219467,Q2_Train,0
63,77830.81652266975,5975.238472964205,12,0.04264663392357887,Q1_Train,0
24,41014.77089112828,5500.079334525653,9,0.4304500979910704,Q2_Train,0
69,70388.53203117446,38287.7111604622,7,0.48132158661250674,Q1_Train,0
33,70127.95653076097,27081.721054078196,8,0.6454951882936872,Q1_Train,0
57,36297.56802157897,18691.393942080736,10,0.43867193193816806,Q1_Train,0
53,70492.00150719126,7831.045886857635,5,0.113874428563277,Q1_Train,0
37,43978.873283562694,9903.59317030292,7,0.1777384162732813,Q1_Train,0
64,37074.38193214538,20549.90199471368,1,0.2212339058248867,Q2_Train,0
22,41205.28294411763,22379.53466299002,4,0.28130663051072236,Q2_Train,0
62,97263.30700386368,10935.887478525445,7,0.2663083209180406,Q1_Train,0
23,34063.71988738623,11196.781976667244,1,0.2314627386720626,Q2_Train,0
45,77283.21452640649,19872.394491326733,14,0.5915097213719398,Q1_Train,0
22,135440.51395646867,48688.735078381425,1,0.09227353089101739,Q2_Train,0
66,41572.15216061837,12530.699736127151,2,0.20599595197432444,Q2_Train,0
54,22169.150834350818,66584.95945141294,6,0.30253531297305364,Q2_Train,0
35,37530.4032417601,23179.092812559473,13,0.5395211573699076,Q1_Train,0
63,36209.04006283222,36411.37786978089,4,0.15422113933465836,Q2_Train,0
34,68105.74272452803,9174.365733624805,1,0.08823219881179954,Q1_Train,0
55,87574.55116763012,15874.341107283513,3,0.45410838629338746,Q2_Train,0
24,36628.56792243492,7253.180583219831,14,0.3317114728498015,Q2_Train,0
31,108248.57623297538,22149.292130271024,9,0.46266121989467623,Q1_Train,0
67,135715.63732945046,10438.82019352621,0,0.2694409436441368,Q1_Train,0
18,107078.88896068968,46960.6603179675,6,0.33215229494168746,Q2_Train,0
55,27994.520551175312,14535.1038326947,4,0.45544565751788685,Q2_Train,0
60,105017.49765467951,7691.14257266011,8,0.4148502055103027,Q1_Train,0
30,78841.07784563827,12598.000902632182,12,0.47305123050015957,Q2_Train,0
34,30571.868016195636,12912.359054379693,10,0.15082236037826602,Q1_Train,0
28,241145.07847603146,5989.735144438468,4,0.32541465857220636,Q2_Train,0
27,104164.24716438101,15437.262919921059,13,0.18225167259646716,Q1_Train,0
65,91062.68276077726,6321.4525206619,10,0.43913523035184976,Q1_Train,0
34,64580.52632908437,10478.443100158322,13,0.12940925749720297,Q1_Train,0
69,95284.2679722009,48972.84718067603,1,0.4566061958657467,Q2_Train,0
59,26191.723055593327,18429.544631460623,6,0.5364532275946863,Q1_Train,0
30,42063.87820553176,10033.457016009737,5,0.6148456925577054,Q1_Train,0
61,59365.9647976362,16281.298681290915,11,0.1777187142290651,Q1_Train,0
64,40323.108206781064,16631.48615391407,12,0.22433971982464396,Q1_Train,0
56,38492.875148268475,24461.15927422205,7,0.19780330709642574,Q1_Train,0
43,32925.05522203076,54288.71063539554,13,0.7631093501005413,Q1_Train,0
30,148646.99395129396,16842.004997733962,13,0.11232835878833163,Q1_Train,0
45,97143.4777488039,15064.592604991654,9,0.4022538119407143,Q1_Train,0
40,22107.91074370231,26201.287129297456,4,0.04530409552509627,Q2_Train,0
69,77245.11431859745,14866.894653492365,9,0.13122038491859175,Q2_Train,0
62,49360.90565550161,8843.38219384457,4,0.13688484076112883,Q1_Train,0
52,86996.86951380364,8957.045291312745,3,0.34929048532338663,Q1_Train,0
28,42280.128393931416,8218.49596648962,14,0.3390664121716818,Q1_Train,0
65,84382.57065517732,6476.706723447768,12,0.15795801777600454,Q1_Train,0
28,47226.55968411085,7603.298787559939,6,0.1877618376338331,Q1_Train,0
26,34170.94354709212,15086.39929602383,3,0.15077536663951255,Q1_Train,0
56,31755.830022128175,26550.127132154917,11,0.3337062420622659,Q2_Train,0
65,20217.31701773903,17542.38767375851,8,0.2695095709274674,Q2_Train,0
20,96606.5706460521,19423.28656421593,2,0.1656218718845155,Q2_Train,0
53,47054.20611756171,11304.113386346053,12,0.17022545019762048,Q1_Train,0
49,30008.481552799938,29173.157490734993,3,0.3499100206358105,Q2_Train,0
24,190363.54924133682,31431.88143993128,6,0.2915408822360367,Q1_Train,0
45,66283.4289533843,7508.221274152277,1,0.32989115664956586,Q1_Train,0
61,103969.69963060587,50982.51472985458,7,0.31349061637844244,Q2_Train,0
35,54272.89666043276,44872.35308062605,1,0.1356016098341872,Q2_Train,0
22,84152.95022781729,35704.942025276236,3,0.17520222700986554,Q2_Train,0
40,194961.25624937876,13239.817884415574,1,0.40819842934449846,Q2_Train,0
39,41416.63553824887,32694.35096991042,13,0.16431624885124688,Q2_Train,0
43,55085.57274537399,19835.282807658084,8,0.05144031311900238,Q2_Train,0
59,56132.59977821802,8448.647226212246,12,0.2561302518981489,Q2_Train,0
18,150915.1816952005,34737.69267272769,3,0.3776914726446612,Q2_Train,0
20,64626.503158442785,34967.729134360125,5,0.6514159122900272,Q2_Train,0
44,118095.91437999981,34440.732408947486,0,0.47310424635311177,Q1_Train,0
67,60721.68241541348,19392.684369072544,6,0.46001503685034345,Q1_Train,0
19,79985.86692206461,7077.575530818709,12,0.14600230687712698,Q1_Train,0
22,50853.8474991431,29618.680737349583,3,0.4737219663182826,Q2_Train,0
59,44218.48122907951,20292.459611691513,8,0.15306991151794733,Q1_Train,0
22,23059.07318796576,7418.874500285001,14,0.2060838559074308,Q1_Train,0
38,23009.274170689303,16767.33946629176,9,0.4345836957424196,Q2_Train,0
32,52294.0930910115,9145.971861976559,8,0.3795496018868304,Q1_Train,0
48,99935.58785091761,11349.780501717794,14,0.1347814158648097,Q2_Train,0
47,96417.00670970933,15479.082475667197,10,0.12251070271756416,Q2_Train,0
44,27116.010516224735,17986.520252449653,12,0.04075681017009537,Q2_Train,0
61,35426.43903535627,18048.755109733724,8,0.23757825703691304,Q2_Train,0
50,44398.9309128758,20848.268749184856,9,0.41572761338223096,Q1_Train,0
43,165888.8167284101,10861.193871212407,11,0.5146800455138733,Q1_Train,0
53,56935.209241006436,13188.649954829067,9,0.09722835259041279,Q2_Train,0
57,95940.58013828663,5276.929781718646,12,0.3527014440403183,Q1_Train,0
32,28312.082940180473,12294.913377980716,2,0.12350387952286697,Q1_Train,0
18,34212.74063605571,30146.443271917626,9,0.30906103091176057,Q2_Train,0
28,122527.20330958646,21927.716157673538,13,0.12028145503092279,Q2_Train,0
48,94106.70167041014,62021.33453853962,1,0.1799359276221175,Q2_Train,0
39,40076.900305045434,11993.180285670216,5,0.3123260803877031,Q2_Train,0
35,28541.828628241994,12730.255023003298,13,0.09459951794119215,Q1_Train,0
34,49550.03310933082,9325.432426011266,9,0.12702401781962278,Q2_Train,0
47,124382.90630982218,13296.087830582677,11,0.022079529827094716,Q2_Train,0
38,149844.25769853313,26330.913436313756,1,0.3569294567806122,Q2_Train,0
33,84957.48793962799,20656.186711984614,10,0.1975434762642756,Q1_Train,0
20,93480.89210436856,5459.541192381122,7,0.5455911890901545,Q2_Train,0
38,69473.25191191697,14489.571349040381,1,0.11073237477475678,Q1_Train,0
30,26784.874330406205,39007.72182188027,14,0.18790083066936072,Q1_Train,0
41,57050.6046517056,8327.75502477181,5,0.08212020077399443,Q1_Train,0
44,26121.282389452346,29750.633994610333,8,0.3122233374435215,Q1_Train,0
21,187590.7925422385,10358.893653697278,13,0.3516571142267163,Q2_Train,0
41,43908.737692168856,20152.79498225346,7,0.2996857783835665,Q2_Train,0
57,28571.457012435603,24702.434801325595,12,0.4018365360602073,Q1_Train,0
62,46938.446115118524,6007.85162569909,3,0.13812381089544215,Q2_Train,0
27,38007.347289270445,33889.700113099854,12,0.4704919863117928,Q1_Train,0
19,24601.77179790087,6813.0411266316805,12,0.5810050498697862,Q2_Train,0
57,190570.40960746226,6489.582102566193,7,0.09048947907671898,Q2_Train,0
23,35392.74894597001,14156.50065624114,14,0.24632233683427954,Q1_Train,0
65,78635.05216420148,11982.564923589453,0,0.5186644531200352,Q1_Train,0
55,64671.63048085144,13676.223766251205,4,0.2699066103209374,Q2_Train,0
62,73482.58623423746,31497.708628947166,3,0.43481042321001084,Q1_Train,0
40,96113.57669284088,6939.750806219356,4,0.31870476693748145,Q2_Train,0
63,66559.47454535156,6656.104651039283,12,0.44978368484520337,Q2_Train,0
38,48069.32981238332,15168.426787733784,1,0.22556855456197744,Q1_Train,0
27,35192.61160422668,11700.149397000037,12,0.40928618191804494,Q2_Train,0
60,53346.39846450012,14280.44047169318,1,0.13592472927570054,Q2_Train,0
30,45903.016704377726,12936.032586496884,14,0.3689240826011065,Q2_Train,0
29,107588.42878089329,27841.623172963522,10,0.4393085335514955,Q1_Train,0
26,34187.660176064586,5140.567019728724,12,0.13635249025757656,Q2_Train,0
56,178607.12139901673,7594.862384376903,8,0.03624945629890003,Q2_Train,0
56,62010.552509663365,13352.731965211864,3,0.5589279370600532,Q1_Train,0
58,26003.63051980061,20462.69821072642,12,0.12321944472808559,Q2_Train,0
22,126083.11767828646,21252.59983938309,0,0.02640919447140261,Q2_Train,0
32,27839.4151800545,28899.315021584513,14,0.38150870424556205,Q1_Train,0
21,30746.2190392533,18659.60539160348,6,0.15412640234376032,Q1_Train,0
68,72981.91232463057,11534.612672436464,12,0.207977328501471,Q1_Train,0
69,25669.58134511925,5790.184623589536,7,0.6123690435223368,Q2_Train,0
66,25851.784787011813,66870.29176566305,1,0.2780005801963705,Q2_Train,0
60,190356.68340791628,25055.784136922695,7,0.269209029310376,Q2_Train,0
18,166558.63614293578,11704.065401004453,12,0.48204623075372244,Q1_Train,0
51,78925.30977259687,11451.60853924771,5,0.2214239834217222,Q2_Train,0
34,46283.69627163106,8529.032694623671,5,0.13448182739765915,Q2_Train,0
54,87282.75814019292,37522.33379603857,10,0.20380518816558174,Q2_Train,0
55,135199.78722803743,13020.47046023883,1,0.28153183495643763,Q2_Train,0
43,29931.179010481894,25936.865896316092,1,0.1574229535043052,Q2_Train,0
68,103783.72714954693,6651.912610265033,5,0.3843152660988204,Q1_Train,0
30,36545.534403479236,68499.67129233277,8,0.5853677993551475,Q1_Train,0
52,270885.41491513245,5984.259599673458,3,0.48962481488527054,Q2_Train,0
39,23386.640043158568,21419.18346754301,2,0.17151307804183616,Q2_Train,0
34,86978.29369772828,31857.60781659828,10,0.25195102664226854,Q2_Train,0
21,210761.24450573677,17757.351837176404,5,0.35036378567643167,Q2_Train,0
57,20309.340475963654,5339.144627147359,0,0.3798688719953433,Q2_Train,0
36,109123.00114584793,25125.82695365977,12,0.5541832008028212,Q2_Train,0
19,24257.363799603496,10054.638515717339,13,0.3398055471727867,Q1_Train,0
32,140584.3344571903,17738.329265036897,0,0.39923181175101563,Q2_Train,0
62,62148.95542990604,37507.473502084205,11,0.22866122305272202,Q1_Train,0
40,90696.47039316788,40582.79818651123,0,0.1212469008092597,Q2_Train,0
27,45505.64878085303,5555.740201092307,12,0.19764971658283156,Q1_Train,0
20,47287.17430020585,15400.842474297131,5,0.2931108791188784,Q1_Train,0
22,70068.74206430861,8416.290440961338,13,0.4176666778713563,Q2_Train,0
20,55202.853359886365,34861.440669102434,9,0.23743334341105848,Q1_Train,0
59,63565.87016690139,19811.672845881523,13,0.19683451292313422,Q2_Train,0
52,93761.22241918869,56036.08382956875,4,0.25074529571187987,Q2_Train,0
41,132738.1341152489,38022.26048401856,14,0.21020150147113645,Q1_Train,0
57,57956.22898972627,52775.78313171581,7,0.13121876439106128,Q1_Train,0
27,34290.480148790346,24639.584899958278,9,0.35728050282321056,Q2_Train,0
40,32612.992818661012,25633.86877726534,6,0.40518669588092115,Q2_Train,0
23,66207.34793447056,25006.084577079528,6,0.4317003592275674,Q1_Train,0
19,99799.95991607245,24898.915066378366,12,0.14315241081601449,Q2_Train,0
38,102022.40604471604,29205.728197791967,13,0.26410143839113687,Q2_Train,0
52,23077.699485871817,49501.09781459607,8,0.6837152255412667,Q1_Train,0
66,30980.198141037632,7207.879330227321,10,0.05670267377271656,Q2_Train,0
46,75164.66546749714,119701.89864951483,14,0.24021691204483323,Q1_Train,0
24,118245.65931834508,35875.72702780581,14,0.554076851111506,Q2_Train,0
46,56825.39917823606,13740.926715890677,4,0.39565340195342835,Q1_Train,0
54,81468.91855761532,7569.618171440704,7,0.4651569876161231,Q1_Train,0
40,21064.85972377714,14071.232121182315,1,0.24718128877822532,Q2_Train,0
50,66878.37577564185,27617.55972943341,11,0.27596637974982235,Q2_Train,0
29,74089.91305610871,9918.20800499888,12,0.40005058354818684,Q1_Train,0
65,61736.62690239714,51284.47721880476,0,0.08593929619273113,Q2_Train,0
27,112696.23652709121,29430.905529759868,8,0.11779425242249707,Q1_Train,0
43,26401.858772676853,45101.44426053498,7,0.27991869655185014,Q1_Train,0
64,53554.56566981312,5523.667286824638,14,0.15226773415949638,Q1_Train,0
19,68297.00950682102,5706.365690209602,14,0.08450251779001079,Q1_Train,0
38,153593.29181003172,18015.912319926,10,0.1214155850827859,Q1_Train,0
20,249425.1533598306,14197.223258300284,14,0.34701313287926433,Q2_Train,0
39,61835.52947971045,19151.759706766832,2,0.4185461284778911,Q1_Train,0
59,53109.10370389114,33361.92248005544,7,0.23442770513104413,Q2_Train,0
62,47325.068350033005,8402.939082976205,7,0.06414750497330259,Q1_Train,0
61,84317.1467045607,5946.012463270233,13,0.2585298761512853,Q1_Train,0
39,82406.71597069199,8602.261869165835,2,0.3063547258365662,Q1_Train,0
36,40164.16067892839,34010.22780978505,4,0.36507985801691584,Q1_Train,0
36,118520.06748291015,39063.57578885372,7,0.3876645057424163,Q1_Train,0
36,93796.29648305649,24636.829862886778,4,0.3573853933490328,Q2_Train,0
39,75563.8253849269,13399.857608966431,5,0.3427724592631492,Q2_Train,0
19,68084.74298678411,17950.890423801382,6,0.4090279137290326,Q1_Train,0
61,90103.79268670345,7875.108138877018,6,0.1771596541120489,Q2_Train,0
24,79702.19843681113,5378.564354483443,9,0.34261352936538164,Q1_Train,0
37,118215.6865248045,20461.049903847845,12,0.16296580640280448,Q2_Train,0
67,86194.23317642938,11136.337370882487,0,0.4451702279692406,Q2_Train,0
48,100179.02790189142,24300.200658815535,2,0.14689302444202784,Q2_Train,0
30,65536.75480463702,11008.147314067963,14,0.17176266615422267,Q1_Train,0
34,113631.12913227399,5257.755523089073,2,0.31974860701476077,Q2_Train,1
21,33189.959690954405,9019.97597946338,10,0.29673615169648315,Q1_Train,0
37,32531.309485415914,7933.170400633194,1,0.2110674699907273,Q2_Train,0
30,156383.9945058804,18731.44907772026,4,0.3532867950261777,Q2_Train,0
43,28018.342352066727,43201.36666423159,12,0.4629685488548026,Q1_Train,0
49,49668.74024635552,16268.19458708622,7,0.2823102550300543,Q2_Train,0
31,56922.85644898941,15056.507277242403,8,0.2809238207029118,Q1_Train,0
18,32261.93741222771,24959.26115149301,5,0.27616217887275823,Q2_Train,0
41,27231.316171712195,22864.869036834705,2,0.28435187266562545,Q2_Train,0
66,131412.5657524415,19347.474760227826,7,0.6689212848954605,Q2_Train,0
20,30301.070187877995,20867.24456216833,1,0.21193346600734161,Q1_Train,0
43,113427.56931881401,16710.539143639726,14,0.27903084519338145,Q1_Train,0
20,215510.42942751021,30409.013708703063,0,0.28539148126162744,Q2_Train,0
57,100692.81097852431,9587.54288114858,7,0.45356780984168815,Q1_Train,0
60,52443.47458556641,8619.022786792542,10,0.10160351201006859,Q1_Train,0
18,28843.13677241146,18289.659809057965,14,0.1607560166380024,Q2_Train,0
57,67949.5458188557,16487.383969306597,11,0.4168535297192862,Q2_Train,0
24,88541.21025616197,14386.417943943035,1,0.12903006962711647,Q2_Train,0
69,35306.78207975361,9128.846643936351,4,0.298647106067206,Q2_Train,0
69,122136.94059164818,51476.717812937306,14,0.42809191601514496,Q2_Train,0
63,25318.38916970743,16679.45726967424,9,0.2883014070354336,Q1_Train,0
66,58079.92633621001,18850.379436125015,12,0.3135996035413674,Q1_Train,0
63,273600.50080990227,12198.37407632715,5,0.2768137691134136,Q2_Train,0
27,49440.10153007367,20610.02632408352,4,0.03896763111057103,Q1_Train,0
41,58101.64639205369,10366.126045588426,4,0.13923998553824693,Q1_Train,0
39,49323.46718407409,14650.618844836425,12,0.3500146302465613,Q1_Train,0
34,24154.64096122134,19791.372566483005,5,0.572637929218744,Q2_Train,0
55,97616.65117371545,34414.636669254876,7,0.3311249240722834,Q1_Train,0
54,30766.843361341547,5485.039323588074,2,0.20311232779321184,Q2_Train,0
38,52428.0242913859,24508.078306763404,12,0.09393795313175793,Q1_Train,0
24,55066.71068273213,7181.280467001235,6,0.18639198462716286,Q2_Train,0
42,47593.283847702754,14025.164720121456,9,0.2343565161753866,Q2_Train,0
28,76669.7223099542,6183.955863431719,8,0.3352687352602659,Q2_Train,0
61,56465.10676755756,11403.569047860656,9,0.49590282495481997,Q1_Train,0
31,65577.54178201726,6611.785478299703,13,0.42026808308652414,Q2_Train,0
62,39772.133820314004,28393.609927966645,10,0.511929220603451,Q2_Train,0
27,102968.52516445829,5259.276506269163,6,0.38520891355975917,Q2_Train,0
67,138029.18374424358,24779.461855453268,11,0.1686181109541172,Q2_Train,0
25,55790.58757647534,10738.0822854863,11,0.44230919055007356,Q2_Train,0
63,125592.2538195412,9046.711501959559,4,0.39122004659357845,Q1_Train,0
22,78786.49537786376,6866.925132655375,1,0.21892365057774135,Q2_Train,0
57,39903.08577956208,15132.23584496459,7,0.08484013278614284,Q1_Train,0
43,82236.11652108646,14131.008293080225,4,0.07812152623193161,Q1_Train,0
23,72928.5818635181,27593.92212435265,12,0.23025482555765386,Q2_Train,0
33,62386.81823502377,6576.689199582049,13,0.28795383668373636,Q1_Train,0
53,57562.64081511302,21630.39501110253,8,0.13534277805733264,Q2_Train,0
29,60034.15672060167,12701.618695393638,5,0.21362957092979226,Q1_Train,0
61,25987.64985952362,8303.676940666046,0,0.09797012671314097,Q1_Train,0
54,62055.86734402196,8938.345618652464,7,0.1854996764469074,Q2_Train,0
36,27236.261101407104,37928.67609079608,6,0.17008700971792703,Q1_Train,0
33,24665.01946364998,10691.75864416359,14,0.379214122721508,Q2_Train,0
40,26022.376727190258,16541.301388896572,6,0.1826235904604979,Q2_Train,0
60,137228.102586195,7030.6958419846615,14,0.19593147058006743,Q1_Train,0
26,78356.27958048966,6055.862768985804,0,0.27681287622646866,Q2_Train,0
20,27478.06936047793,19136.37661377064,11,0.31070850275739126,Q2_Train,0
25,21109.595570207315,34225.75095397745,8,0.1172680917306545,Q2_Train,0
55,130584.21161136558,29875.586266686845,6,0.04575781568599041,Q2_Train,0
48,53882.63049255754,52108.609617308204,11,0.4612825815458578,Q2_Train,0
42,52301.39754934666,27935.240543234042,0,0.47342315356329256,Q2_Train,0
33,68499.63364704761,5050.942087331538,5,0.5019275098312543,Q2_Train,0
59,20396.797031878144,37095.08658843786,9,0.24851871532232,Q1_Train,0
31,62098.41465549955,23351.40473482438,7,0.6740789718194496,Q2_Train,0
24,84887.15031610493,6875.199122414298,11,0.0886472237530672,Q2_Train,0
29,43695.10622307571,24629.475592430685,11,0.3447328787590827,Q2_Train,0
54,83252.20218668706,5052.951648841582,0,0.4992549955946618,Q2_Train,0
67,27764.034645644428,14368.937177236534,12,0.08513321731587235,Q1_Train,0
19,125787.59215067228,33570.281294681874,14,0.5050515820716078,Q1_Train,0
52,28162.81159649594,18272.670037956734,1,0.3043492235054572,Q1_Train,0
61,159398.469702186,22759.32476934785,1,0.23645507994915452,Q2_Train,0
20,60797.41999959177,18881.440089763106,3,0.21475925995340484,Q1_Train,0
21,80474.3453484301,29977.902499206386,13,0.23834000448479375,Q1_Train,0
29,24363.47671983313,26824.533868741466,10,0.11563467634996041,Q2_Train,0
27,37152.05271106581,11990.685656301312,14,0.3157109113438028,Q1_Train,0
34,41236.56369812957,30989.13990809826,6,0.03986272418808471,Q1_Train,0
33,55245.44161438544,19865.32466044728,8,0.10442131286477706,Q2_Train,0
26,22867.415303143724,11994.138161663011,1,0.09176929195752154,Q2_Train,0
29,42427.72623690462,16474.039832703616,7,0.2731376258551089,Q1_Train,0
32,85454.31046492101,29082.853021916857,7,0.07126051573288944,Q1_Train,0
19,127559.05430390005,8209.408349410187,10,0.32235947332840315,Q1_Train,0
28,24103.157033906988,11517.382351133358,7,0.20665055087093526,Q1_Train,0
28,96864.66700772471,8667.390458183821,8,0.16555460387766394,Q1_Train,0
49,202425.69408590655,6917.161218018534,13,0.6034070431237383,Q1_Train,0
23,63302.016355078515,55590.47876758975,9,0.3032206234814202,Q2_Train,0
56,39428.45267755199,14902.774760635213,4,0.5022882664883308,Q1_Train,0
52,43818.80083594672,16929.18152178797,6,0.06928590107478749,Q2_Train,0
25,67423.57712228977,32360.157300326657,13,0.3708593597141699,Q2_Train,0
67,53689.78295955546,20697.629713157163,6,0.47388953249653065,Q1_Train,0
66,73013.11114497729,24788.393458418388,9,0.3339768372409334,Q1_Train,0
24,288927.61165172915,19847.645182708,14,0.17312435762033318,Q2_Train,0
48,88650.90749369009,20055.747762002706,1,0.04303501998116012,Q2_Train,0
35,34812.40953399434,7280.583555193043,12,0.14679125989352854,Q1_Train,0
53,26122.977709844643,41213.74577254673,3,0.6587262664536517,Q1_Train,0
34,72334.85043246298,34112.97200088284,1,0.021794104667943133,Q1_Train,0
54,91254.87876997412,21794.41483189766,6,0.1426140708458303,Q2_Train,0
61,118177.28791953919,19080.272627184077,5,0.20168065803027663,Q1_Train,0
37,148513.65616042947,59743.43092135169,12,0.33835786408641516,Q2_Train,0
62,56794.724062654546,30056.38785581706,7,0.3006372962117961,Q2_Train,0
45,76571.53966358674,6363.015288596693,5,0.35899967325620563,Q2_Train,0
67,43066.07819136919,11982.206814935125,7,0.299282728583886,Q2_Train,0
37,20522.189818472845,35140.653373281806,3,0.37140232458076655,Q2_Train,0
58,90671.55377556446,23186.14063874248,1,0.1562145393593448,Q1_Train,0
53,121957.47315955715,6951.702094829567,11,0.5552358595587662,Q2_Train,0
44,29553.453872460665,11421.379820421807,5,0.5198367523387577,Q1_Train,0
25,21452.945071401475,5294.249882756356,8,0.2671571852303376,Q1_Train,0
49,28986.356990392593,38496.34267426897,11,0.32080247347567503,Q1_Train,0
18,132827.69525045686,25615.800233860646,8,0.6179846669238093,Q2_Train,0
34,37514.084745402,13586.81535365304,14,0.34098195381938146,Q2_Train,0
37,20734.865150522073,45640.759938229334,12,0.32951122685638234,Q1_Train,0
62,37623.84178910032,9925.304771168452,8,0.44526131466843566,Q2_Train,0
49,82875.54960594114,10049.237366303212,13,0.4182418096671741,Q1_Train,0
19,179818.16761653536,14885.577717209708,2,0.2305946100591777,Q1_Train,0
49,38752.21972805472,23408.602403410598,2,0.3057478094351106,Q1_Train,0
62,33766.94948152924,79508.11079611702,9,0.4583720049521713,Q2_Train,0
37,39886.78437045822,11775.14847205598,4,0.5047508807928708,Q2_Train,0
18,261349.73330011623,37652.21677703275,4,0.16511498274563835,Q2_Train,0
22,77081.88035213524,8046.34849535399,7,0.4948197965431657,Q1_Train,0
52,150578.28356774885,23758.125319926206,9,0.303067200240661,Q1_Train,0
53,40917.97986696809,41056.31867611394,11,0.1988240438392066,Q2_Train,0
18,72161.54033527008,6939.602114315996,7,0.14911907399824406,Q2_Train,0
26,123141.20596637133,8391.921212690435,13,0.431418471514582,Q1_Train,0
47,268508.5354071708,13727.868926216648,7,0.3318082604549246,Q1_Train,0
41,25751.81311670215,7034.009905643919,13,0.2101857042216332,Q2_Train,1
67,40506.79609696548,12696.808324358391,9,0.3521037635868293,Q1_Train,0
42,90151.27440359643,16120.645750416066,1,0.3690015048167432,Q1_Train,0
21,131521.83823124613,22761.807714882158,8,0.3470889826147972,Q1_Train,0
42,41057.083080272336,38889.772283917104,5,0.5039927514679706,Q2_Train,0
27,30199.553344049807,9922.339796452903,0,0.30074776910921636,Q2_Train,0
24,34752.570217867586,17791.515144266123,11,0.28712386138483736,Q2_Train,0
21,53801.98103068006,5619.412427769619,13,0.25705218835937693,Q2_Train,0
67,60646.054045887155,13351.291488805644,11,0.026929549392034124,Q1_Train,0
60,126066.85646813354,9731.491508662548,11,0.43021301153657665,Q1_Train,0
35,26035.18664089395,8201.792253625355,6,0.41890778429916786,Q2_Train,0
25,35770.903492042664,16314.849627208874,10,0.4875861478308433,Q1_Train,0
49,50522.00435332817,29987.30260590409,4,0.2677531073788019,Q1_Train,0
44,89549.16589134566,11555.39917803499,4,0.06557052120537285,Q2_Train,0
54,71460.12814581569,10920.761127489715,11,0.321479813627169,Q2_Train,0
40,126115.59822418452,24954.270976930755,3,0.18427044354120461,Q2_Train,0
24,101137.91387148485,6836.77235962921,8,0.3900257967934845,Q2_Train,0
29,221187.52293095557,5963.2874084023115,11,0.4051663230533109,Q2_Train,0
42,129982.71074575195,25066.901051379922,1,0.16131237222034564,Q1_Train,0
20,30886.4386264532,11892.442532327826,8,0.09895690890508975,Q2_Train,0
21,46765.3893955621,17805.114850414015,14,0.3122888833462403,Q2_Train,0
59,68051.91310632313,69993.01652271,12,0.2532393872480026,Q2_Train,0
53,71515.47271740815,7822.254093999259,3,0.4123155540602074,Q1_Train,0
49,118263.1481847941,20691.87671647781,1,0.27434792159097676,Q1_Train,0
46,39967.67587254543,23107.83484250689,5,0.12495289010515397,Q1_Train,0
38,51895.217915589295,18573.040623930872,6,0.06888325034516636,Q1_Train,0
69,82591.1998652096,13108.381080578296,4,0.30618070394751634,Q1_Train,0
35,111199.60862955652,6652.914577011009,5,0.7183110009508764,Q1_Train,0
33,21643.058437096,21058.565363865117,1,0.4520861449331057,Q2_Train,0
18,105927.86975690493,15309.949311617338,12,0.17488720590426232,Q1_Train,0
65,51381.63028317304,36015.761501088025,10,0.41927831200653237,Q1_Train,0
19,65752.75481294256,18732.57016014429,0,0.06619296724620495,Q1_Train,0
32,40490.774513774646,9378.043135487209,13,0.3991889469231529,Q2_Train,0
45,43115.8296511083,8869.63181500154,4,0.17785065707167833,Q2_Train,0
18,56520.273536801404,7952.207518019477,5,0.05249556906344438,Q2_Train,0
22,20587.77143171565,51523.23520611611,13,0.20503575019426323,Q2_Train,0
59,62699.84956750433,14467.602597260442,11,0.44371617366468524,Q1_Train,0
63,150706.93254740612,10833.050735457837,7,0.38447623651191526,Q2_Train,0
18,107273.29243382867,28326.15898394205,4,0.28665465020468495,Q1_Train,0
33,111730.5380383953,31060.08369499753,7,0.42092096491501063,Q1_Train,0
58,34904.12266325342,8150.902898914397,13,0.39436426513604944,Q2_Train,0
39,178318.21053798526,54387.93003155764,7,0.4997973517171885,Q2_Train,0
33,27614.226211124325,27496.298616546555,10,0.15688123937871143,Q1_Train,0
32,304415.6972601918,43700.21034797942,2,0.26346162706323145,Q1_Train,0
63,134776.27799162615,13375.187984285845,9,0.17930068420208792,Q1_Train,0
18,50980.414632212734,12389.776904998867,13,0.332683178284223,Q1_Train,0
58,38937.139910394384,9987.482908883045,4,0.1779895608280694,Q1_Train,0
68,53100.557153706875,15709.47921288836,5,0.21321849356220846,Q1_Train,0
45,54671.12464071738,6199.010475522606,13,0.12880791940308212,Q1_Train,0
24,108889.9615891524,21780.36660573491,14,0.39814577721723976,Q2_Train,0
39,197724.81037284833,38045.07972008482,14,0.15531118923146875,Q2_Train,0
29,64044.56828421809,24099.45649883542,7,0.17834606250424642,Q2_Train,0
31,73690.52291383976,16095.880542250567,5,0.21648566343750944,Q2_Train,0
19,43803.553655615535,6823.491195871525,2,0.11091616981239609,Q1_Train,0
25,41605.83045214563,22286.537429900945,6,0.6563722441875565,Q2_Train,0
23,22002.20230029707,37400.40155860846,6,0.30047061940269437,Q2_Train,0
50,61376.59064981751,7542.921937786725,6,0.10184223156408968,Q1_Train,0
58,43278.35605815581,7004.753538761866,12,0.1883304389963168,Q2_Train,0
23,27352.08640640508,14973.27386873415,3,0.09633531923463236,Q1_Train,0
69,49852.95586846893,31805.851325191506,4,0.16751644554591621,Q2_Train,0
58,236333.5249239021,29989.34703937213,1,0.47955079814089485,Q2_Train,0
31,57567.87670803036,8353.237199201267,12,0.14241670461302947,Q2_Train,0
54,69460.78205757006,14187.707268753913,2,0.10765561032945391,Q2_Train,0
30,70886.99026190053,9675.092157869778,0,0.3324911516692338,Q1_Train,0
30,69608.60081308772,5342.385840947457,8,0.13056530985731216,Q2_Train,0
57,81570.82331387303,17706.46145986866,10,0.32618366858172015,Q2_Train,0
36,102800.0756496886,14127.96240171697,13,0.40633590050755264,Q1_Train,0
55,45796.51228231003,18817.98096623252,6,0.33949702246136554,Q1_Train,0
39,25279.347017496017,9391.904035003028,7,0.13885447766750073,Q2_Train,0
19,124449.60304899233,5400.318250388158,5,0.06012286593507226,Q1_Train,0
30,37127.635819999225,24977.95100511876,10,0.4432570332066679,Q2_Train,0
42,101382.7451035838,14932.3942793869,0,0.16541181468259766,Q1_Train,0
45,70665.83688082581,29771.50262804236,9,0.10833395532276101,Q2_Train,0
47,20217.226621903897,7849.837072814145,1,0.38050297437147795,Q2_Train,0
34,75879.80261604433,10710.164179760044,11,0.2327399643155297,Q2_Train,0
57,67657.38755843134,25574.31402416251,12,0.12487814078550447,Q2_Train,0
51,86896.92178983625,5648.995709289437,9,0.1675192770427616,Q1_Train,0
55,85770.14655217572,6149.391383140241,7,0.19013805583442198,Q2_Train,0
39,119483.3792041605,17462.840564553037,3,0.2710636100515042,Q2_Train,0
65,94588.20819477482,14638.952021207222,8,0.46094509714013854,Q1_Train,0
57,33217.34353208169,15882.233579248554,14,0.530610825965483,Q1_Train,0
68,51134.07967712426,25324.196562086632,11,0.2550046738757497,Q2_Train,0
33,71321.35957978481,17874.362278847606,8,0.3701751711356589,Q1_Train,0
43,28652.088125185142,6279.300162157676,3,0.2265765342849765,Q2_Train,0
48,64491.32966619961,60196.4850504324,5,0.3453149431569843,Q1_Train,0
69,128810.24459219673,9103.406770832275,13,0.192834149970127,Q1_Train,0
56,47108.69630733323,35506.46202455624,3,0.5938113951693104,Q2_Train,0
40,67847.0805773344,22277.181654054315,9,0.16688042419402002,Q2_Train,0
31,31799.53834432063,19290.62764073161,6,0.4546078896041083,Q1_Train,0
33,25943.975222673685,8227.326202106411,3,0.2977248715820941,Q1_Train,0
69,100457.53894301102,11138.325040811527,14,0.34177076099969483,Q2_Train,0
33,35396.89820846554,58698.3900079822,12,0.36680763592426296,Q2_Train,1
46,49456.74508769541,23099.45612110771,12,0.592634554902183,Q1_Train,0
26,87251.96469239605,21794.49167034077,14,0.1425848963299896,Q1_Train,0
43,102641.6347726355,64361.52719990078,4,0.4622642516842476,Q2_Train,0
45,221433.8785889687,17167.65687778651,14,0.39607161780753325,Q1_Train,0
30,37392.47518074399,10351.628020971199,8,0.32723242862594,Q1_Train,0
53,67015.14891598912,19757.219009581193,13,0.2535187839514454,Q2_Train,0
64,33333.5526498373,6634.728987329751,10,0.7499583837170678,Q2_Train,0
31,46374.38766136271,14812.495407047716,5,0.39748544949902015,Q1_Train,0
68,46246.28390261519,13220.131512610295,3,0.2023624896346455,Q2_Train,0
29,94126.32957574267,6808.542145793359,5,0.5151858334397309,Q2_Train,0
20,55714.84462718858,20741.73475131805,9,0.6832764022497929,Q2_Train,0
33,36723.59610953172,14702.532464093134,5,0.34096929267324727,Q1_Train,0
37,20923.47513698894,24868.366551837753,10,0.1642059933622384,Q2_Train,0
34,21648.26017778859,5467.812084381469,14,0.12213344165557471,Q1_Train,0
55,96087.99091820695,7147.514869979632,3,0.4243096394903556,Q1_Train,0
25,43599.483878015846,16690.078134421048,6,0.380585213403707,Q2_Train,0
47,42441.461861448624,25312.660743251312,9,0.37107064863795275,Q1_Train,0
51,38964.34231619569,42579.705308837314,0,0.13174787600595855,Q1_Train,0
31,53779.28683337143,8482.757923409423,13,0.15734645899899113,Q2_Train,0
34,162215.0852987464,8275.524195872582,13,0.40847933015469146,Q1_Train,0
67,29000.815746526023,6429.068360498213,2,0.1620061559145237,Q2_Train,0
30,35823.34714531216,50049.216443722136,8,0.2911631787564141,Q1_Train,0
38,50333.698788682654,5841.114536642959,12,0.3223885591196292,Q2_Train,0
50,148252.45422451125,28380.64243296837,10,0.3884047076835972,Q2_Train,0
52,75606.90432368756,25358.126087279506,14,0.7055850437544914,Q1_Train,0
45,21587.260411225143,19248.59997181667,13,0.04621231319912235,Q2_Train,0
51,25206.96647321625,30128.862368811595,12,0.3817105046200277,Q1_Train,0
64,40386.49820347877,5521.548941186746,5,0.2650901921230682,Q1_Train,0
58,239461.4635564606,18117.068522701484,0,0.6907422265401346,Q1_Train,0
65,63424.12488024204,40701.567214018,3,0.18879397558090072,Q1_Train,0
48,53407.47912831108,46320.95876858167,8,0.0710053864947931,Q1_Train,0
53,96975.02416888374,9142.835730849256,13,0.18080005191145862,Q1_Train,0
50,175199.29304417924,52197.883490273,9,0.4335218835234367,Q1_Train,0
50,98767.49939694715,9651.97313459863,5,0.3301174905178232,Q1_Train,0
56,43674.42367026408,33565.66820491832,11,0.4396607573215054,Q1_Train,0
35,23411.773539609298,18247.54234361369,3,0.40752496322845533,Q1_Train,0
40,25177.939083847377,12537.782954516295,6,0.3242004775431436,Q2_Train,0
40,20057.650262487125,31025.816205173644,13,0.22977723979603668,Q2_Train,0
32,20095.23279654602,35637.85927316315,9,0.20185085530506428,Q1_Train,0
42,75063.86178006558,5764.055350371575,3,0.2046661065478578,Q2_Train,0
56,33580.08658561445,10218.608934382799,14,0.09018970868705446,Q2_Train,0
65,142894.76755709472,50045.868976380116,6,0.10535564360789337,Q1_Train,0
62,36265.145042089054,24905.52773096559,5,0.13041075098064606,Q1_Train,0
29,122068.15790189545,17965.64978436142,1,0.24206336668295947,Q1_Train,0
49,71458.27888703541,24874.047087529478,3,0.10379507207295298,Q2_Train,0
69,47190.5955116829,9967.640553679936,13,0.8307644034916037,Q2_Train,0
30,57212.39389052305,39326.205916895415,1,0.34525334118531703,Q1_Train,0
37,37409.572141282886,7790.961368550923,12,0.46828206088082663,Q2_Train,0
32,126420.92313441765,20011.888449576338,11,0.3449356073166973,Q1_Train,0
51,54023.48525499606,6281.4940336332,13,0.7320501104024387,Q1_Train,0
64,23710.123489812093,13166.604625174017,0,0.17273458333970204,Q2_Train,0
47,22339.408992677654,19549.36588114993,5,0.1256474340218473,Q1_Train,0
68,53558.3909554507,9921.188458839993,5,0.4873837698760631,Q1_Train,0
64,34739.606864787944,11342.114017461321,4,0.21641496326938825,Q1_Train,0
43,78619.6891568497,16224.2067011261,11,0.11991022828946303,Q1_Train,0
37,73050.1591594676,22829.468635777084,4,0.5718974650114104,Q2_Train,0
59,59046.4889771346,11458.42501018113,13,0.3296406774561725,Q1_Train,0
37,115008.3126645917,53655.52819123037,13,0.14453649575488361,Q2_Train,0
28,81842.49461616363,5372.955707836533,4,0.052032479896650496,Q2_Train,0
27,35840.17570097971,7683.976157130282,12,0.010958188230687867,Q2_Train,0
40,54826.511061067395,42202.585558097395,10,0.3695323834339646,Q2_Train,0
54,28496.208674781687,6113.899687255549,5,0.30321656672207853,Q2_Train,0
58,39932.64006516337,26725.53094382681,14,0.05273461362800909,Q2_Train,0
36,32670.10159337805,5733.141757705398,0,0.07998510494559005,Q2_Train,0
62,79916.49704976153,5010.91594704321,9,0.4026569273107419,Q1_Train,0
44,38562.811444923034,35861.157368362474,6,0.08330704986647795,Q1_Train,0
27,65052.83962380596,9007.292917759652,0,0.11891755606295959,Q2_Train,0
19,64350.16277760392,7762.536819732257,6,0.10998479292911667,Q2_Train,0
41,63265.19551064376,32097.550033882668,10,0.21787864411135907,Q1_Train,0
55,62578.39284039702,24027.070390891113,13,0.33945564827505514,Q1_Train,0
45,38711.9062900447,23985.743080709242,11,0.06468633948238456,Q1_Train,0
45,48494.31198863592,6337.497699354715,8,0.3532693354136269,Q1_Train,0
56,34593.140881607054,26780.1438697218,11,0.17895111234783553,Q1_Train,0
19,80445.09021277094,6886.1133080930185,9,0.19842931443998305,Q1_Train,0
63,148377.19860144547,49721.33808561008,14,0.4162380092481492,Q1_Train,0
22,90925.94254640173,6084.276693242249,11,0.1925762763139561,Q1_Train,0
67,24399.65490815878,17209.543101583426,4,0.3374321532732439,Q1_Train,0
28,51661.54943068426,48509.695122347584,2,0.10425951224030933,Q2_Train,0
60,40511.57084802426,22130.423795465504,5,0.43647749480211256,Q2_Train,0
19,53796.82094305446,34104.970897504856,7,0.11513364229782956,Q1_Train,0
32,48958.2366465231,21779.836547024086,13,0.3097734771038907,Q1_Train,0
56,20309.479661951093,5847.742830203717,7,0.1217174871732994,Q2_Train,0
54,32026.06780525726,13356.251329092647,10,0.48440763915719764,Q2_Train,0
37,29585.680724022408,8913.468661322642,6,0.2893929465742031,Q1_Train,0
51,23510.472187952015,36951.22614395409,2,0.3689492307007597,Q1_Train,0
51,116271.44176948385,21076.35697206724,3,0.024908209759171324,Q1_Train,0
39,99737.15580418486,36385.766215571464,6,0.15431664238767928,Q2_Train,0
48,49178.43641415986,24797.10063131606,5,0.25845968915255485,Q1_Train,0
40,125110.96337313099,7192.956954309152,2,0.6283989243152159,Q1_Train,0
36,33241.63059445267,50360.181590266446,14,0.2777929043416348,Q2_Train,0
21,63878.64442030132,6446.285497218133,9,0.0847302673372617,Q1_Train,0
41,27711.4852210216,8348.414067536844,6,0.20762425623130829,Q1_Train,0
37,109608.18441049397,7249.147303804937,2,0.20807595027977172,Q1_Train,0
45,21618.936913710735,29707.881354515954,12,0.2799349545336852,Q1_Train,0
56,35972.00168494106,9077.443102227375,13,0.19556919406361895,Q1_Train,0
36,26931.910910256913,7249.159473849957,12,0.19536174295974834,Q2_Train,0
65,40073.923418517385,10694.07724771331,6,0.28620119454072557,Q1_Train,0
52,39020.21302078372,15109.266154471596,3,0.15239645543981856,Q1_Train,0
63,67281.73549749362,7974.868153335306,14,0.23582151277395996,Q1_Train,0
64,45907.872286327125,14380.540913838327,4,0.2949166683042687,Q1_Train,0
63,60087.5380343206,14708.138752796276,13,0.035998887693488586,Q2_Train,0
52,43422.596738537424,5316.644641714919,9,0.08113781560831829,Q1_Train,0
47,116587.58592637492,9878.449827119282,14,0.30804895801558085,Q2_Train,0
34,78731.63385336194,25276.702563819286,5,0.28722575765822983,Q2_Train,0
64,97539.47678194493,8558.720540330436,2,0.13542843810243485,Q2_Train,0
46,50029.28555840267,6798.22554004221,14,0.6743339934676547,Q1_Train,0
34,35713.87480659858,6470.469452913106,0,0.23036665998171985,Q1_Train,0
31,23094.72182344898,5225.698531725974,10,0.20711021171295835,Q1_Train,0
67,27813.580827192643,25089.989601350357,7,0.36340971347298334,Q1_Train,0
57,166727.62132965671,13836.328296692891,2,0.34540981044320984,Q1_Train,0
56,113892.86641657239,5299.254735711239,8,0.0528548164765799,Q2_Train,0
49,64881.2800356006,23617.047511349137,10,0.3382899472839535,Q2_Train,0
67,35348.705999933285,6428.933617612518,3,0.27732605289973794,Q2_Train,0
44,151568.47993930834,30879.879298561347,8,0.41139027341492307,Q1_Train,0
36,39944.63528674768,55122.846353184206,4,0.434973708895086,Q2_Train,0
48,31552.30413355935,19660.50871254605,0,0.10050879144450804,Q1_Train,0
55,22034.344426351254,15685.642315758589,6,0.15478400936309694,Q1_Train,0
34,118915.24830732777,5889.305784529086,0,0.1462665586308081,Q2_Train,0
36,291220.5520138574,10485.779880481814,3,0.44559271118413346,Q1_Train,0
61,148333.1915791259,12969.966474782246,0,0.16327041373710632,Q2_Train,0
65,265315.814382948,5132.00378106862,6,0.5815903909479369,Q1_Train,0
28,139194.3302845775,26219.06422955395,0,0.2457996523510905,Q1_Train,0
21,29121.47705753283,8902.981369638628,12,0.27602953285432,Q1_Train,0
34,28500.885426607827,5057.1136655825585,9,0.5851244219127534,Q1_Train,0
63,46537.03658034088,7157.362413674262,3,0.09577686315734113,Q1_Train,0
51,102728.0606248577,12743.337637717035,11,0.2506934006609904,Q2_Train,0
28,53696.250280653636,11834.79632986373,11,0.42107930862577825,Q1_Train,0
38,45472.92322301652,15814.663174136998,7,0.5489873049753139,Q2_Train,0
63,25263.88040938908,59130.18097656847,13,0.5426639318141291,Q1_Train,0
27,45155.14479464985,33307.77787182003,6,0.2992538136947524,Q1_Train,0
43,54942.51628123011,9454.032885011391,7,0.2418640826198524,Q2_Train,0
44,30331.709628165823,9326.065148844105,7,0.036550244999920774,Q2_Train,0
25,77701.33784464294,6878.2019148756945,14,0.3300214076778312,Q2_Train,0
25,24821.27965795817,24367.96658589559,1,0.39998291438384515,Q1_Train,1
51,42076.236995607855,11448.291534464224,7,0.28936945451689505,Q1_Train,0
33,22686.997253907077,32945.089310110314,0,0.3561634694065923,Q2_Train,0
58,167807.86929792512,44379.4515879592,8,0.3204721411861697,Q2_Train,0
30,62337.87864743235,18835.60961818824,8,0.4884360375966998,Q2_Train,0
40,52477.607150939315,12834.35020600518,12,0.30240017767217003,Q1_Train,0
44,158025.44238117355,7029.823735909159,14,0.282741730197911,Q1_Train,0
39,32443.704797885006,7293.558755837123,9,0.6475909105576244,Q1_Train,0
49,103074.60156534672,9861.111418220187,1,0.45342451734290296,Q1_Train,0
62,23251.885981797983,34670.72363701547,14,0.14214811684504192,Q2_Train,0
50,65153.08690628548,15674.647842236114,3,0.16189594676442134,Q2_Train,0
45,42868.878787535636,6062.758455358569,6,0.23376927430709016,Q1_Train,0
36,126342.38180201323,34529.3372336998,14,0.35394460894408414,Q2_Train,0
37,21088.145172283992,8786.913575238694,0,0.09024632111837651,Q2_Train,0
25,51476.33283581065,19638.442072037116,11,0.3481210396968692,Q2_Train,0
55,105001.28527658571,11534.753836785316,11,0.17618205047818908,Q1_Train,0
34,32175.934763889036,13963.826391646373,8,0.4433187587368874,Q1_Train,0
61,38691.691880591854,8011.562284296069,11,0.30775961441614064,Q1_Train,0
18,48908.848088344836,5870.6303493735595,8,0.24464473595801156,Q1_Train,0
63,50931.81090257849,5967.941237947227,11,0.30140376067961944,Q2_Train,0
43,20482.1494513489,10344.128310711023,2,0.41132639345760064,Q1_Train,0
48,31924.788084054824,32265.280862328185,5,0.39590772017205633,Q1_Train,0
25,109354.52718108827,11857.634155401844,9,0.44660698899241524,Q2_Train,0
60,46677.59250440346,8221.340480820802,0,0.40464978220437786,Q1_Train,0
63,70585.83898406259,39852.15884768795,13,0.18388762567953423,Q1_Train,0
52,72473.77557860338,71660.83059467011,7,0.5098645737281502,Q1_Train,0
56,547616.8202148257,10355.512686513739,9,0.3885095748644622,Q1_Train,0
45,65228.93424673365,8354.074999461354,3,0.12284034713264202,Q1_Train,0
68,69491.28838039104,10306.052177069905,1,0.10179952664602748,Q2_Train,0
30,118565.20770893309,9137.850145538048,13,0.33947668152862553,Q2_Train,0
37,109870.36148977415,23141.463035637247,0,0.10413616129358504,Q1_Train,0
41,34309.73073010902,11759.948888634972,7,0.26900916284580806,Q1_Train,0
53,71861.00820536757,14049.985630281753,14,0.5618821505450522,Q2_Train,0
51,24572.863490979587,13677.67535379635,5,0.5185866116594378,Q1_Train,0
65,97166.60278946077,11192.903346700783,12,0.1928831223401156,Q2_Train,0
51,31217.311518133698,7757.045697967749,0,0.1949588759343657,Q2_Train,0
34,91178.14228739096,57218.096834302785,6,0.07369124875136959,Q1_Train,0
42,24898.853564279972,19408.60236495744,2,0.10269480660722655,Q2_Train,0
35,41676.23866176746,8212.868286510668,11,0.4504002608657367,Q1_Train,0
67,27294.91116355502,36637.96761336577,10,0.16265761862413197,Q2_Train,0
25,61702.33457303145,10606.575380579161,8,0.31288685228903046,Q1_Train,0
44,47592.356698767806,16835.453592031663,0,0.2618418413930682,Q2_Train,0
30,221014.2361157257,41686.91613549696,14,0.33399801524090433,Q1_Train,0
33,98663.89835611006,9020.708710235795,8,0.40901680926025336,Q2_Train,0
39,69641.24502934894,44613.53726736301,11,0.6386085368996482,Q1_Train,0
37,42604.69762089626,11663.061110382034,9,0.4840820149623774,Q1_Train,0
37,26194.761961583317,17078.216094921358,7,0.4057171872307836,Q1_Train,0
19,85627.52643444939,11393.280366497562,6,0.2735645133762531,Q2_Train,0
52,43038.6325654739,13967.075344144952,9,0.36821377523254545,Q1_Train,0
36,129901.50645117588,15130.185035354853,5,0.4687257449777585,Q2_Train,0
54,134918.22930038703,9964.866790205382,10,0.28882605743536965,Q1_Train,0
23,128858.67716339532,10023.273632944634,13,0.017982247566674547,Q1_Train,0
31,24178.934228432478,32295.13497537759,7,0.4471195700372308,Q2_Train,0
39,24003.85827543607,6140.216071416622,7,0.22878890018175466,Q2_Train,0
68,185530.52867248913,14845.113170200611,8,0.10590630163546137,Q2_Train,0
53,91535.44751322192,19422.959512264035,2,0.8203024231344072,Q2_Train,0
44,56541.93051292538,59323.60581569534,3,0.745251894592018,Q1_Train,0
24,68307.51835837882,25035.06085023292,8,0.337537535808403,Q1_Train,0
59,34180.43190090412,30542.79332287236,12,0.2566543849548636,Q2_Train,0
42,70065.65890521008,26167.76631865015,4,0.26130483452365993,Q1_Train,0
41,73625.65430721984,18499.262483341518,4,0.12377091191311036,Q1_Train,0
32,37785.20120253111,13292.756106883178,10,0.3462203226884321,Q1_Train,0
48,30504.049632095215,14066.289204139652,4,0.15331976616747967,Q2_Train,0
23,36707.34214791243,28237.158051177936,6,0.23143944074586323,Q2_Train,0
34,23022.35551307752,13101.876663785066,12,0.3888139281588104,Q2_Train,0
35,43553.25482058679,25554.270625341018,3,0.009585869310089956,Q2_Train,0
68,43128.29413937598,27582.79377456684,9,0.17213738188276437,Q2_Train,0
33,84400.5972002444,9585.77314162725,10,0.1695220006733969,Q1_Train,0
57,26204.36830191249,10675.832133495333,1,0.11064195022916047,Q2_Train,0
56,20725.367546327758,16228.336334198199,0,0.1377555252126685,Q1_Train,0
49,30713.922036976393,31998.80113198427,8,0.41973054727149817,Q1_Train,0
26,186869.73746967572,17768.74595303092,0,0.19139888437861474,Q2_Train,0
69,42897.21144840543,6554.575340212803,7,0.35202784533378145,Q2_Train,0
50,47721.01605669144,11525.033707571463,6,0.4620230569124066,Q1_Train,0
34,28249.29872647945,21623.82044922652,13,0.27014828234036925,Q2_Train,0
66,42685.78790238205,11167.505143347811,8,0.3351755082167784,Q2_Train,0
66,104670.4528561531,25111.940925621784,11,0.4188696726288535,Q2_Train,0
53,30068.987980526417,13424.158450757537,4,0.494993147423419,Q1_Train,0
35,72718.27869873511,12161.250443852496,6,0.49121892275723983,Q1_Train,0
51,41734.022201228494,12112.821640965034,1,0.030441724010426944,Q2_Train,0
40,75090.86605516502,29402.89913208013,0,0.19555136123869096,Q1_Train,0
37,74749.66371458003,9224.848938105795,9,0.5888033221648802,Q1_Train,0
64,25239.456985310455,5232.240337781995,4,0.44524580868723973,Q1_Train,0
58,29676.030048824112,17459.83770583175,3,0.3029646545022111,Q1_Train,0
20,81445.60093936959,25232.57189460978,13,0.231004470355373,Q1_Train,0
51,202248.82254679062,6821.721507652536,9,0.21748933696608977,Q2_Train,0
63,56817.818337259625,24507.727066335956,4,0.15328806950639967,Q2_Train,0
34,34991.484203069995,8482.174572191947,3,0.3051667659767317,Q2_Train,0
36,42831.541685630524,13903.960478460536,8,0.3188894678794463,Q1_Train,0
47,52850.03762432555,8391.540581724566,2,0.4299578710676698,Q1_Train,0
32,77956.71711621412,13577.95575878983,2,0.31061097896954354,Q1_Train,0
19,60472.93801792629,9376.107157406,0,0.4105283199519803,Q1_Train,0
66,27179.957223961264,5753.36333620185,3,0.038882500603965114,Q2_Train,0
35,31662.009331884954,14901.905904298525,8,0.3945329518683362,Q1_Train,0
38,21694.918330089833,38101.392625841894,2,0.6378870631950166,Q1_Train,0
57,78462.70847130285,23254.345822522413,7,0.22489309653880907,Q1_Train,0
45,60392.81998966066,14167.689488290576,5,0.1998938504470171,Q2_Train,0
44,160517.30682537484,8260.240686200665,9,0.3132195594315439,Q2_Train,0
19,139301.43900952593,59319.09965080346,12,0.23095870533036225,Q1_Train,0
50,63322.90233407125,6165.617506857226,13,0.1449475297097346,Q1_Train,0
56,50792.18246598469,9727.269599195533,2,0.325990533556248,Q2_Train,0
30,96779.51991333388,26479.718115543794,12,0.13364877774334857,Q2_Train,0
31,24076.382578064993,18936.4611742295,7,0.22799595099038536,Q1_Train,0
55,60819.651167902826,12274.381190324651,9,0.12718165147107396,Q1_Train,1
58,30136.95927084481,68513.05045178821,10,0.6121108260835596,Q1_Train,0
45,77529.38955023992,5397.66433320607,1,0.39729473699947376,Q2_Train,0
24,67091.3059892645,31772.33875741418,12,0.03588236564916581,Q2_Train,0
35,200685.0586386792,9874.110918074306,2,0.31685577415938265,Q2_Train,0
61,77861.31141862801,8340.072242922703,6,0.11902993425048175,Q2_Train,0
47,35517.85580086923,26500.918860682843,10,0.09560535392741656,Q1_Train,0
41,114630.7635721553,41325.0561779636,5,0.7193835079750094,Q1_Train,0
37,49207.4170607344,6912.141361249946,4,0.3861073377451267,Q2_Train,0
48,20533.220540416263,46898.13020673996,2,0.43111752646425805,Q1_Train,0
41,122538.44196227226,26784.88813994294,4,0.521996167966868,Q2_Train,0
43,205214.0399181526,14714.738308922184,4,0.3086187753847191,Q2_Train,0
30,82707.4395895226,7574.569022159012,7,0.3581389972954191,Q2_Train,0
25,24191.756430013178,12153.643427181354,7,0.07875321715406439,Q1_Train,0
37,71542.42547091012,33305.57855485435,5,0.04814784343050124,Q1_Train,0
67,28857.782700157928,7947.23912884868,9,0.24864150615968683,Q2_Train,0
44,45935.454702819945,7834.181624824112,12,0.47948282811542015,Q1_Train,0
69,48608.34224588724,13720.53516277371,4,0.19172942949804053,Q1_Train,0
21,89072.73213810909,27630.581586471697,12,0.4282966233853765,Q2_Train,0
38,22933.046104655263,6177.192883786318,5,0.1902641592015319,Q2_Train,0
35,43810.403002474704,23904.787412518777,2,0.31170732650344235,Q2_Train,0
56,63413.49999149094,13277.213361257884,0,0.39824559250055247,Q2_Train,0
55,57579.47286117726,16817.076149949808,1,0.19110304087212712,Q1_Train,0
69,92176.45567896073,16269.258975447447,8,0.1864527775377149,Q2_Train,0
41,38791.993849204344,6966.6709950900495,8,0.2549173616297245,Q1_Train,0
33,188987.75222631014,40607.26253931969,0,0.394273956801574,Q1_Train,0
33,63079.658193209725,8353.950663444746,10,0.3319371756079648,Q2_Train,0
26,135310.27562408976,21986.27442485909,1,0.08702658763326745,Q2_Train,0
46,23308.375461887255,9526.204795739048,14,0.547769845025889,Q2_Train,0
56,128454.81114666894,6190.758473906729,9,0.101085088477994,Q2_Train,0
29,61634.52004199772,19159.86605559865,13,0.23546769509684035,Q1_Train,0
36,35714.2118774934,50969.35688762893,10,0.14255773956640366,Q1_Train,0
69,68509.39103253966,18229.73661020517,14,0.2711803035633906,Q1_Train,0
32,67805.1738160169,10710.123789862184,5,0.18776790408832722,Q1_Train,0
19,84443.01760682923,7132.338267634532,1,0.09753306392252105,Q2_Train,0
39,33347.41939304223,24687.00869788636,2,0.4217561142834129,Q1_Train,0
19,44066.02043444046,9462.28294918954,8,0.20595146587936683,Q1_Train,0
68,175996.4099188758,14983.906308921332,8,0.3857937847116633,Q2_Train,0
26,32543.032964924758,45092.37415035799,11,0.27096762580083184,Q2_Train,0
30,70030.43601808307,15387.010735931948,4,0.19100724867386198,Q1_Train,0
23,47866.7745367263,10361.031440080409,6,0.32221266333662446,Q1_Train,0
32,82787.07803518855,16691.00541370006,2,0.47842547401918933,Q2_Train,0
68,30655.03788578575,61171.46851615509,14,0.4023019927304437,Q2_Train,0
32,70167.92924920132,19846.29856878065,11,0.2790506922306614,Q2_Train,0
24,39221.92359396997,32786.41481737506,6,0.23808716278054357,Q1_Train,0
28,165922.14532289683,8003.260589667218,14,0.38966340776134406,Q1_Train,0
57,39608.26034603744,5592.752058570246,10,0.13663330853912525,Q1_Train,0
57,122257.17089728857,28135.226504454666,8,0.2681557211705692,Q2_Train,0
68,25718.311148334433,9683.78708594343,6,0.42665545225751444,Q1_Train,0
56,64779.80787827331,18640.583891259157,8,0.3333278533270569,Q1_Train,0
61,66895.44662287459,6013.330306482569,2,0.1348253505703319,Q2_Train,0
34,28702.82816985304,5874.812187052591,1,0.10002300494738665,Q2_Train,0
24,35153.38118654845,13706.638314957747,10,0.15186256362378187,Q2_Train,0
57,61639.12493604865,28982.489056667528,13,0.44024394878289236,Q1_Train,0
21,47478.72372236592,8453.95220374336,4,0.2745008596845182,Q1_Train,0
68,201816.06233704914,17284.943016749596,12,0.2454849366712783,Q2_Train,0
64,24162.920928407926,5662.35112959582,7,0.886423399872693,Q1_Train,0
53,50847.65302078564,34496.280102834135,5,0.3750579418399512,Q1_Train,0
42,106932.14798896773,14960.599450829297,6,0.2818715277054846,Q2_Train,0
58,135278.03530134825,10929.43254298273,10,0.15563565693449408,Q2_Train,0
30,138764.86964830747,8573.907265729074,7,0.3456526885866629,Q2_Train,0
35,43511.3277479188,11780.548481678818,8,0.2986117392746726,Q1_Train,0
65,49813.47971215207,6484.561765234585,4,0.23881987988129377,Q2_Train,0
25,73747.33954564715,5744.416792219499,1,0.10172863991564313,Q2_Train,0
69,150856.25365122437,11078.194943208891,12,0.13189604427518747,Q2_Train,0
65,36419.20160438874,13297.101679830812,14,0.21510098766356342,Q2_Train,0
60,27748.616288473168,5048.065698611239,7,0.15699705122300192,Q2_Train,0
44,27455.646107522272,6545.066117250312,6,0.3354682445663184,Q1_Train,0
36,32177.828725430307,16430.909943112754,14,0.4729834703215675,Q1_Train,0
40,61371.71385876002,25447.41205482258,12,0.17194543710484392,Q2_Train,0
68,92832.76166942662,45942.832737183395,6,0.2358828758708149,Q1_Train,0
67,26782.798036718206,41569.11569230909,7,0.25787855548679733,Q2_Train,0
68,122016.78813760995,12637.320963278065,12,0.2572487428412136,Q2_Train,0
60,112485.19994723162,23263.864220108422,10,0.2514074950550264,Q1_Train,0
52,84985.29186820125,22842.186153529983,10,0.32046909463841583,Q1_Train,0
57,47753.315080891145,12968.120633803617,0,0.3631756373938813,Q2_Train,0
69,20077.922428795166,6550.610736584947,0,0.14515340227124626,Q2_Train,0
69,23202.804642175826,25427.81852371086,11,0.20568938544523735,Q1_Train,0
58,81806.70243518188,22391.005788096205,5,0.5565261093843042,Q1_Train,0
28,64237.94821588761,20218.173593513104,4,0.29731276765949016,Q1_Train,0
33,65509.62891024966,18189.907336525073,10,0.22281115980201988,Q2_Train,0
56,37988.02456910008,51948.225897969445,5,0.26251773907992365,Q2_Train,0
38,58348.018702355184,14570.085512866715,1,0.33321592041195386,Q1_Train,0
69,63346.24204524874,18752.69734875817,11,0.3592119803159027,Q1_Train,0
40,67728.31016941695,38222.30972039343,10,0.3849126881578412,Q1_Train,0
66,130842.35950090528,11227.15467865734,3,0.5599655206586122,Q2_Train,0
55,23107.370149516024,15274.79464285571,6,0.3446856810448629,Q1_Train,0
25,33700.564484972434,12611.901443019226,10,0.17935968401643707,Q2_Train,0
24,24057.80488291196,30808.662968457706,13,0.3951588084747611,Q1_Train,0
19,73540.01057226968,8958.412158735024,11,0.6081083928557648,Q1_Train,0
47,208560.13389892684,15394.747926973914,9,0.20990025018863892,Q1_Train,0
30,22947.28636997343,43781.06780515402,14,0.3204294078768596,Q2_Train,0
55,34525.56782877152,9622.834960837079,12,0.41332030442942946,Q2_Train,0
54,223352.47179347632,43325.69351831946,3,0.5295829258212601,Q2_Train,0
37,71216.5214729283,6375.554183879026,10,0.32626190664450044,Q1_Train,0
50,113007.48524612199,7211.402406914596,10,0.2558141602292644,Q1_Train,0
67,41844.374568869775,27025.823606228452,13,0.24936302606054242,Q2_Train,0
59,82754.19263216981,45735.708544079724,12,0.34229619319580934,Q2_Train,0
46,132752.999430943,12326.613424009502,13,0.158270581665495,Q2_Train,0
62,90551.4683008227,20097.0379664349,5,0.06953325887891883,Q1_Train,0
25,29200.3587335676,16050.513915101257,7,0.2532518601222529,Q1_Train,0
46,64460.121567365975,17473.063580330716,14,0.005175959950656221,Q1_Train,0
19,76860.46041156107,34177.54473483992,1,0.14021244422117526,Q1_Train,0
66,49128.99590545216,34058.921022068695,6,0.13086903906631414,Q2_Train,0
18,29019.867394207256,10782.43671675849,10,0.334288682440717,Q2_Train,0
69,83266.96625410726,13740.027285206334,11,0.23510370969805738,Q2_Train,0
38,27993.528373801288,9678.970469078547,7,0.24005500498687568,Q1_Train,0
54,36782.442279292634,10230.644199365375,2,0.12081252788454164,Q1_Train,0
64,39381.63577224999,13953.846343220339,6,0.174445795434112,Q2_Train,0
52,59666.82007922956,44221.24356639293,10,0.020399366764818874,Q1_Train,0
23,32312.783247733663,44890.55077852716,11,0.3827527211763325,Q1_Train,0
62,21274.769634017477,26166.07662654823,9,0.6133751457564405,Q2_Train,0
36,82610.194477784,6859.855345146667,3,0.46529945307922976,Q1_Train,0
44,233269.0141701298,18079.273847322314,4,0.23433094725854,Q1_Train,0
24,88311.9309882434,19389.50374813254,12,0.24830983897674244,Q1_Train,0
59,76001.73134331578,36063.63567556831,6,0.14403761817464977,Q2_Train,0
48,30026.461326496144,17424.95146381385,4,0.3457390803403998,Q2_Train,0
61,25841.269135352617,11909.028209514228,11,0.06372612943844783,Q1_Train,0
60,163213.03002915156,31860.730701797354,12,0.15409157984665778,Q1_Train,0
36,98010.90404484677,41069.49242729573,5,0.06921705995921293,Q2_Train,0
42,50848.36945532408,6403.566053224007,7,0.04320082926201741,Q2_Train,0
48,22029.618327499866,11381.172700393334,10,0.4283957500506733,Q1_Train,0
26,129914.5875239424,83669.41035783576,11,0.31812956267228015,Q1_Train,0
27,96812.00616920859,5401.915295519395,3,0.1692389811431318,Q2_Train,0
54,23003.536107922173,9300.527086415808,2,0.3603779311970199,Q2_Train,0
30,40336.09420760647,5015.071185124522,2,0.06914123313564803,Q1_Train,0
19,111150.07447042155,12197.359471232197,7,0.32586027232180526,Q2_Train,0
67,30835.449764714627,19250.82483018993,12,0.25864226037900656,Q1_Train,0
38,57977.64850074442,8657.16420391727,13,0.6188173141136101,Q1_Train,0
41,47670.29210789907,12247.260870436647,5,0.7095986069406199,Q1_Train,0
61,33767.12144740363,14892.921236428909,1,0.4308986826764405,Q1_Train,0
51,46670.54153529696,7725.798278751854,9,0.4266366878331001,Q2_Train,0
19,30169.89479039194,7521.8779799969,13,0.44426912264803864,Q1_Train,0
39,32160.41437904349,6539.161402715043,9,0.09695179970648812,Q2_Train,0
63,76243.69995679964,15070.872292637743,1,0.6095431215075441,Q2_Train,0
28,55311.215887772545,25788.994656750147,8,0.15413323321691597,Q2_Train,0
60,27923.834400022857,15631.889104693486,0,0.19814860831165415,Q1_Train,0
34,21263.285141759967,15659.799717821197,12,0.221227622250401,Q2_Train,0
53,153500.35427951085,5986.885568556582,9,0.6042836352089137,Q2_Train,0
30,26716.04312666868,27908.27833232331,3,0.25725894970607505,Q1_Train,0
50,40906.24853694778,26773.670703903692,13,0.18224485841039814,Q2_Train,0
62,30251.854577184276,17335.784508427154,9,0.19071105899818813,Q2_Train,0
37,124347.49105994817,20262.283613307598,6,0.07253696122009758,Q1_Train,0
52,71082.98993564051,28290.317741190207,4,0.25246986297045515,Q1_Train,0
61,105538.93038714495,14816.738056047589,4,0.5280176504548831,Q2_Train,0
54,21647.5000092531,18358.319245351864,8,0.21973925354574417,Q1_Train,0
58,75583.83493666908,7979.5017215075695,8,0.2736433583872013,Q2_Train,0
29,34573.72673543201,7418.207022716997,7,0.045735533770187825,Q1_Train,0
47,83751.34154982475,14439.111385085533,4,0.3641984092375905,Q1_Train,0
44,43239.69916345335,17877.665603119152,1,0.4364499809151969,Q1_Train,0
59,98050.68048974093,10068.543285554464,8,0.537882823400297,Q1_Train,0
58,24359.39167230413,14605.123140913127,1,0.18787341887719644,Q2_Train,0
44,94884.05149607248,33344.52270073882,4,0.21224183373859415,Q2_Train,0
45,68920.22679482593,10291.769214748776,7,0.0810033084472768,Q1_Train,0
43,60937.816560055144,14011.312903721016,11,0.11427653938144174,Q1_Train,0
69,153099.3500304313,9489.254465803508,10,0.1306892758582852,Q2_Train,0
38,91245.7057231802,14933.238053376177,10,0.10237175929763391,Q2_Train,0
18,120727.91861195076,5354.708098388842,7,0.3737178448528354,Q1_Train,0
65,67953.23923372227,8864.107196419729,3,0.5213071575608319,Q2_Train,0
43,56731.4877764707,38586.850138905254,2,0.07803025447099514,Q2_Train,0
50,26348.686007070806,32094.849597850418,1,0.3581580078604525,Q2_Train,0
42,63246.182617246595,13338.476427579868,9,0.30688450362653935,Q1_Train,0
25,39539.71483305026,34194.79050172109,5,0.5130331908708269,Q2_Train,0
23,33392.24303620556,13293.296723409088,9,0.4711184367329494,Q2_Train,0
40,49383.48450818594,9908.196380053312,3,0.2942547827026736,Q2_Train,0
47,43597.63459729901,16195.128142340054,1,0.11292603596961277,Q1_Train,0
28,25295.4135181977,7788.803356665352,13,0.1047319045482806,Q1_Train,0
48,44497.83059862161,12380.60077034097,3,0.4051921002074183,Q1_Train,0
23,20346.208372118563,17174.66276758279,12,0.5389367242997883,Q2_Train,0
28,54998.23285653501,32212.465699488504,7,0.3862536697545258,Q2_Train,0
30,114174.3598043043,30737.818412273253,14,0.5210625440747164,Q2_Train,0
29,60156.26191683699,33971.88529493697,14,0.45351400354298993,Q1_Train,0
52,21552.008566234257,17299.372729772724,14,0.23265001332641136,Q1_Train,0
53,118132.72079679486,40330.56136688537,3,0.37565711202999985,Q2_Train,0
45,204150.1986438329,7357.71365695629,14,0.0903753396777216,Q2_Train,0
39,164723.7043544106,36935.10391605989,6,0.5049408150192198,Q1_Train,0
55,70295.8543839002,11972.810846891218,0,0.4462904711253297,Q1_Train,0
32,198243.04447946599,29372.84599666666,12,0.0764326756389906,Q1_Train,0
28,85596.49527851216,35369.15924908238,3,0.5719885988862472,Q1_Train,0
20,29667.80394485292,24772.93301248756,1,0.049267020188722366,Q2_Train,0
23,61188.92091098535,8372.414001530582,14,0.012911848937496763,Q1_Train,0
48,32872.91768824495,10404.011500718298,12,0.16488910574749338,Q1_Train,0
61,126598.71870731217,53468.38181350419,1,0.44949725389397366,Q2_Train,0
35,128489.40569763797,15052.158265635759,5,0.2327041272219432,Q2_Train,0
26,262765.13252852566,64057.27291343737,8,0.17026274465230296,Q1_Train,0
66,22775.75340802387,40649.607468254246,10,0.3404978229829106,Q2_Train,0
65,39940.77539279019,11911.324166056986,7,0.4620888777874102,Q1_Train,0
66,45017.35701087293,23064.009529282,8,0.2565190229837925,Q2_Train,0
57,50040.68518682605,14250.392794529283,4,0.5956149676511093,Q2_Train,0
40,43342.7030767638,8295.681919798852,13,0.16491522955057075,Q2_Train,0
66,77755.09291465912,9804.786156991195,13,0.2664220891457603,Q1_Train,0
31,118572.14414673336,48333.76188426464,10,0.2607351633511675,Q1_Train,0
31,46865.450874444425,32214.137565891186,13,0.5219543393277251,Q2_Train,0
33,57959.057995883755,20963.433062841897,12,0.33449496032706455,Q2_Train,0
43,70527.5776526589,10448.447973033713,6,0.30914615242989935,Q1_Train,0
43,20423.15846819729,18617.204688549988,1,0.2548888225371671,Q2_Train,0
18,65414.454226373105,13547.152787515091,13,0.437100084740547,Q1_Train,1
49,22892.047582660012,13783.630715869935,5,0.28186445426600687,Q1_Train,0
32,117441.15821523541,26564.44794935347,14,0.20329500233811085,Q1_Train,0
38,21639.339875972495,15624.77677074424,0,0.3315503195133119,Q2_Train,0
30,43065.66638318778,17042.13846091971,10,0.04296890031777337,Q1_Train,0
41,62786.339470030754,9416.84644544727,6,0.2784450378863726,Q2_Train,0
47,35758.026529413044,9637.367140093098,10,0.35566242437327017,Q1_Train,0
19,29495.647498391103,10212.262065631603,11,0.2753984166848902,Q1_Train,0
36,37554.32353976113,23024.231289685293,4,0.24925547115909263,Q1_Train,0
64,34165.49556293209,18561.431046939728,11,0.17855450011504892,Q1_Train,0
64,88654.33148147323,17713.015358086654,6,0.06670934995571835,Q1_Train,0
42,60386.326068349495,10493.378734372982,6,0.6512404004037093,Q2_Train,0
31,51751.32893183615,37587.06924105562,0,0.29050057633075727,Q1_Train,0
29,27745.56326264689,41574.863534163145,12,0.1415309660497741,Q2_Train,0
37,41891.574111245805,24101.147705504816,5,0.03951993606338982,Q1_Train,0
47,86171.12820800125,14435.041552138195,7,0.3999273598265175,Q2_Train,0
47,51666.76033986929,13869.193010370518,2,0.3349494854309868,Q2_Train,0
55,71781.4906152667,28908.155309014914,7,0.4509974526702264,Q2_Train,0
47,120472.06713840962,15351.016251159463,10,0.24728875745772633,Q2_Train,0
53,39307.242155949345,10146.009962557016,4,0.11404286770259041,Q1_Train,0
66,59671.83314951665,17449.09188779137,8,0.24514476894872342,Q1_Train,0
33,51973.68972649001,21696.110788619768,9,0.38939762678427053,Q2_Train,0
41,141035.8708584834,52992.8380272277,13,0.11478008756677015,Q2_Train,0
31,87299.27869769117,24754.587048791782,9,0.24737075874053913,Q1_Train,0
43,75814.96314600104,6184.268868722484,10,0.2478771121271794,Q2_Train,0
25,56708.17027372128,38014.08966166644,11,0.4966045036588156,Q2_Train,0
31,24433.21875494928,8326.909378889564,2,0.4506563857135035,Q2_Train,0
48,25704.44585722595,35013.81897268309,8,0.10999459601997552,Q2_Train,0
19,37763.00171578243,25739.52005898084,12,0.20373700744775394,Q2_Train,0
65,31882.555720478173,32359.676505094572,10,0.149055951534782,Q2_Train,0
31,105209.32550597296,6281.293725967435,2,0.561070658362304,Q2_Train,0
42,32148.663676984474,36410.564985264464,3,0.45838627713133556,Q1_Train,0
42,49648.96935898835,17729.170471865298,11,0.5075048838008396,Q1_Train,0
20,39132.76150684561,14039.298436459234,4,0.2922041576030487,Q2_Train,0
22,196017.63690418148,12676.06619601919,4,0.28773081269884593,Q2_Train,0
55,124674.71150881327,18847.36191825659,9,0.07183049008681924,Q1_Train,0
57,38808.93565389907,17518.161142149725,4,0.22833709196639498,Q1_Train,0
55,57635.22509984968,7082.929020331989,2,0.40539352750162233,Q1_Train,0
55,36328.47649282228,10482.906902304374,5,0.16494203503107527,Q1_Train,0
21,107014.35002192952,21550.45894758355,3,0.09580373988002724,Q2_Train,0
47,78448.01537628121,9125.98878445791,1,0.22905818014959012,Q2_Train,0
56,41317.50371487738,14931.985800020508,0,0.026002812027016757,Q2_Train,0
52,110681.37795482321,12525.417816615973,6,0.4094798161707814,Q1_Train,0
57,117890.2910804649,10695.576846931177,14,0.5056295081137983,Q2_Train,0
50,45426.3645083025,15518.256522573478,9,0.49462773118394304,Q2_Train,0
55,111466.02516682896,13380.710892606961,2,0.31981907297634,Q2_Train,0
45,76022.46421137251,7897.395512485207,14,0.3131761787237774,Q1_Train,0
31,42109.7600517893,48126.11915934922,10,0.24449985869221916,Q1_Train,0
53,104658.76543729134,6657.483221720769,12,0.15727052460225446,Q1_Train,0
55,55635.55564318605,23583.62891833676,14,0.46934840194585364,Q2_Train,0
33,39607.8471279943,23276.28318498029,0,0.23394627751264235,Q2_Train,0
38,39568.545030181616,6814.5214145096725,8,0.4529234556802035,Q1_Train,0
45,39795.0922925897,79519.57101960738,6,0.3322202757464544,Q1_Train,0
50,97695.24493691338,5523.746346092199,7,0.15083271603186113,Q1_Train,0
23,82086.43334147334,11804.632345107904,10,0.2701245501273636,Q1_Train,0
61,23960.461138768336,5454.064374476939,9,0.441019445247025,Q1_Train,0
20,107867.97991093667,17213.465221932893,5,0.43939303712804356,Q1_Train,0
60,35459.234237374534,8422.360581171817,10,0.4609804766141904,Q1_Train,0
52,65415.71802028756,20591.581435595945,3,0.2617881410824851,Q2_Train,0
31,61945.674309829286,5521.063085968,1,0.23764591383270942,Q2_Train,0
21,60216.96456839817,33686.29088023585,5,0.523024716258345,Q2_Train,0
43,51554.56724202557,44191.203958362494,8,0.10202289398335956,Q2_Train,0
68,26373.662362283274,13636.401283399644,9,0.3087715170959995,Q2_Train,0
19,46999.00228492925,14699.971667972928,1,0.3124072799106615,Q2_Train,0
52,97622.66434428703,16365.124210219024,0,0.5930061941004987,Q1_Train,0
65,38261.47890584178,8799.515732903521,6,0.5190566206060243,Q2_Train,0
39,94794.27631322487,10387.28053427258,13,0.4894860167702339,Q2_Train,0
58,72852.35912541166,33344.66602679728,0,0.42883812706853847,Q2_Train,0
60,248915.62401395364,42149.87079416222,8,0.25148272687171586,Q2_Train,0
38,31407.346581801838,6968.892936143324,8,0.04458859165000367,Q2_Train,0
32,181799.82059832042,23308.39407167797,10,0.8649397387477091,Q1_Train,0
52,38936.684134509385,5145.001415159291,2,0.09889958920807146,Q1_Train,0
65,46547.53048673988,9239.16855794549,10,0.22526115404212405,Q2_Train,0
38,42222.70590868569,6066.445058744462,1,0.265925880552221,Q1_Train,0
38,79081.64076476567,11309.832198918906,13,0.24936144947993724,Q1_Train,0
49,38241.97673369433,5004.813178428811,2,0.1990643278018346,Q2_Train,0
56,39090.52763733895,10232.125936227694,3,0.3034932182889218,Q1_Train,0
26,44001.1881108058,5717.209413712032,14,0.3710711319198545,Q2_Train,0
38,42100.7132857818,12934.281012403035,12,0.3612623176505162,Q1_Train,0
51,29944.886795563747,12519.64315971891,4,0.24348038269238378,Q1_Train,0
27,27871.14642316505,37590.785039377515,13,0.33444174192220877,Q2_Train,0
57,166943.32091808066,86507.3237662667,3,0.3362189311145742,Q2_Train,0
49,78086.89493075598,35482.917702932275,11,0.2053201558757522,Q2_Train,0
55,36938.93326592316,9932.726808522442,6,0.14410157013770025,Q1_Train,0
61,58855.15459894206,12043.905624453808,12,0.17778261663889314,Q1_Train,0
51,49485.7715762875,7825.622615616436,2,0.4891278097536345,Q2_Train,0
35,21728.97269545931,14144.03991948339,11,0.35706458048456724,Q1_Train,0
60,42236.224098919076,19967.476118465445,3,0.27106378741867737,Q2_Train,0
35,102830.70598184434,51464.390470793296,0,0.3031115305640944,Q2_Train,0
64,50923.70429580034,15664.244207068907,3,0.1773112951236767,Q1_Train,0
58,26524.878817773926,5792.782985771939,8,0.1479908666477683,Q2_Train,0
64,49156.24863069289,5430.91422034275,4,0.12087456005963801,Q2_Train,0
37,56451.44761476698,15392.711979275615,4,0.03153098651496163,Q2_Train,0
30,99410.66754186749,11854.384711466359,2,0.30251928141349177,Q1_Train,0
62,76396.3922800424,10020.684699464906,4,0.3940891007528873,Q1_Train,0
21,32924.806141491645,10414.393784975466,4,0.44152301907651503,Q1_Train,0
41,108832.59378466803,20526.374942504663,11,0.4659512063797536,Q1_Train,0
53,36173.302814629846,12297.116710961887,2,0.40190468122780976,Q2_Train,0
62,26872.966366932902,21547.006671152143,5,0.3200565880608529,Q1_Train,0
45,154494.44510948504,6818.288873530555,1,0.11393009574776514,Q1_Train,0
43,30534.7088174531,13981.630787331302,2,0.19995360559607073,Q2_Train,0
32,57660.96576470436,38808.85229219695,4,0.22741655798207777,Q2_Train,0
53,41375.34767328323,7382.625695218905,4,0.1277443453591811,Q1_Train,0
44,122062.33056108076,29553.792226088597,8,0.22501248117959205,Q1_Train,0
23,135487.91970891724,43618.084850251325,11,0.24178021500445127,Q1_Train,0
55,31796.132489732576,18748.7753153526,1,0.08148472052454796,Q2_Train,0
27,50208.50860823095,5017.330069444933,12,0.2842409133589367,Q2_Train,0
47,91086.4405032708,28122.153260534415,8,0.5051179739871713,Q2_Train,0
58,47291.42647993437,7391.7611597801915,8,0.16949227900768563,Q1_Train,0
55,30969.869858989678,13958.729725151174,10,0.13955177311964787,Q2_Train,0
46,42155.82862445522,9976.73898261656,5,0.7583393665766963,Q1_Train,0
69,87930.30578115504,44447.07760583376,0,0.2435759142423109,Q1_Train,0
60,47587.773584779,15460.587573514767,0,0.1585817773278811,Q2_Train,0
67,47879.41067336579,6188.033482344184,14,0.16683570055613783,Q1_Train,0
22,37575.643432876706,9097.370713458677,4,0.24698757500004778,Q1_Train,0
21,292283.9312560653,13015.445055867633,5,0.12364626482813569,Q1_Train,0
42,74893.50757082173,9519.301061698945,3,0.24946525191196098,Q1_Train,0
31,98266.3489536044,13165.480173992059,5,0.2226774117610171,Q1_Train,0
28,46596.134208057876,13124.245664075352,7,0.04495199624763125,Q2_Train,0
46,54694.549847071525,45375.19322662773,6,0.2557642507882707,Q1_Train,0
51,22406.829013496023,5156.246127610951,13,0.21559778421735634,Q2_Train,0
39,36470.11180253638,11864.109576385497,1,0.481229676379323,Q2_Train,0
41,69104.1987148452,41204.7922544599,4,0.31945548940849083,Q2_Train,0
56,51200.76918360969,10594.779051221896,7,0.5484467813203332,Q2_Train,0
43,66804.04642135052,9155.181150499751,6,0.12395185988156107,Q2_Train,0
60,82470.71262536377,14278.096608512173,3,0.3719858457218003,Q2_Train,0
56,34939.02139990308,7509.222668590226,10,0.3486945053383284,Q2_Train,0
33,29370.95873260599,28019.604213873146,7,0.46110327286348574,Q2_Train,0
55,30379.206418019174,15782.28122685124,3,0.24649623786338062,Q1_Train,0
49,54970.87949071719,7276.400023292412,10,0.2626809486705659,Q2_Train,1
23,87349.60112258105,21710.124292252116,11,0.14062454742845865,Q2_Train,0
51,35926.107755339806,19841.019846254756,11,0.11756490933764664,Q1_Train,0
47,131493.00110579253,26084.393824230072,14,0.17218923240815984,Q2_Train,0
44,41580.229757401044,7999.148806928928,13,0.20632829991917442,Q1_Train,0
24,77184.12391182422,22934.97870367586,2,0.23925637013688955,Q2_Train,0
63,29017.607396262618,14983.846914484666,0,0.5822561012824522,Q1_Train,0
58,78144.07090810675,28976.58951958779,4,0.17229615220379946,Q2_Train,0
32,47400.42104395747,7371.5071515160635,3,0.1893549040100769,Q2_Train,0
39,51224.03908899419,33840.07882586394,11,0.2613466463436724,Q2_Train,0
62,189535.4240723941,31026.597559003334,9,0.08929773511409661,Q1_Train,0
56,112662.3293525006,7677.847218454756,8,0.47428370907319106,Q1_Train,0
42,57385.62404284771,38775.198160181804,4,0.08825361798854957,Q1_Train,0
27,31566.382846934146,10562.982667356824,2,0.46340722870593437,Q2_Train,0
47,20189.088585746784,59011.309764703205,8,0.4839022966282264,Q1_Train,0
27,216873.18720575963,31380.165445036135,5,0.6742854887084018,Q2_Train,0
46,85326.04224735437,33785.11340531046,9,0.2603772291560498,Q2_Train,0
55,63139.093181819386,15950.5569340137,12,0.14607605379196803,Q1_Train,0
58,112563.26970560901,71336.82014931948,2,0.19758032333444178,Q2_Train,0
26,133406.30134385778,21926.907199853413,0,0.44358671589294696,Q1_Train,1
31,49415.36856025643,12870.084411483713,3,0.5425223319256347,Q1_Train,0
54,57888.149017569594,11870.215707726493,2,0.44733179263403255,Q2_Train,0
26,65586.11812482,5711.647117955319,12,0.2763853834824753,Q1_Train,0
25,81952.9654717051,13371.998447876096,13,0.15101332839198317,Q1_Train,0
64,157978.3893936394,49661.31364328374,13,0.24434667959150333,Q2_Train,0
57,23335.364617117753,15569.872693859581,8,0.3761951657029293,Q1_Train,0
24,49238.59394032524,8796.571052969222,11,0.10697188326020907,Q1_Train,0
36,34892.16669275222,9270.280604074545,9,0.18858800189450486,Q2_Train,0
31,20658.081089138464,12532.161912227552,12,0.3081434749472423,Q2_Train,0
67,44813.571843832746,18115.682164851823,3,0.1572886314041328,Q1_Train,0
63,30441.16712564217,25422.90170389768,1,0.40569132824622417,Q1_Train,0
36,104529.20019436155,23943.684613070975,11,0.2852779482851894,Q1_Train,0
43,81550.58747630534,7156.39890601017,9,0.47248814283785084,Q2_Train,0
45,35875.366594761916,18657.008017622335,8,0.39397087848436096,Q1_Train,0
36,29132.164148835378,38844.73596449558,0,0.10395264353349824,Q1_Train,0
65,21858.73979022967,54757.29029626925,9,0.22323218726874258,Q1_Train,0
69,117355.8222362666,7846.729797338428,5,0.27502199701150476,Q1_Train,0
36,57592.05141524931,43800.57537220236,1,0.048179843340831995,Q2_Train,0
50,39856.935242259286,29216.920853861633,4,0.05038167425187358,Q2_Train,0
24,59339.53011810663,8465.975274613149,13,0.4296838404832119,Q1_Train,0
46,39777.08703364429,12446.270675990047,8,0.07503990866786248,Q1_Train,0
22,31846.75058013485,17354.02337028207,5,0.4023654780818078,Q1_Train,0
47,126981.57424959549,17828.596366692298,3,0.05828948489295714,Q1_Train,0
66,74545.96573150363,26927.513613330804,14,0.22918545556370548,Q2_Train,0
25,20761.125924719196,11350.149781443914,14,0.1326454816500571,Q2_Train,0
59,23045.68510821182,41388.07343185051,2,0.2881453616937935,Q1_Train,0
29,54746.89854707294,6218.127471896509,4,0.3509096393922192,Q2_Train,0
30,85614.09638923405,12903.680235300806,7,0.4399321299153715,Q2_Train,0
35,21605.613996127657,6923.56537951942,11,0.40052767595377353,Q1_Train,0
59,41860.46748906159,8741.627770342242,14,0.13694204806855356,Q1_Train,0
68,41221.15092097933,6950.875631119135,1,0.283705187440338,Q1_Train,0
66,34908.69797201554,11454.583770028346,11,0.11398274716477634,Q1_Train,0
37,35541.101755170865,11614.57455885024,13,0.29654241431480954,Q1_Train,0
54,164629.49980115079,21170.791324605678,3,0.16542760397728437,Q1_Train,0
20,73966.82877844409,19039.640909529116,7,0.313935481776876,Q2_Train,0
44,75150.6163298001,65501.36436218424,7,0.21675701369587005,Q1_Train,0
32,234208.03486416058,7752.429988564951,7,0.1974651808570442,Q2_Train,0
39,88425.46303929828,6142.190220169206,13,0.19915714089541603,Q1_Train,0
57,48882.77691283169,20664.06265328633,0,0.4915860747475207,Q2_Train,0
66,32764.188981915824,8930.236051356096,6,0.14389756379059104,Q1_Train,0
21,55348.41676216044,5041.404757551445,9,0.33337149075125344,Q1_Train,0
58,41190.36571716962,13720.0242398314,4,0.5008228032158586,Q2_Train,0
40,49236.6310028733,7809.177391791449,7,0.5851863716280103,Q2_Train,0
64,44212.00610348594,58753.71663044061,5,0.11408874731101369,Q1_Train,0
26,160584.24208825303,11481.182080540168,0,0.7222353027792692,Q2_Train,0
41,216234.28569919142,10415.832886903003,13,0.52333709605881,Q2_Train,0
38,111598.12417772724,15709.870351288717,6,0.4230605122111187,Q2_Train,0
66,31244.29345283629,5572.487207613929,12,0.2964537537302892,Q1_Train,0
62,103553.98891092409,7514.73240657299,14,0.21189451637798432,Q2_Train,0
26,24357.719878479424,5334.914327319526,8,0.5160280208732936,Q1_Train,0
32,35773.75093129067,16468.897140886977,2,0.40226611880217905,Q2_Train,0
56,106285.27833132134,15147.4946646066,13,0.12843228130502676,Q1_Train,0
18,54782.19022580502,23073.667081024567,7,0.4043592050974988,Q1_Train,0
22,75858.07955161246,19744.258675329176,13,0.5175110635354709,Q2_Train,0
23,20400.407356424505,10943.3976078917,1,0.20344216389688494,Q1_Train,0
62,56313.23901468679,16777.77807642954,1,0.20773709473965365,Q1_Train,0
45,52520.121449104474,16753.325391678103,13,0.31861071804321417,Q1_Train,0
23,42293.158084211595,9972.971386449852,8,0.5579121190751641,Q2_Train,0
44,29116.582872807543,19868.951941702893,10,0.22309670432293646,Q1_Train,0
28,57656.37099683352,40775.29347530719,14,0.22448181220894223,Q1_Train,0
38,21004.36613053752,15346.177668377528,5,0.5309469019374554,Q1_Train,0
47,23107.275877543125,28678.193616634777,0,0.18491709706324322,Q2_Train,0
29,29014.6556102748,14090.976033792245,6,0.1525024329336737,Q1_Train,0
44,26172.11237462322,39886.705406892266,1,0.10877256305504872,Q2_Train,0
38,80472.36376595034,13445.690050714547,1,0.5034348548682622,Q2_Train,0
38,24296.8861150976,10318.942417155624,7,0.4193984738270095,Q1_Train,0
46,59807.53648696759,7940.922158912514,8,0.31699756404762536,Q1_Train,0
65,62569.5786822627,10642.15649385224,7,0.17131524914327384,Q2_Train,0
54,79406.88714016938,53354.94855276763,8,0.27328615060654177,Q1_Train,0
29,39299.28427438025,7630.582966228161,7,0.2033219014416238,Q2_Train,0
69,91199.34167770983,7397.891948639037,5,0.4264193404675058,Q2_Train,0
37,56865.19056379694,17287.913914588156,8,0.3423829624334586,Q2_Train,0
26,140479.62342853055,12704.85911295249,7,0.14922788931739206,Q1_Train,0
38,42423.744133953325,12225.254045905476,4,0.24301564598535502,Q2_Train,0
40,138152.59888847065,5509.772723369289,8,0.43505030383869353,Q1_Train,0
26,273665.08503181837,36516.49590186495,10,0.4286050580499047,Q2_Train,0
63,36866.679990789555,42307.50215143495,5,0.014874416888123554,Q2_Train,0
69,60292.99314335199,20867.51805598393,0,0.07650889827512364,Q1_Train,0
40,69720.64224330406,19495.159449014132,13,0.5907103522125322,Q2_Train,0
44,110197.68768262776,11702.067480940454,7,0.14366678169110575,Q2_Train,0
56,35112.05895526351,13488.874482620562,7,0.645741920898666,Q1_Train,0
53,45129.982560002434,7435.462149295116,12,0.2948868132423611,Q2_Train,0
29,111571.78845411215,27718.813988710142,13,0.10479092587535022,Q1_Train,0
50,98292.80546797925,33782.1757539446,5,0.1789063899326691,Q2_Train,0
45,29442.79032848786,17274.74395067337,6,0.3561101690927593,Q2_Train,0
67,27977.631747555035,39096.24456686374,8,0.09405825871865597,Q1_Train,0
37,78378.6565383723,7145.793407733352,13,0.4851650310389594,Q2_Train,0
48,38448.93951904064,31748.770936361176,8,0.020329428991756826,Q2_Train,0
55,96246.18927132004,25883.79294097313,13,0.3441986059367124,Q1_Train,0
39,29215.17088653482,14591.2326716585,10,0.7039752209873963,Q2_Train,0
58,20362.010156181495,5537.457629104821,9,0.31170919682352916,Q1_Train,0
69,56365.08199084133,82130.15819694668,10,0.14490566004367492,Q1_Train,0
26,68884.56650584795,11357.616440372389,2,0.12781644494001895,Q2_Train,0
30,20495.286503865045,29956.97546542032,2,0.31678441560260123,Q1_Train,0
33,23704.194613011332,31540.316067554195,2,0.14402069573393417,Q1_Train,0
19,29537.831148799025,17654.2604383071,5,0.31458036405784684,Q2_Train,0
55,60244.69644734019,19309.125921661696,14,0.22379500122722787,Q1_Train,0
51,96285.25847468182,9123.980579844036,2,0.19337525843153006,Q2_Train,0
25,51946.981136644354,7968.267854299839,8,0.5206642608452778,Q2_Train,0
38,93725.77682832476,9705.89655595247,14,0.12091714022092362,Q2_Train,0
60,71298.76417171105,15838.190011903042,7,0.4163362512092189,Q1_Train,0
61,49810.6870099947,7231.782252780751,7,0.08061532313830073,Q1_Train,0
37,80745.13087243543,23919.1392772455,13,0.22905384045177524,Q2_Train,0
48,33158.410012073495,37593.29806181689,7,0.3848277422165574,Q2_Train,0
50,44733.360337876176,5531.212223578489,5,0.5667838387361939,Q1_Train,0
61,79424.0875996346,28622.515422628945,9,0.33824201163861545,Q1_Train,0
24,42171.05457286691,6176.188815430186,13,0.10872773931463271,Q1_Train,0
25,28861.61299660236,18033.082465467072,4,0.2747281382243538,Q2_Train,0
34,39342.682071856194,6532.043196517655,8,0.3138883615383458,Q2_Train,0
54,34571.24449961813,7523.2990252111385,14,0.14771331752978575,Q1_Train,0
61,78776.25676553794,82076.36873533114,14,0.4103450924015169,Q1_Train,0
34,39068.526426967175,14826.806128420314,0,0.10304200232082711,Q1_Train,0
55,72296.70426106795,9562.154486249796,10,0.2310461852055954,Q1_Train,0
52,50782.41665166979,19354.326610081283,0,0.3133046286423419,Q2_Train,0
56,64650.21190893974,34311.507253985365,3,0.21043243803729267,Q2_Train,0
47,106906.39131110493,5120.167206308215,8,0.3953141985743542,Q1_Train,0
68,23072.728929744895,16554.431027169776,0,0.1579553875265983,Q2_Train,0
52,137388.21622442352,16971.95653570949,0,0.3485900911685687,Q2_Train,0
23,24941.95176642686,34010.15921722364,12,0.350887003736063,Q2_Train,0
30,53379.197917128775,13442.920293516569,14,0.3621340072649887,Q2_Train,0
39,28219.870133892917,10365.160452970362,10,0.29151633590010434,Q1_Train,0
45,168551.09203571483,26936.859642873977,14,0.061570359538415026,Q2_Train,0
69,54822.34047735627,8441.368194644918,7,0.1744574500347676,Q2_Train,0
53,29053.32873465118,9370.728946869935,3,0.4507488049752786,Q2_Train,0
25,52258.44281332779,77009.84403767461,6,0.2505372444892256,Q2_Train,0
59,40083.450714932565,57962.472073792276,9,0.3370313575099632,Q1_Train,0
67,25595.631008344568,29711.245633295264,5,0.1516684750454527,Q1_Train,0
18,114925.38673211558,8518.150275702725,1,0.15436009615040586,Q1_Train,0
60,28142.189750582478,25019.138722236523,9,0.3138181249344157,Q2_Train,0
31,27120.744200062494,9659.018745164502,5,0.251048622762465,Q2_Train,0
65,36623.812628393855,18504.476215976574,13,0.3565773191850512,Q1_Train,0
64,80106.0115597343,36657.51791779026,13,0.11340931161762,Q2_Train,0
36,58610.03724237512,7622.461858577892,12,0.158890041970352,Q1_Train,0
44,117755.01165930922,6855.131846245222,9,0.45713655431720923,Q2_Train,0
26,29707.8030577485,17473.49435967354,10,0.13503875582033292,Q1_Train,0
45,97806.93054530237,17259.59113425917,3,0.1646969175229257,Q1_Train,0
69,53880.19514489057,17563.973894555085,4,0.367640978459142,Q1_Train,0
45,28015.26248829495,11325.560031974488,5,0.12560529427976133,Q1_Train,0
35,38572.10755246625,31154.457996324138,5,0.3176652931094,Q1_Train,0
42,75961.37727610083,13898.391615682187,13,0.3200733842963656,Q1_Train,0
52,55388.432843902105,8195.193817947686,5,0.5102041368737823,Q2_Train,0
21,126590.80342849955,10892.10575235114,3,0.31077536926880145,Q1_Train,0
56,72406.53771213871,17483.12263987086,9,0.21000100492839596,Q1_Train,0
43,52453.21062012602,7519.4591424605,6,0.36258731275311445,Q1_Train,0
25,28380.228648973287,12341.298574507146,6,0.3397235389003311,Q2_Train,0
41,87982.99290491037,6590.030414421599,10,0.08394938837490122,Q2_Train,0
37,57919.70074318307,49182.55480302682,13,0.29660799021754725,Q2_Train,0
32,190967.15066227052,11208.516554207174,14,0.4405464015359728,Q2_Train,0
24,53298.98710980849,5764.859846394731,4,0.5160652218442354,Q1_Train,0
29,133560.20504907498,12584.078814410912,2,0.35579971599577503,Q1_Train,0
35,34490.99425977508,38476.951596982275,12,0.26598046214951776,Q1_Train,0
64,43723.67930348841,21774.340503578365,4,0.2590329459097696,Q2_Train,0
54,54040.05386990696,6049.059257597825,2,0.0818501071050045,Q2_Train,0
33,117494.14000987573,10372.38681839814,14,0.27795587895962465,Q2_Train,0
22,132615.29603689647,10034.015880908153,14,0.08515838215345214,Q2_Train,0
19,65520.885057082116,5900.111968000125,5,0.20204491627193247,Q2_Train,0
69,55425.93159845367,32807.373045733235,2,0.5519610876762989,Q2_Train,0
45,96457.48712882836,35266.46236097151,0,0.31439481531624863,Q2_Train,0
58,35529.537743520275,41519.629333060344,6,0.2586062726825964,Q2_Train,0
48,46136.01957244882,23594.723582960192,1,0.29039474778149965,Q2_Train,0
58,55440.879417823846,14746.33083506191,4,0.17524806177039848,Q2_Train,0
53,37638.608444041296,34215.45962851308,8,0.21115303078613465,Q1_Train,0
64,44173.647267970126,15704.368244277312,12,0.374683029348111,Q2_Train,0
67,33728.115567728986,12425.701290997062,3,0.10709078049875323,Q1_Train,0
46,37904.28649052001,16050.153463112294,2,0.11606389550398984,Q2_Train,0
25,60931.93425633246,15301.459771900605,13,0.21974881954498868,Q2_Train,0
45,161478.07484761014,5219.59764904934,12,0.4081789120374504,Q1_Train,0
39,55797.748639278434,11236.991415696824,8,0.26143330918723984,Q2_Train,0
58,85421.77803148862,46491.997850488675,8,0.30901819249299967,Q1_Train,0
36,158884.47441037197,5201.915853609595,2,0.04129718081185718,Q1_Train,0
42,49455.29969702542,5131.361677043972,3,0.0958400555074307,Q1_Train,0
67,56810.98350132866,27502.022615279304,11,0.3092237904346728,Q1_Train,0
22,242890.27756648863,67856.80083667983,5,0.1365531015211303,Q2_Train,0
51,54998.831009149035,14388.114879111054,10,0.07236329445330943,Q2_Train,0
56,167580.0228107651,13514.372953342583,9,0.15102749009358968,Q2_Train,0
27,143391.3367521584,9840.823210729808,11,0.4436502046778565,Q2_Train,1
64,161779.00650056783,21477.702741389858,4,0.637288707643032,Q2_Train,0
54,37577.12718884875,7750.167953525301,9,0.3565932712470101,Q1_Train,0
69,42705.259546243775,12082.994863370335,4,0.23322128934325656,Q1_Train,0
59,25753.11066617071,23122.094221652314,3,0.13543814908810428,Q2_Train,0
43,68502.49949232634,35001.58142238768,9,0.4762839366215855,Q2_Train,0
63,149088.77427750156,11295.302583521194,1,0.09959899041671359,Q1_Train,0
43,62842.820530167664,18482.531693527897,2,0.11056890274528064,Q1_Train,0
34,71481.7298899382,44477.40015305071,3,0.5833196241948798,Q1_Train,0
31,67388.96491207537,7826.126066859777,7,0.21420976130005856,Q2_Train,0
19,28703.943710449497,27152.838049557675,8,0.4316052080689891,Q2_Train,0
24,39146.342130761695,5615.180342465853,7,0.06994282501403727,Q2_Train,0
26,34445.155276617814,19137.994112083514,4,0.6678616594060356,Q1_Train,0
39,37356.57058239941,20484.054434107937,4,0.7207049321282107,Q1_Train,0
41,115316.12152211399,5988.005169378636,2,0.1473547185200008,Q2_Train,0
46,40233.77216442165,26270.55512125208,9,0.6298534652928829,Q1_Train,0
34,151065.53669754876,37246.98210683389,14,0.3796114700549158,Q1_Train,0
24,58359.91198678908,27595.910144833357,14,0.22022843018069027,Q2_Train,0
60,75556.06774010166,13106.937575633083,12,0.4556107538841871,Q2_Train,0
24,84427.46121285312,22387.49511916109,7,0.178302815278774,Q2_Train,0
45,39314.391361641785,10119.207425269986,11,0.2012077424654198,Q1_Train,0
36,45336.60318792837,8230.117145012398,13,0.18861011715512718,Q2_Train,0
61,43776.87374231525,32393.323211024574,14,0.13112754079986225,Q1_Train,0
58,235820.76486579757,58759.07290316945,8,0.09465326262374242,Q1_Train,0
57,42256.16632583282,15182.79711076779,2,0.04380302140627024,Q1_Train,0
34,97788.11735284656,12540.638654631664,11,0.32981977772432036,Q2_Train,0
51,70937.63593271587,33641.67134243368,14,0.3836834066424508,Q1_Train,0
66,127539.64439875905,13108.646563004138,8,0.4906657128198672,Q1_Train,0
35,107864.35052208303,18524.010669005533,1,0.21344724321350508,Q1_Train,0
41,36027.025791920125,22503.46397248032,4,0.5145799201846809,Q1_Train,0
19,22898.920059680615,26711.525461586298,12,0.19318335553426313,Q1_Train,0
44,31777.934424766398,9118.145617773103,11,0.1577332170974073,Q2_Train,0
65,87590.51550163174,14431.339375524594,3,0.16412117685731706,Q2_Train,0
49,309648.5886464969,10229.311923537098,3,0.7992396665123414,Q1_Train,0
45,52097.663958329475,38821.6046460197,8,0.44395305428803167,Q2_Train,0
63,61985.030898135774,21852.124316195514,4,0.5666931459680364,Q2_Train,0
42,20308.97812650364,19188.00583255011,2,0.17967435621607136,Q2_Train,0
21,31740.17815658854,24087.26674606123,10,0.285243902614529,Q1_Train,0
53,21098.448144875816,10237.917786509875,9,0.1818889522869208,Q2_Train,0
67,137586.11614010495,8973.896929775463,11,0.17207230182248626,Q2_Train,0
20,26009.75632771169,15673.696325971181,6,0.23670941610562732,Q1_Train,0
18,27140.09037698478,7399.655938428882,10,0.12215313886542903,Q1_Train,0
65,52522.25895091187,5111.566340542912,6,0.11695757927118239,Q2_Train,0
22,27844.190668567826,6767.358848327505,12,0.22369893945248354,Q2_Train,0
36,78045.95623985986,54113.338428452116,0,0.761915670924694,Q1_Train,0
56,161247.49044217318,44454.25243383247,3,0.4258367260557756,Q2_Train,0
51,25195.85598833795,18375.172425017194,6,0.48414634202236756,Q2_Train,0
52,22815.32387496808,7531.471852332734,3,0.29439121691279463,Q2_Train,0
33,69186.15880178541,28620.633492032426,2,0.15449710087904742,Q1_Train,0
57,147975.47942446134,34065.648276136344,3,0.1579024498495341,Q2_Train,0
67,59620.77579210279,12795.275462969672,11,0.38857385575067277,Q2_Train,0
64,23221.347874347513,10588.857281897415,2,0.3404739432550596,Q1_Train,0
56,45849.46652179558,22170.56114646239,12,0.4763332901819942,Q2_Train,0
67,45991.520073979904,9119.80956741853,12,0.22490530923522126,Q2_Train,0
31,64411.01432408561,13815.264720189749,4,0.3313725251276829,Q2_Train,0
53,71582.21351246664,12760.447925522662,4,0.25601642237880823,Q2_Train,0
64,38725.120878264934,10495.080758754346,8,0.30821044020882205,Q2_Train,0
32,72126.20801822645,31711.455461557376,10,0.19394739759333943,Q2_Train,0
49,35411.788336665995,14091.187300638125,0,0.4819372733924543,Q1_Train,0
35,78620.4599773508,5493.399503949261,13,0.21093022011334575,Q2_Train,0
31,79857.8043285422,15010.829877150012,13,0.3753579021395271,Q1_Train,0
59,74694.63974751637,10510.452971771678,12,0.31622972862881515,Q2_Train,0
41,50101.07663173918,46222.459430641524,14,0.44836879644359395,Q1_Train,0
45,24415.09278284268,34875.3520498989,4,0.40945800079495553,Q1_Train,0
44,97973.6763803403,8255.081274305801,9,0.264590035333769,Q2_Train,0
57,25607.081784583384,6238.899632397011,3,0.09120219262637773,Q1_Train,0
18,31625.553749114944,11073.783798238595,7,0.19783287778155748,Q1_Train,0
50,56271.342237531826,10911.564964736432,0,0.19913067075711233,Q2_Train,0
21,51104.11885246052,21408.514373853282,1,0.14546903556655708,Q2_Train,0
26,64515.76581191887,10283.465558666867,9,0.46908334134447377,Q2_Train,0
22,135203.7443813517,6663.225282504827,8,0.0504610543781963,Q1_Train,0
40,35994.81347303739,8619.779045987088,4,0.3565206511890328,Q1_Train,0
60,54097.68264465108,12230.059353123928,10,0.6050577397812743,Q2_Train,0
67,142192.9099020495,9645.792025694303,1,0.5759521030148603,Q2_Train,0
68,76580.0049519033,5061.064442410891,5,0.24898764140086418,Q1_Train,0
30,84745.46007765303,11203.402663581732,3,0.4853898043638733,Q2_Train,1
68,29755.648161904854,34478.17356361168,14,0.12202133967872344,Q1_Train,0
34,42483.652658434774,11737.589788617806,7,0.6662633784429975,Q2_Train,0
44,61790.099589328245,20863.773018147796,12,0.037152469891895114,Q1_Train,0
59,101358.19023213096,31187.800518831675,3,0.5777579058118495,Q1_Train,0
49,33885.70874336944,5553.649919597043,12,0.49407127195494566,Q1_Train,0
25,85520.43512055732,11113.23224687764,13,0.26063719588402434,Q1_Train,0
36,69471.48881226213,13854.239095958716,0,0.24376407518172924,Q2_Train,0
23,89709.51776708351,12706.557841613323,5,0.1629972547170992,Q2_Train,0
65,53371.02720809684,14703.173107909983,2,0.17744361756064117,Q1_Train,0
38,56894.752627549926,5711.4508369801715,8,0.37586206438427366,Q2_Train,0
39,31760.672716177905,10338.944850497977,6,0.1668924687294737,Q1_Train,0
27,101438.55428818935,8427.763182365788,9,0.37424979821250126,Q1_Train,0
34,49192.8288738769,36545.57065047856,12,0.1815258143658319,Q2_Train,0
63,34192.64760637711,49949.9333347367,10,0.5435593578692692,Q2_Train,1
36,46779.55972545341,30534.902903942533,8,0.15384990718763736,Q1_Train,0
38,39121.665808928854,7037.0382695440685,14,0.39639695524389545,Q2_Train,0
34,108302.34753445418,13168.536041410805,12,0.20812912135553616,Q1_Train,0
63,20152.031859044542,16637.865229319752,3,0.21226086388387527,Q1_Train,0
38,74572.43420652501,12159.286229459278,1,0.2971894250245018,Q1_Train,0
58,74032.71150201898,16377.778776397878,1,0.43842301022116864,Q1_Train,0
57,56760.44304559686,6464.0608538421475,5,0.2717025957938147,Q1_Train,0
62,67222.17556434817,20973.2722569735,8,0.34321907171543836,Q1_Train,0
66,103166.81183181325,15329.626013463681,2,0.155820564283018,Q1_Train,0
18,111300.40974547675,11478.126838929194,8,0.20204817569069933,Q1_Train,0
54,62751.51414494023,24991.116383042405,10,0.1291857207577899,Q1_Train,0
23,177827.1452326383,11162.12972628398,14,0.11967024327966487,Q1_Train,0
19,29724.271162102716,53766.93610765065,4,0.30088573474019936,Q2_Train,1
49,52050.02919376056,6249.429707694852,8,0.19884603969973988,Q2_Train,0
22,56405.29710686151,14826.48621252929,4,0.2237063423081506,Q2_Train,0
54,102499.25605769396,25115.99805581995,6,0.3609408658585049,Q2_Train,0
48,73295.25074375473,11009.656350525886,14,0.31441570151539083,Q1_Train,0
52,86302.73892614752,10692.045237551563,9,0.12213486461582708,Q1_Train,0
47,64811.68788536763,20510.604972702768,10,0.21555259893106368,Q1_Train,0
23,76700.09116830141,61592.32566356646,9,0.3843237557710307,Q1_Train,0
32,61501.69077531322,26491.088160599076,1,0.08298252977966455,Q1_Train,0
33,71135.40735018905,10192.746697145813,8,0.4051570796182733,Q1_Train,0
37,84318.3011721615,44365.92084868803,5,0.24757117841028756,Q1_Train,0
30,32794.11716314595,16460.316287815716,8,0.1591833685430584,Q1_Train,0
61,54363.21535593536,22509.484188992523,0,0.1385263775340314,Q2_Train,0
48,109920.674839635,16875.90926876581,11,0.08801627541165795,Q2_Train,0
51,43691.107441112355,32479.74302621799,1,0.20158139097442226,Q1_Train,0
46,23773.326516563095,12251.097993321833,5,0.30032436521625566,Q1_Train,0
20,50615.15635569938,21572.164540016813,1,0.07100239958957175,Q2_Train,0
28,62404.926144487516,57564.17739343626,4,0.6452321136994755,Q2_Train,0
42,35743.3328481569,12323.604149354149,5,0.16469335875203775,Q1_Train,0
59,37247.578617589454,7625.7098093355335,14,0.48613182591437143,Q2_Train,0
63,60483.70231131955,8276.010679691686,12,0.3276546098705228,Q2_Train,0
26,100865.3960664045,18822.13563959806,0,0.2965449903099756,Q1_Train,0
37,56066.25352430896,19792.832406185167,1,0.40149558775364835,Q2_Train,0
38,182024.9921079149,11269.29737520923,1,0.41589429702222147,Q1_Train,0
27,112848.37215339913,12026.749064424786,0,0.055510977014948226,Q2_Train,0
26,59742.98650846501,7431.72576679285,5,0.5764962341821456,Q1_Train,0
22,111681.06755387624,17028.629133827475,11,0.12900963652186007,Q2_Train,0
57,136910.63130530645,5899.214408583698,10,0.22005258481111556,Q1_Train,0
28,164445.86098416668,14197.003656642844,8,0.1463756264752549,Q2_Train,0
18,125661.08329009911,12592.850927412961,2,0.1969628808306183,Q2_Train,0
59,85606.65884735546,7690.471041952137,11,0.1982543656727926,Q2_Train,0
63,26902.007656639584,7030.337075791318,1,0.4433359163846219,Q2_Train,0
43,33921.70253170456,16443.648628856117,3,0.3837641811822682,Q2_Train,0
49,38694.221827263005,31615.295343118214,7,0.3907797915017884,Q2_Train,0
27,108160.1021143109,9128.889084733826,4,0.16501798684081753,Q2_Train,0
64,38846.641355865446,6260.124260022104,12,0.22844376533680308,Q2_Train,0
56,36320.958661652665,43855.940757922064,2,0.6849261164160928,Q2_Train,0
51,33837.73622602332,16641.755818307247,1,0.5465405226100201,Q2_Train,0
48,44982.84789680736,11493.607627356107,14,0.2650796937915968,Q1_Train,0
68,75301.36961962061,27424.623386855965,10,0.39537393292146533,Q1_Train,0
61,106362.20139622012,31796.539445975708,11,0.27465157360115927,Q1_Train,0
20,37051.48763099111,20737.58431191023,10,0.4333550514518273,Q1_Train,0
19,46334.723908599015,25092.0694780904,12,0.27560125256200274,Q1_Train,0
69,47568.27568942454,10618.703877517,9,0.16053658095901444,Q1_Train,0
22,74833.83243230372,9215.871202374885,13,0.5816460923225697,Q1_Train,0
28,151596.3892218909,12868.329633915075,3,0.4367886769862121,Q2_Train,0
39,26262.98773380211,23002.910790091893,14,0.22184235875239108,Q2_Train,0
54,30141.625647212233,23482.064695750443,8,0.006900476006471804,Q1_Train,0
28,61011.09210783094,9337.016257403848,3,0.3973818927389415,Q1_Train,0
49,27221.020082877592,13867.755627452289,5,0.03604083184749702,Q1_Train,0
25,45447.890555674836,69902.55737987276,13,0.38249026350341125,Q1_Train,0
37,91985.13192723964,7880.354852518735,9,0.14764257468624678,Q1_Train,0
59,129723.82045144936,8811.371265746551,7,0.19786102211001136,Q2_Train,0
35,86782.27894744292,13287.144210349443,8,0.457930518560869,Q1_Train,0
68,94042.94785514502,13442.23449905853,5,0.03558228400324828,Q1_Train,0
37,27514.515035276985,10788.607849838776,12,0.28591271803396917,Q1_Train,0
55,46198.15082688999,30303.139453017582,2,0.1329903090383702,Q2_Train,0
42,49525.95352687377,11810.983385268286,2,0.3752199563828919,Q1_Train,0
21,26779.337925656426,12759.807788470825,9,0.16862593166723294,Q1_Train,0
62,45611.36948840941,59130.742316017466,0,0.44190088055442306,Q2_Train,0
58,20883.19227933315,47871.11806501809,10,0.00792300460716337,Q1_Train,0
20,82590.19150421389,10602.273104973665,5,0.4699258871350699,Q2_Train,0
54,33839.238402556184,8359.907379891178,13,0.32673898395621886,Q2_Train,0
63,112205.3330192343,9178.754694000525,0,0.08325652293131242,Q1_Train,0
33,34346.12090277382,20678.251993882543,13,0.3069528009464511,Q2_Train,0
26,42239.14624802185,11885.676228148448,10,0.22267368388252148,Q1_Train,0
64,45614.90400314838,7911.29006060192,5,0.17448808854027303,Q1_Train,0
31,207497.57287680137,16863.330985023815,8,0.19791675158330235,Q1_Train,0
23,126356.29697617977,21381.375609887393,9,0.3431518142990735,Q1_Train,0
32,45438.685728677476,9450.44451645162,10,0.18686109120044145,Q1_Train,0
69,184666.01540666673,42518.97638976569,7,0.5685570078468313,Q1_Train,0
25,77603.07362766087,13638.800612865787,1,0.37568701168590535,Q1_Train,0
51,109187.97830920176,14214.2075012733,0,0.24617435080095595,Q1_Train,0
18,28754.426507628326,35416.11430436683,14,0.14187109619073035,Q1_Train,0
66,53318.12953011092,8026.070935859342,13,0.4186203992028662,Q2_Train,0
68,192975.61998792208,32310.470473521462,6,0.06897624006179166,Q2_Train,0
22,34709.225806363705,14113.039383924557,14,0.22617487604991687,Q2_Train,0
47,263842.3279967557,8524.328942764525,14,0.359956398789743,Q1_Train,0
33,65072.140853398385,43253.706572904615,7,0.21073313940738442,Q2_Train,0
24,79098.01977545535,5007.930104852776,11,0.21362763115799807,Q1_Train,0
24,83698.69651910974,13641.614580327328,2,0.34472387629480933,Q2_Train,0
67,52337.27035705677,5455.279762447149,4,0.20968189845507448,Q1_Train,0
19,54263.72772970847,7018.219194488619,6,0.06931911821148398,Q2_Train,0
64,40374.95520403962,21771.44445243455,13,0.27922572267821005,Q2_Train,0
31,73596.90287108516,19963.340545048522,12,0.3047205346060354,Q1_Train,0
48,30061.494955050646,27648.532502923612,14,0.45857608933310956,Q1_Train,0
28,24751.163645971545,59115.16879407742,12,0.12057104088683619,Q1_Train,0
57,28539.158394871283,27367.704971941643,13,0.4159929821272676,Q2_Train,0
46,49348.94659231644,13755.256839678517,14,0.09430927684109192,Q2_Train,0
53,67888.8401597059,15650.977838440731,8,0.5664322837887427,Q1_Train,0
32,53632.25653446733,16447.342380427493,13,0.2244738648628511,Q1_Train,0
36,50735.064135138484,13076.676805715293,12,0.28859090830362877,Q1_Train,0
51,56834.04642028233,7726.812180366404,0,0.15146607208937893,Q2_Train,0
34,23511.648359994113,13881.403479051387,3,0.7260972418234665,Q2_Train,0
27,33671.290181744305,39211.66728412603,10,0.5404964725046224,Q2_Train,0
35,20625.410743561002,9757.136518125455,13,0.3566289619585736,Q1_Train,0
68,66328.78021366944,6097.010575422126,4,0.38870878152658966,Q2_Train,0
62,29325.741907980635,6415.19253985309,9,0.3999878370332203,Q1_Train,0
31,21464.0449184644,5608.638293253572,7,0.13917667965092653,Q2_Train,0
33,55918.12546756128,14676.600197635,6,0.4631577556789559,Q2_Train,0
33,44669.65695152352,18259.3055447359,1,0.2050050250435739,Q1_Train,0
34,50294.6332417995,12318.807941332523,4,0.13894251480134168,Q2_Train,0
24,96054.92101340031,8309.079338295032,12,0.4692309829975978,Q2_Train,0
29,21704.439184885072,31279.095307343574,11,0.3215972405707422,Q2_Train,0
51,96581.86138759808,21212.85978021921,1,0.11211841654962719,Q1_Train,0
20,22527.345526509205,41996.384611649555,5,0.4947382320361071,Q1_Train,0
62,29560.596711887716,19186.360745404934,9,0.2966498724270697,Q2_Train,0
61,21127.63996479233,6399.076221562758,11,0.5464479436940612,Q2_Train,0
23,84751.87696221942,7335.800435967056,4,0.4456589278784937,Q1_Train,0
21,74274.46560464593,22140.417524921962,11,0.34974857406661697,Q1_Train,0
62,45705.728665994975,15241.0932917384,8,0.37113679256567444,Q2_Train,0
46,30359.29231755177,7181.766835588125,3,0.062064363146839184,Q1_Train,0
52,51151.425612091814,19420.74387432164,11,0.10590137987615039,Q2_Train,0
69,55150.92868606133,5804.226398661289,0,0.10581296748499283,Q1_Train,0
55,41911.55851402987,24125.45491357399,0,0.40740556579599596,Q1_Train,0
41,55702.175781406295,28168.3695272954,6,0.16566992788672844,Q1_Train,0
36,74423.08013852507,6733.528361352844,3,0.17511200188464748,Q2_Train,0
51,96703.42471976504,14695.742905958017,12,0.20009598826285457,Q1_Train,0
47,46267.838344837786,15776.602957633979,10,0.23496008557595216,Q2_Train,0
68,23877.00901434823,28986.768920650196,4,0.15189862296956042,Q1_Train,0
61,153191.96585239295,11307.813342840875,12,0.49597369347600073,Q1_Train,0
50,38304.61559013685,12516.020857646552,7,0.14936975512351228,Q1_Train,0
66,77040.17431952711,17228.743396869955,11,0.08882431363786054,Q2_Train,0
35,37257.217947068326,18835.963264886057,9,0.08418165500419836,Q1_Train,0
36,50934.036798559915,19358.43639900688,14,0.3000173510125695,Q1_Train,0
36,71615.78713593152,14032.10389657693,11,0.15459796943156995,Q1_Train,0
41,42308.25390175916,6217.119663496711,7,0.2507924327614975,Q1_Train,0
32,55871.54547293564,16689.33831571627,7,0.3325345476856074,Q1_Train,0
58,297314.5110191827,23708.424198271554,13,0.3727733446821719,Q1_Train,0
40,67663.64248903068,27565.03515800395,12,0.09928318535323195,Q2_Train,1
69,107987.28524082036,18243.937734339936,9,0.06432793701673521,Q1_Train,0
69,49172.53443192016,9067.703861106273,13,0.3634066195582942,Q1_Train,0
21,169850.65932532668,7668.094898781903,7,0.36506083094759373,Q1_Train,0
21,39790.9998270987,26349.734935582117,13,0.09329235157365118,Q2_Train,0
22,24497.328253312007,9325.472070421081,4,0.14756853355145041,Q1_Train,0
61,62040.425413578036,16838.810454566577,5,0.34358562565711437,Q2_Train,0
28,65927.78800547548,6012.7935482179555,14,0.20159456357123814,Q1_Train,0
30,74919.0631422854,7636.4699660744,12,0.6469816687353168,Q2_Train,0
25,59438.945431744396,7169.971758908808,5,0.41347262711841837,Q1_Train,0
35,24028.91470295309,16661.20310877416,9,0.48677634594814856,Q2_Train,0
61,91192.12362478247,42793.16203115504,10,0.2868076567649762,Q1_Train,0
35,82784.6565519,19331.77049414781,7,0.22405952903109133,Q1_Train,0
27,77803.30302658326,12386.439293673691,7,0.27728030320642916,Q1_Train,0
24,27211.552938076155,19028.2343921727,4,0.46205400289848214,Q1_Train,0
67,28218.105268323496,19823.252528427874,14,0.33439733782365993,Q1_Train,0
61,34549.96001591866,19598.403758715263,11,0.40243543641585267,Q1_Train,0
33,76026.38861529337,6622.63402398205,4,0.4088935441851498,Q1_Train,0
19,34730.093586705414,9985.559260253602,3,0.39465197430210086,Q1_Train,0
47,22880.613584692583,11454.642306707026,8,0.072253011220842,Q2_Train,0
47,77636.09791964115,20242.92883126362,7,0.5454731491702054,Q1_Train,0
61,35135.02459313481,8074.757742512806,1,0.5358183349931187,Q2_Train,0
65,56383.12367081413,11588.88804670759,1,0.1459227751301007,Q1_Train,0
30,42447.56377808965,46116.1286571815,13,0.3422875449477715,Q2_Train,0
37,105104.78884700243,38907.17051615163,10,0.43026044390660195,Q1_Train,0
66,23596.107638618887,50897.32123116435,11,0.3257889292115724,Q1_Train,0
67,36109.65873063512,18425.99338537802,13,0.24286622550124115,Q2_Train,0
52,66185.12458286727,15436.264906267423,12,0.13253612878096022,Q1_Train,0
50,27353.850552541517,62560.306618297574,9,0.21841108046702346,Q1_Train,0
55,21153.82591730025,14308.835999148387,11,0.3412589919498752,Q1_Train,0
52,119569.53063712489,21895.288464258567,7,0.5662553848649714,Q2_Train,0
53,28530.459737399382,19866.82446496094,0,0.43163731292717444,Q2_Train,0
25,73128.20602244747,16399.18536434361,9,0.15305638105960087,Q2_Train,1
46,92952.43311643598,12540.758105962243,9,0.26479772963124026,Q2_Train,0
24,54639.428201035415,38504.31657336463,10,0.08102362799904254,Q1_Train,0
19,105964.00576723932,15112.824686995606,13,0.25614764621256325,Q1_Train,0
38,46606.935328856096,16518.322980207413,6,0.07162450216404942,Q1_Train,0
59,40002.702662597345,46569.18737779102,11,0.5817348687633198,Q1_Train,0
53,69808.87347111737,7108.295365902344,5,0.398904165066341,Q2_Train,0
59,251505.60007165803,26698.9998978578,14,0.10334833222378258,Q2_Train,0
40,85099.65424530828,22761.6981263997,8,0.14816534362931438,Q2_Train,0
67,128221.16468946268,30381.523714751802,0,0.0793820483623097,Q1_Train,0
19,26377.14431087706,11767.289305459944,10,0.11834220316204129,Q1_Train,0
20,28791.536343577765,51637.28866831199,7,0.5132161998853162,Q2_Train,0
67,100416.15099663954,14547.078071034994,9,0.4428881298350957,Q2_Train,0
52,38535.79941166038,20797.389253382433,8,0.2768187480835797,Q1_Train,0
32,38724.66058512429,9897.941946115188,3,0.13014534768628677,Q2_Train,0
28,46588.55402646876,16648.900498109542,11,0.565145434360555,Q1_Train,0
45,26966.993547009366,15105.823748043795,12,0.16769811538141452,Q2_Train,0
49,62392.39991400296,14801.300117230323,3,0.5571988674251795,Q2_Train,0
37,152599.7795850001,8279.57324860245,0,0.2587036473703611,Q2_Train,0
42,38117.880398237336,20746.496242703113,1,0.1893312683961664,Q1_Train,0
28,72844.34866639641,6541.2793337735875,7,0.16076519914628548,Q2_Train,0
36,38949.89887543599,11071.428743445353,4,0.09362199382074828,Q1_Train,0
45,49985.17445928117,62764.13251857178,12,0.2064603450634628,Q1_Train,0
22,79126.55092227156,56012.718482254386,13,0.1285774855214584,Q1_Train,0
27,127398.92507494944,6660.802254937464,0,0.08262873025165543,Q1_Train,0
63,108754.95602604038,13690.265815978531,12,0.25053682559360807,Q1_Train,0
53,72756.66277762881,28226.729107148978,0,0.10879260241049557,Q1_Train,0
35,158946.83598155787,11395.893270072564,1,0.10389049688665232,Q1_Train,0
22,119001.25357973891,11063.988810904864,14,0.125012649689187,Q2_Train,0
37,59581.25333691888,6438.635895295391,2,0.17154462844366358,Q2_Train,0
19,82745.85454436662,33781.5221648032,14,0.4326578216734252,Q2_Train,0
28,187161.38303697263,13227.038684749032,10,0.1515328294881255,Q1_Train,0
49,111622.56955173892,8330.175595268362,1,0.16490752566011938,Q1_Train,0
67,62261.064875878474,8910.081725675202,9,0.3615724944824713,Q2_Train,0
34,52709.93851934493,21356.514271212174,3,0.07652721976160097,Q1_Train,0
39,68034.495998953,8046.3306775788915,11,0.24877689670795033,Q1_Train,0
34,37216.91207593141,37054.02140581712,3,0.26161170506048953,Q2_Train,0
49,66054.82279911327,39927.96473699463,11,0.1525194836500137,Q2_Train,0
23,47159.30745055004,20707.21436103786,10,0.16385092923371425,Q1_Train,0
26,57747.75780764248,11856.675621297774,2,0.3652354900328213,Q1_Train,0
38,69050.8357127076,5217.265657002493,11,0.40567651994349435,Q2_Train,0
29,113255.86065523942,26638.107689384025,5,0.4909013975203436,Q1_Train,0
48,51048.88790699297,6138.406433381777,8,0.3211168822922156,Q1_Train,0
48,52423.77190536031,16855.856109888526,5,0.19689284989163713,Q1_Train,0
42,65291.548813868925,7260.238015064699,7,0.3711871468778333,Q1_Train,0
22,171980.23246528915,6343.557813971632,2,0.24342366670840326,Q1_Train,0
26,22546.49796473743,15073.663384990792,10,0.3814727706652616,Q2_Train,0
32,114561.09280630622,8559.558103093374,11,0.03673502976700951,Q2_Train,0
53,23750.4701312225,6082.733152984038,14,0.5805582573635016,Q2_Train,0
24,29278.157550018692,18223.276823013217,5,0.26502590535278014,Q2_Train,0
25,30178.30231794669,22551.291748095937,3,0.14167742700304717,Q2_Train,0
64,49300.95868911677,18478.715982598107,5,0.34915246283157125,Q1_Train,0
68,46529.94529904978,8553.468510290482,7,0.36702851297569233,Q2_Train,0
32,22462.81294730547,34684.56298028078,6,0.24047214458738625,Q2_Train,0
23,114064.49824787273,9546.829925670201,2,0.055338718774960896,Q1_Train,0
59,63690.611097015506,6760.914325228727,7,0.2192983425633569,Q1_Train,0
48,41494.20805995952,37710.29582885847,2,0.16513968274075608,Q1_Train,0
32,89285.80549659948,24648.48495694915,12,0.22120787810025577,Q2_Train,0
27,34690.988777751845,16832.904873303436,12,0.49715812899445616,Q2_Train,0
20,107749.44893297751,33096.28737431024,13,0.19575927538712454,Q2_Train,0
42,33287.6560531899,16182.087208592802,1,0.2694201015002165,Q1_Train,0
37,75920.88324784776,25209.97174698001,7,0.6419569708983237,Q2_Train,0
46,47990.150253315245,18444.64279822508,2,0.3024013918694029,Q2_Train,0
39,50464.35734752044,6083.687392520778,12,0.419719666442376,Q2_Train,0
67,28544.106920315833,7203.161663341811,13,0.39002907714399704,Q2_Train,0
32,46784.49651875021,8203.922617422426,6,0.45408815864725377,Q2_Train,0
49,41254.92148204101,13385.333597915394,14,0.1518827486669296,Q1_Train,0
30,76017.36367420648,31714.788681072983,5,0.38931481951186114,Q1_Train,0
66,24360.24310386184,13952.761818401625,2,0.3079128895203376,Q2_Train,0
38,76494.88007333357,6899.12068173075,1,0.5111643240309288,Q1_Train,0
21,45435.337235378625,18286.806178381572,1,0.17795278879131757,Q1_Train,0
32,90420.96479274888,5478.524880488876,1,0.17042076098151518,Q1_Train,0
23,96801.52260914304,11590.306328699251,5,0.19461855696994962,Q2_Train,0
24,191135.4537955044,16607.380555419128,3,0.35479420366931586,Q2_Train,0
36,126213.83864921128,7327.871103170277,0,0.5118727648720472,Q1_Train,0
61,50219.771807409496,9338.61074711892,2,0.5190944010704351,Q1_Train,0
18,63317.739181270976,13570.655513750558,14,0.45617166879325727,Q1_Train,0
56,83014.17652292081,17391.417153006965,9,0.2445524055340558,Q2_Train,0
36,41485.362621011765,33863.68550945277,12,0.31003353601913264,Q1_Train,0
62,100281.78250427033,10146.088031135787,10,0.15801667930020227,Q2_Train,0
43,48716.411440767326,35810.20620765852,13,0.3772403773116665,Q2_Train,0
29,34700.696818016375,13502.393605702033,3,0.20775359083964484,Q1_Train,0
39,20572.164082298183,12573.022843932595,5,0.3519787479534655,Q2_Train,0
45,50063.88360805779,9335.588064599819,1,0.08076875504269347,Q2_Train,0
39,53433.69087557191,6399.889789514307,9,0.028677715398209614,Q2_Train,0
47,29230.399159079054,51626.13794697209,2,0.2662414516327328,Q1_Train,0
61,69678.72821703354,15487.954329414992,4,0.049275036642048395,Q2_Train,0
37,49443.464524531795,107257.82073340622,10,0.49712927394270895,Q1_Train,0
61,29384.280998887756,19044.873998633037,11,0.11322763168700636,Q1_Train,0
44,46546.225260081796,6876.682381883952,6,0.13811118931208408,Q1_Train,0
59,72935.47220994325,8224.261302749903,11,0.22812929309840296,Q1_Train,0
51,20713.223044538918,5010.7257607457,12,0.21275063272941816,Q1_Train,0
61,21143.388509446173,10304.83609254166,9,0.3538092674340231,Q2_Train,0
54,32157.23120087733,11622.843683460178,0,0.15741599956707086,Q2_Train,0
18,39831.707765066385,10366.49536678517,10,0.1634059668278256,Q1_Train,0
62,372172.4021413624,37218.18724375848,9,0.2260808978425863,Q1_Train,0
49,23022.588516581698,70710.62395662893,9,0.14934491773290007,Q2_Train,0
22,54100.800264776335,14704.605775382302,5,0.3029803834650581,Q1_Train,0
53,23156.47425736242,18429.85396639417,9,0.2528758687417473,Q2_Train,0
50,57741.815412876414,26095.479276748672,12,0.24544074870971633,Q1_Train,0
40,53691.753645152145,18085.338524203184,2,0.1402799728565288,Q1_Train,0
57,20317.312422967483,19460.504949165974,9,0.08282654478683071,Q2_Train,0
51,56678.16571232916,7467.153201670678,13,0.26727896836559817,Q1_Train,0
41,66532.63629363509,12591.47731080601,8,0.321308549935593,Q1_Train,0
34,195494.37907271058,11378.649101364263,4,0.21366652885294538,Q1_Train,0
24,57425.5226378841,24243.09628937521,5,0.5352407983714182,Q1_Train,0
45,24450.619975404392,12712.698688819055,6,0.10040455250125231,Q2_Train,0
67,72155.44937504672,13169.076615552356,8,0.035660919010875015,Q2_Train,0
38,33494.29842454013,15451.539594116995,5,0.1486275102394389,Q1_Train,0
55,144923.8615775325,15065.084525270951,10,0.04586140169839204,Q1_Train,0
19,23535.148761484506,17103.887068046788,6,0.3017129568066099,Q2_Train,0
38,37704.29877405841,26062.321006576414,3,0.0779538458085977,Q2_Train,0
21,22615.0402814367,20083.108919688722,11,0.18133591898571474,Q1_Train,0
36,47917.1802762172,6252.3770186720685,10,0.43746336371867384,Q2_Train,0
19,74261.14434742775,27153.23975977711,9,0.15112591955519483,Q1_Train,0
43,33341.09661958929,25884.83048885084,1,0.5711042343970621,Q1_Train,0
51,51040.31801970607,24298.50041218087,1,0.10078186858315796,Q2_Train,0
24,58739.828417773264,8809.586086928091,0,0.1348319417734078,Q1_Train,0
47,50613.847124479726,7169.174748393592,13,0.42675268885917195,Q2_Train,0
61,81150.95379815315,11289.922777504129,10,0.16963603402364288,Q2_Train,0
52,20482.19364431592,24816.56450669001,13,0.23088706791566482,Q1_Train,0
30,39037.19587136311,6121.030648515182,5,0.12992076222971227,Q1_Train,0
63,28259.882491770164,15970.297762402655,0,0.3384557817990375,Q2_Train,0
26,61092.87115977837,8880.454164996234,0,0.3484688994308074,Q1_Train,0
62,29252.23877849443,5697.833445811638,8,0.14274117564104358,Q1_Train,0
51,85470.01159722141,11238.737242478357,4,0.23650832416068304,Q1_Train,0
66,22503.952468991796,23204.30512661022,0,0.2238539427639705,Q2_Train,0
62,64543.00186436273,22191.30947602003,5,0.23065236147390977,Q2_Train,0
24,24723.96322879271,10960.38181386116,9,0.6554218743904497,Q2_Train,0
58,36572.95898106824,23537.50785737704,12,0.44474655761917636,Q1_Train,0
63,24007.023175241105,24085.372801976388,13,0.18541050653533805,Q2_Train,0
32,42577.87087172268,24530.71747684109,0,0.3425956321003191,Q2_Train,0
32,37255.94903492673,15425.562031558806,3,0.3612722896024733,Q2_Train,0
68,28555.70688389815,8966.886823437468,9,0.1487355072808339,Q1_Train,0
63,49857.27912191255,46858.501468049086,14,0.21761414501225887,Q2_Train,0
68,37359.1658473658,8101.051754024926,5,0.39500783678465046,Q1_Train,0
33,39383.921977580074,12902.317536022663,8,0.36927158319981435,Q2_Train,0
37,101161.70545190558,8401.289889544012,10,0.27105889117791365,Q1_Train,0
41,198347.03526666603,5287.044017944972,0,0.36187565849531245,Q1_Train,0
23,34658.47010773136,13164.69495813131,12,0.5939930698840018,Q1_Train,0
52,47245.87323370077,26345.32892697012,7,0.13909977228485948,Q2_Train,0
46,74730.68600137747,26919.488950165574,12,0.2601154789877166,Q2_Train,0
28,51399.06928362776,5199.084224881099,9,0.10083733110629442,Q1_Train,0
20,143886.86767960578,43299.02981549405,1,0.20360489859756156,Q1_Train,0
45,98018.29544809058,10668.796232441227,7,0.2252967822265484,Q2_Train,0
27,38497.27153416004,16226.01843883522,8,0.25402879427678426,Q2_Train,0
50,182279.2087120962,18123.096679077156,13,0.09414653684657022,Q2_Train,0
65,46811.749212160445,37437.665831042395,7,0.3629967057272444,Q2_Train,0
27,104307.45374737855,64473.62671690659,5,0.25579869702296154,Q1_Train,0
50,104995.68696842923,16273.384143536276,8,0.1785355599914875,Q2_Train,0
20,69579.49819030284,14879.743930002125,3,0.2011390063857608,Q1_Train,0
22,201907.9813625246,5681.2982174103745,12,0.16532566792978087,Q2_Train,0
29,33155.79194819412,7370.784402174866,14,0.23990316545969578,Q1_Train,0
30,58205.05808941357,24389.746664281385,5,0.28541923545986647,Q1_Train,0
41,32517.40120035757,6273.102270714464,4,0.3010235255890501,Q2_Train,0
49,91339.51023686664,65564.68368282661,8,0.45726491414353837,Q1_Train,0
49,43547.08570069326,17729.3313744548,14,0.18771455929951708,Q1_Train,0
62,53201.85630380375,5956.406410184974,3,0.22240522457493966,Q1_Train,0
54,55382.076190989086,5220.902329089076,0,0.4992355293119222,Q2_Train,0
38,75530.49720659335,10943.048090140159,10,0.5376495888339035,Q1_Train,0
64,78970.51081525272,18986.048125294292,8,0.13672943137980906,Q1_Train,0
29,27675.098443408486,8299.980627552799,10,0.3946380047035701,Q1_Train,0
68,30305.199105641084,13347.676641357419,4,0.08949075416841708,Q1_Train,0
38,132434.27001220672,27250.474293075833,10,0.20637844548987402,Q1_Train,0
60,52968.7817803498,30812.88053577636,6,0.3701714962845844,Q2_Train,0
23,26109.983852402635,10159.605270297934,8,0.23742703500491352,Q2_Train,0
18,52404.90965313819,12481.227962349603,4,0.11889737993902148,Q2_Train,0
29,20509.79778139872,58910.4698953847,2,0.48280958798355206,Q1_Train,0
31,21621.50462105605,12786.92288524471,7,0.21334732360776695,Q1_Train,0
23,22856.069889755843,12560.323123451959,10,0.20397778761852137,Q2_Train,0
18,58624.15637482365,15444.309985571983,0,0.10629792194681414,Q2_Train,0
39,40480.29819933648,5387.500343761588,3,0.08880995026687792,Q2_Train,0
51,131794.96646787808,13117.424124441608,6,0.287480544762502,Q2_Train,0
28,60962.04334736946,31465.784903193246,14,0.23876515800747655,Q1_Train,0
19,48617.75228447883,7607.372062371074,13,0.26559155603426177,Q2_Train,0
48,61422.413551509904,26008.252058936436,13,0.3812180616886743,Q2_Train,0
43,43684.211570958876,18780.779549387065,5,0.26477774042340513,Q2_Train,0
49,29906.88789985869,84155.87927371274,6,0.08072826356074181,Q1_Train,0
27,54195.28496502586,20960.572072639687,3,0.42230877308870235,Q1_Train,0
23,175703.1358449479,81531.38390507725,0,0.04047875355766199,Q1_Train,0
45,20449.42750703505,23808.91877699347,7,0.2585154466117239,Q1_Train,0
66,24873.87175251089,10314.329504243564,5,0.039539879220624276,Q2_Train,0
31,24834.51287709064,41448.16672341358,0,0.4093549950174666,Q2_Train,0
49,116327.97764665415,10485.47401986178,5,0.11840387386131296,Q1_Train,0
66,196784.76299075232,11629.242153172974,3,0.4610044794776466,Q1_Train,0
51,81288.02446575333,33098.47490884201,1,0.4528027706568172,Q2_Train,0
58,71847.34636626311,10025.25158719562,11,0.32792139530428693,Q2_Train,0
61,148521.0295020282,37787.768214896256,12,0.5004633179476377,Q1_Train,0
24,75691.86852937506,31966.080225688496,1,0.12664144985522754,Q2_Train,0
38,48063.599838465394,14169.327978002519,2,0.7461088070800901,Q2_Train,0
33,70483.76937169631,34775.958440620096,9,0.36739258281266923,Q2_Train,0
60,106053.85765228466,13942.734045165429,13,0.23844539326124858,Q1_Train,0
67,21111.976422680054,8574.91983215991,2,0.34514702237571043,Q1_Train,0
36,43048.62285306654,14430.921843111853,4,0.10890292818812457,Q2_Train,0
32,68024.23464455499,5400.8126723550895,9,0.1835257376942037,Q2_Train,0
22,23438.675278331124,44452.79592764541,4,0.020660260768400034,Q1_Train,0
28,21124.65667470484,35768.386783484166,13,0.14598735226423037,Q1_Train,0
32,48712.497490724636,12478.996953870523,6,0.11561590089257029,Q1_Train,0
67,21558.98234687037,6073.177432178277,10,0.575547962334219,Q2_Train,0
62,114539.86247624249,6971.938104983612,2,0.3208648681684117,Q1_Train,0
21,44215.64665785615,18820.397469293428,10,0.6684254472656137,Q2_Train,0
66,26291.509242425233,24859.215812066162,2,0.08857962276380181,Q1_Train,0
53,61908.38506450617,7551.543265537737,6,0.44220471554382595,Q2_Train,0
65,172204.71596458965,6795.111479411817,13,0.2793504959158922,Q1_Train,0
32,78019.2927167803,15916.773114866572,5,0.26858670291315817,Q2_Train,0
61,100307.19773557535,24363.620697843897,10,0.2643838801185288,Q2_Train,0
20,23796.489992154846,14123.188566657078,12,0.3942202944193274,Q1_Train,0
27,169239.18727394188,5237.997028646247,13,0.10611013114908695,Q1_Train,0
57,80307.46422049424,10697.162946102038,3,0.4536199596577949,Q2_Train,0
55,110529.65378423396,5075.710288609037,13,0.3126786197764905,Q1_Train,0
39,53232.81644894373,43625.223706857345,14,0.35485912403281705,Q1_Train,0
34,76387.51893861091,7986.280956883196,10,0.22842311974554647,Q2_Train,0
32,105684.97036432986,7768.091407980086,2,0.521550533228383,Q1_Train,0
18,41413.96405513219,20799.62760154719,14,0.3144539638659859,Q1_Train,0
41,133050.7507200755,10730.868151652536,11,0.2683604273377958,Q1_Train,0
29,40018.92550034715,31868.548845890422,2,0.3330103834696719,Q1_Train,0
27,26280.319659414625,8612.554753318014,2,0.28875825405223177,Q2_Train,0
63,68560.27818905888,6112.094406823911,0,0.18130173864120652,Q2_Train,0
59,50347.43150314716,6065.061746842353,14,0.26002689081675945,Q2_Train,0
59,147359.8942937583,10359.273240012153,14,0.24134475786811987,Q1_Train,0
28,24094.88916955179,24568.409789153895,4,0.34932571755281205,Q1_Train,0
26,91171.63004692782,22276.542928188574,9,0.32701554093783775,Q1_Train,0
64,83644.4042051855,8023.3005645191415,11,0.24727575449087416,Q1_Train,0
31,41935.78061925937,93134.7943858765,1,0.7051308962778868,Q1_Train,0
53,60173.45996106814,40036.99349389037,10,0.5702371119370447,Q2_Train,0
56,28565.50259985226,6262.181182097613,1,0.640219423829925,Q1_Train,0
25,42800.03852094356,11392.617153841911,9,0.13295791218374586,Q1_Train,0
41,154995.78600364743,6509.38452246665,10,0.44193809458485667,Q1_Train,0
25,57722.94788296521,37519.78407474585,0,0.13937802879281747,Q1_Train,0
64,62895.557372151314,49554.67676867631,12,0.09618780302723678,Q2_Train,0
39,22937.125147647814,13821.75615773005,3,0.24047831995882932,Q1_Train,0
26,95858.52314883821,36873.2737384021,11,0.29633423317748886,Q1_Train,0
61,81116.43035516882,20260.191224060105,14,0.43065352803981427,Q1_Train,0
65,57489.51506689813,100808.93628725054,2,0.21634164042497284,Q1_Train,0
21,39755.29080620705,40416.99630898056,6,0.665080933016511,Q1_Train,0
18,74860.87448620153,5077.770824610352,13,0.1221952418966592,Q2_Train,0
45,63242.635885661206,20501.05678725155,4,0.25320298805655117,Q1_Train,0
23,48767.36372976958,42112.33713431704,2,0.22764673953477293,Q2_Train,0
53,25711.93105627051,36106.91167315043,3,0.4519877458614417,Q1_Train,0
22,86261.10022152416,6547.438623075435,5,0.5634202111390755,Q2_Train,0
41,35771.135929511285,15176.658101002764,4,0.31083087047802815,Q2_Train,0
37,64989.23959444289,26260.849361241508,5,0.34052069799003876,Q2_Train,0
30,51087.954100947056,5294.842393699358,1,0.11610353348936664,Q1_Train,0
22,187298.42698655516,11391.218829233188,5,0.25880628653667254,Q1_Train,0
47,73919.25789042599,13562.637252213943,2,0.33487152438074025,Q1_Train,0
35,94404.58184339905,7740.479009455271,13,0.25348901817185127,Q2_Train,0
63,47525.99491268252,11944.278208372416,1,0.185410220468665,Q2_Train,0
22,38519.385777018135,30518.69649127425,4,0.158947877463537,Q2_Train,0
48,256741.6056202948,26366.640800414716,13,0.19060064060501505,Q1_Train,0
23,157160.92182985586,5152.488420755439,7,0.09068363722551581,Q2_Train,0
44,161988.05059157126,5145.34108067057,8,0.16114844547361074,Q1_Train,0
42,27059.318275396057,6213.212908175694,12,0.2796489942740582,Q1_Train,0
29,86747.2860564452,14716.753511929832,8,0.2623000175647063,Q2_Train,0
37,114745.25369813039,5624.0138049056895,14,0.8233661413421873,Q1_Train,0
35,146765.7796027435,5308.038124181315,7,0.29904804231688037,Q2_Train,0
62,36804.813132516094,5361.69976589284,12,0.27189648928498966,Q2_Train,0
44,41730.87305345484,9799.268927512881,11,0.615069703320517,Q1_Train,0
34,34324.069657994434,19460.600645538856,10,0.11121616925622786,Q2_Train,0
67,85170.09139743686,20296.55311608038,2,0.3552741504705233,Q2_Train,0
57,106739.78897985599,12469.770501298191,14,0.28267791209752025,Q2_Train,0
48,23416.299874029603,14405.415046107575,10,0.5773391567398998,Q1_Train,0
20,23192.117226957,8480.602366695457,8,0.07567129037812916,Q2_Train,0
34,36806.08110721371,5577.330535495771,8,0.2930879929141902,Q2_Train,0
43,63510.17201239226,22232.04392741112,9,0.35887980764469385,Q2_Train,0
40,76266.02136673735,26820.492722483894,9,0.049446043352286924,Q2_Train,0
23,70275.49941788934,18466.816572471747,13,0.18426954451604935,Q2_Train,0
45,42107.546720630955,12493.36380400085,8,0.31592261750956946,Q2_Train,0
25,54497.39863571418,18124.92145399379,3,0.3535732835133031,Q2_Train,0
62,71081.28871283791,23311.122633801104,8,0.09726973673624328,Q2_Train,0
55,130589.78034642691,29367.035045135526,0,0.3924718438646377,Q2_Train,0
46,40952.32418522661,5983.707825642782,7,0.2144308832583189,Q2_Train,0
64,34450.13068828237,12469.649011425157,5,0.09443395252832765,Q2_Train,0
49,22126.607776451747,16875.374534562507,12,0.4269820688937928,Q1_Train,0
44,131504.8704367725,13344.249848050737,9,0.35093943319554655,Q2_Train,0
18,34580.43316644251,10258.1848432488,8,0.3785656881507348,Q2_Train,0
56,140361.61228242592,17457.89784310302,2,0.36497978580326573,Q2_Train,0
62,22512.008444823237,7374.532793734315,12,0.3338517828254087,Q2_Train,0
20,21416.096292470313,27563.74694740622,6,0.26873393917702754,Q2_Train,1
54,24164.348093878143,26907.800522139936,9,0.07233707804408386,Q2_Train,0
28,83330.86995765992,50013.05771966725,4,0.2814883689525767,Q2_Train,0
39,100793.51743494335,12939.569399436576,3,0.5598327614171736,Q2_Train,0
35,63856.295631495406,63618.19389723734,0,0.5120551320066348,Q1_Train,0
52,74464.40612954897,6055.013837770239,3,0.2278557540566515,Q1_Train,0
20,76862.00413291372,14619.086660021745,12,0.3626846368613447,Q2_Train,0
22,211253.04095053498,10126.669000983617,12,0.07793842320949207,Q1_Train,0
45,185311.5551134168,9291.443740655897,13,0.11175757281009306,Q1_Train,0
30,102045.55480167078,20402.813782628324,0,0.13581383571400826,Q2_Train,0
55,51298.94588712284,13979.397776250622,10,0.10645581435277407,Q2_Train,0
60,49327.74907852951,5818.922858065587,5,0.3891579685297432,Q2_Train,0
38,88824.68484139908,26733.79299146923,1,0.18060985380072433,Q2_Train,0
44,28010.692942892023,34321.40935493599,12,0.3590702989243112,Q2_Train,0
63,51395.688122047126,29878.21007406478,0,0.2502834696655844,Q1_Train,0
23,21824.57380947409,24958.132707640878,10,0.061952000863436246,Q1_Train,0
66,23007.529919203334,33367.34653600247,14,0.3904998906647956,Q2_Train,0
28,24566.788285150775,44441.15513846931,9,0.2538455574074697,Q1_Train,0
64,113160.53339142744,24666.62429912924,14,0.24900043534130634,Q2_Train,0
58,49255.47940503416,30739.249643312458,2,0.08701311425580525,Q1_Train,0
34,31218.195316494093,10119.580979949766,13,0.3009533418983276,Q1_Train,0
56,64896.09580995604,21579.98492564619,5,0.2706887483101924,Q1_Train,0
38,137913.91144063143,17985.97478015534,8,0.3384841406804066,Q2_Train,0
18,89206.43502330406,27911.578061278087,6,0.2287068843281658,Q2_Train,0
25,24646.565117678372,6463.65301937784,14,0.22303460645906242,Q1_Train,0
22,34028.9658717054,20084.12462940508,8,0.10839728612032021,Q2_Train,0
47,140319.7554097599,6242.608059467194,3,0.2758208767688891,Q1_Train,0
25,131330.3478568606,9601.287806950031,5,0.3882515156971385,Q2_Train,0
66,29076.031816313734,9725.487934325727,9,0.1487358887707328,Q1_Train,0
32,88378.9829819096,12957.982071150675,10,0.13117177752076542,Q1_Train,0
31,131660.71266487867,73249.56371961975,13,0.4753310596559675,Q2_Train,0
54,46784.95058385769,27645.849266598678,4,0.4387183058207243,Q1_Train,0
56,84020.78264626744,16473.05383579806,6,0.16740019308935508,Q2_Train,0
30,21637.25701324664,24492.68304518805,7,0.12890558919742792,Q1_Train,0
33,59552.30850917624,21860.8115106887,14,0.38837531627335814,Q2_Train,0
61,247253.76268267902,9707.352193418783,4,0.3304804532218934,Q2_Train,0
24,54281.218849058314,16457.93687177992,9,0.20745797223166856,Q2_Train,0
52,122128.85829259975,28897.01744246418,2,0.17623693260730525,Q2_Train,0
32,48240.6123251312,8795.088937563809,3,0.484538800438078,Q1_Train,0
52,24278.869615447366,12701.508355053727,6,0.23824306328518116,Q1_Train,0
63,112727.08280636108,17723.970476312054,12,0.23955050834246366,Q1_Train,0
67,153917.97240360556,12173.02521899367,3,0.3734632413976599,Q2_Train,0
63,107549.67042197289,10915.009963814176,8,0.2972568189125109,Q2_Train,0
49,80446.89331030077,25410.074523886098,9,0.3276187852593767,Q1_Train,0
55,93274.04317588767,6046.346983833848,7,0.37349709156652866,Q1_Train,0
57,55190.486442491354,29250.36387148943,2,0.05972075190347001,Q1_Train,0
49,50618.75419362654,7959.482483694315,1,0.21516524807731158,Q2_Train,0
43,28666.71451108763,70204.16378304499,13,0.27878265562151167,Q1_Train,0
56,112835.8052347508,35436.576624368536,3,0.10853178459196751,Q2_Train,0
37,22281.98530934869,41672.689645084254,13,0.1744254864573628,Q2_Train,0
35,35560.7828000117,27009.338549798176,12,0.1966481786091102,Q1_Train,0
67,56689.7248445463,23608.348874993393,3,0.361779517307609,Q1_Train,0
32,198064.98377660837,9204.388009282262,6,0.22320553129024942,Q1_Train,0
69,97082.641704162,18242.78185954725,13,0.3932905762279119,Q2_Train,0
68,82579.15158441002,10096.979040139431,8,0.24065296542993517,Q1_Train,0
39,153950.83024695603,12620.143864983005,9,0.2647243356642892,Q1_Train,0
38,58705.22256579153,49076.19250245599,1,0.09756997441877578,Q2_Train,0
57,60259.08168207001,10683.380403582061,2,0.07951100081871323,Q1_Train,0
35,138945.674484057,11263.248153765977,2,0.3104764767876214,Q1_Train,0
30,81121.11647394989,7397.815409202871,11,0.5301769592082372,Q1_Train,0
58,64469.306494253986,18943.9258441243,9,0.13072879547811497,Q1_Train,0
26,194460.10005490694,25275.239332172183,5,0.2717335180915942,Q1_Train,0
24,36643.39853340229,67805.36465142711,7,0.37507435881835954,Q2_Train,0
21,65455.10363634953,6308.13190141159,8,0.09929921068016005,Q2_Train,0
49,41459.268458393635,65856.11253854417,2,0.18442149865426974,Q1_Train,0
67,103814.33698290777,5171.524312390895,3,0.3367158537337965,Q1_Train,0
68,95072.91163657284,8541.490073161389,14,0.23490496824451776,Q2_Train,0
42,115043.02860705517,25586.950447831154,11,0.17392511177164868,Q1_Train,0
59,23929.937638645504,5189.594060407504,10,0.3648293283139423,Q2_Train,0
66,44986.97041115601,24701.19696954595,3,0.24382097596966737,Q2_Train,0
38,31313.27207992176,17035.56497690607,10,0.098868122288357,Q1_Train,0
40,65214.114659776875,6163.321579307261,11,0.33697390130794463,Q2_Train,0
49,42580.04336949637,35969.08236537862,2,0.21729152204723312,Q1_Train,0
25,29123.373475182903,10866.052917015651,10,0.23123582178385074,Q1_Train,0
48,80213.04438494216,18204.928521660644,5,0.8238223457743261,Q1_Train,0
54,110641.48780727152,23660.051497291224,8,0.04639014839214836,Q1_Train,0
33,35992.53708644559,27543.312860862177,2,0.1875833001100173,Q2_Train,0
44,57528.44763768727,6864.655668444617,2,0.34656450987704757,Q1_Train,0
57,108979.79721137753,16187.743305225335,2,0.41396292667487644,Q2_Train,0
35,50868.39479990001,12819.986307011048,12,0.1942029673489476,Q1_Train,0
52,28765.51685375401,11806.43527472396,0,0.14445883431155934,Q2_Train,0
69,20778.28128921734,12608.695864511068,13,0.31498104392230375,Q1_Train,0
32,140803.96759831414,40642.21089686638,0,0.15562907635688336,Q2_Train,0
19,30101.502747323368,20325.41638502571,4,0.14238098878739536,Q2_Train,0
66,24100.308843091563,25155.4390175611,7,0.41201841286077645,Q1_Train,0
67,162904.35122527793,28485.62476993902,5,0.23150685170447724,Q1_Train,0
48,38482.00010834087,22759.58950543643,0,0.10495020843050969,Q2_Train,0
58,70752.11773281425,11020.510017176995,13,0.6098476635427847,Q1_Train,0
51,90005.30775866016,5578.483837330223,5,0.3535643303055943,Q1_Train,0
51,25573.617017083652,47984.24252899083,7,0.5892354208129951,Q2_Train,0
68,115604.4623582918,8267.214770749702,5,0.17251711044935222,Q1_Train,0
55,101396.69859349228,12607.730224833254,3,0.3052835252603809,Q1_Train,0
65,46600.286221563234,9521.363464587463,4,0.14363548871668388,Q2_Train,0
21,83573.38519266335,9321.335919794315,3,0.21186903582190733,Q2_Train,0
50,111308.51900490731,13811.616824565655,10,0.33244813207307033,Q1_Train,0
34,246370.44022622798,19196.146835384927,3,0.20048577092604272,Q1_Train,0
45,26188.374587264403,10840.8528800245,13,0.03564671954845386,Q2_Train,0
43,102136.03985539067,24135.20071899528,12,0.34630793882600375,Q2_Train,0
25,24512.839412917307,24257.426036413035,10,0.2182934394174983,Q2_Train,0
51,58911.41005498231,29415.440330641646,2,0.21747792627969093,Q2_Train,0
35,117736.73417385218,18510.016399088774,8,0.111351676261753,Q1_Train,0
57,92791.0526224619,6382.196070283164,10,0.1578930567354646,Q2_Train,0
29,26801.073237806384,26012.988130253358,2,0.38985383052882383,Q2_Train,0
39,94110.37564974559,11021.893756263287,14,0.23763577263980312,Q1_Train,0
28,31951.353158145746,37234.60136000371,10,0.4915597831744455,Q1_Train,0
37,75837.48201135886,13814.233870185939,14,0.2720917071498583,Q1_Train,0
18,31313.187281350358,7941.619250111402,3,0.14857676975397882,Q2_Train,0
44,105266.41435764829,11482.467246038817,4,0.1849138517036597,Q2_Train,0
20,178487.02523011033,5251.376789155896,5,0.15195343077347528,Q2_Train,0
54,65578.01701639441,9059.308828804456,6,0.2631653445910797,Q2_Train,0
59,57147.05543437813,13188.335950828276,12,0.2748151638862483,Q2_Train,0
21,75440.33564893916,19950.178826569685,10,0.5061107341996282,Q1_Train,0
32,34416.79557382322,7525.783416567176,9,0.042606159876943175,Q2_Train,0
44,59393.128262890656,17992.189449895486,0,0.3252910933627918,Q1_Train,0
48,236646.1351484223,55933.58843658459,5,0.41905149755541743,Q2_Train,0
64,35699.54608650655,9741.325567023092,10,0.548241441245057,Q2_Train,0
25,42991.720420779304,12028.272116909755,2,0.5347619437186454,Q1_Train,0
47,145439.63262495145,6842.590319766599,5,0.37943629452046435,Q2_Train,0
59,134283.92705548037,10333.975426103445,5,0.2545512049169,Q1_Train,0
21,108383.92733176186,14729.457387111359,3,0.34120036079841165,Q2_Train,0
64,37663.17453465122,13198.71219524185,11,0.7041481458304293,Q2_Train,0
60,59241.54472239795,13482.903909936991,2,0.31932303639524706,Q2_Train,0
20,348215.0485550892,76133.61875386498,11,0.4294014593423718,Q2_Train,0
52,33835.98958064275,25887.716375621654,2,0.18177502112647143,Q2_Train,0
64,77568.2103384666,11991.60555386703,12,0.0954999979772804,Q1_Train,0
55,37357.972496899456,34560.428884277004,3,0.14328176391302486,Q2_Train,0
50,24685.64257985838,13179.336615588843,8,0.40474806703498417,Q1_Train,0
31,47696.221903922815,46028.93676238605,6,0.2113640646592903,Q1_Train,0
66,56532.72317069379,10140.205910949531,13,0.18258041463468455,Q1_Train,0
33,21042.87481928895,24941.753479146595,9,0.3971894639835174,Q2_Train,0
54,153085.91155894063,33343.37364123446,12,0.5353520194869055,Q2_Train,0
43,31369.22173203276,26914.008154962015,1,0.03467776999561171,Q2_Train,0
37,30574.446276067392,53237.17133445648,0,0.2987435887026912,Q2_Train,0
66,55579.25715184212,16574.230347917677,4,0.5132058546595702,Q1_Train,0
52,88110.03434012031,6964.7201022354975,7,0.14263147400112938,Q1_Train,0
46,20773.593060682404,20040.87879407648,1,0.24664306251445212,Q1_Train,0
29,77589.78829832234,12685.082306107517,8,0.1902449313686836,Q1_Train,0
69,107050.76183195491,77487.9352620382,1,0.04707487833609472,Q1_Train,0
35,57278.21082007015,42363.50938362685,3,0.25482453487466544,Q1_Train,0
61,188483.03310123686,28022.179468723316,9,0.3280625119751162,Q1_Train,0
19,20216.087387847503,8333.604974462607,3,0.07364117308042575,Q1_Train,0
34,40384.85976205093,17734.59224141443,6,0.3800164604763819,Q1_Train,1
27,72555.40208076595,7181.401013160879,7,0.09608438423160225,Q1_Train,0
35,79123.92266532544,28747.863747598567,12,0.10120302375593664,Q2_Train,0
39,38282.10980439603,6356.361616941541,7,0.3081528521764878,Q1_Train,0
41,28541.141177745565,29613.728126485967,3,0.27977348381566497,Q1_Train,0
53,131370.0338872212,13367.904662721772,5,0.1710166261198264,Q2_Train,0
53,44005.62882536532,14758.809420769301,8,0.5162235004464528,Q1_Train,0
19,174688.40271588194,8393.222643391819,12,0.36099193759390524,Q2_Train,0
27,169166.48096606816,7903.479960470408,11,0.6292176167671589,Q1_Train,0
62,41036.56174257435,9381.960242646519,10,0.3227374498114464,Q2_Train,0
39,91693.02411674832,10857.814187010805,0,0.1809070111740136,Q2_Train,0
69,23533.553408082604,13706.769912823172,6,0.1359323318462099,Q1_Train,0
40,96932.86718683469,17280.67131991747,0,0.1254068054833591,Q1_Train,0
32,170462.51971383236,7342.661448784991,1,0.3816318618734019,Q2_Train,0
43,49209.8807098131,21739.780385369653,1,0.2941627762639143,Q1_Train,0
20,28785.182383968502,7554.412982639984,14,0.10967997657658198,Q1_Train,0
37,44987.513457344525,16123.005948650944,0,0.7028173273553625,Q1_Train,1
56,29602.579907076433,12111.135884704574,12,0.369884618090982,Q2_Train,0
25,43940.63970857301,33143.29800231283,0,0.2967950735666565,Q2_Train,0
35,121504.70582397527,29045.301295247984,4,0.40545940706092065,Q1_Train,0
58,85404.68547113286,55612.771505888704,14,0.1804062094011926,Q2_Train,0
44,56067.43619884131,16616.27068472139,2,0.17829812134178769,Q1_Train,0
32,177908.3590920979,55386.979655755145,11,0.37021403187785756,Q1_Train,0
54,34028.08353158127,7887.890552379319,6,0.10118518421378532,Q2_Train,0
22,154871.11319683297,40262.07931095875,3,0.14003894329086286,Q2_Train,0
56,109790.90727359349,22013.58317732276,0,0.4057460679426115,Q1_Train,0
58,117577.64018824391,11350.56341357728,4,0.37029716788147826,Q1_Train,0
27,29920.968540314672,13233.977814155403,7,0.5584950300431891,Q1_Train,0
43,32726.72389904847,49203.98321326508,8,0.045208754062942315,Q1_Train,0
31,30852.671396807145,18183.544285309188,9,0.16807700828002814,Q1_Train,0
34,41804.97136317448,8937.99203919109,4,0.1359379591661761,Q2_Train,0
44,21303.37007257753,82573.77332086528,12,0.1382346102920768,Q2_Train,0
24,83947.30574151038,13725.284610532835,10,0.04176085087254808,Q2_Train,0
26,34232.47545956333,13550.378224216758,3,0.08298011185114014,Q2_Train,0
60,103366.240262215,32438.83517609657,6,0.18670040611939062,Q1_Train,0
52,38641.98749097373,9335.624612280262,0,0.3190773916751538,Q1_Train,0
29,30368.69277138602,6023.974722210202,13,0.24862019614298078,Q2_Train,0
27,84476.17353241012,13317.754727691177,0,0.5346934028778119,Q1_Train,0
50,46114.23520250412,22109.85471385066,14,0.10127472812055408,Q1_Train,0
63,27574.862797445512,14471.811446644248,12,0.3886302583459015,Q2_Train,0
69,87661.36692459296,12558.235704651815,6,0.2146150635586364,Q1_Train,0
23,25455.163999715114,27743.756731914826,1,0.07657835549574643,Q2_Train,0
19,62762.18320137949,6118.405087233483,6,0.16369266537067934,Q1_Train,0
46,66759.04791221555,20856.45169781184,13,0.6280399306000474,Q2_Train,0
57,153213.98814563724,13938.220030367396,3,0.0713760848471825,Q2_Train,0
50,28183.656151160558,11116.219600896777,8,0.37354296964118683,Q1_Train,0
46,45609.18953505717,8712.672322260118,11,0.18956712163236106,Q1_Train,0
37,33314.598172605634,30913.737920137322,3,0.3355901367732339,Q1_Train,0
58,50918.98634118606,73118.24154546771,10,0.24435385430965934,Q2_Train,0
35,22171.917967812,19251.28068142395,11,0.4745231114519291,Q1_Train,0
42,41651.59621876749,18194.192454033597,3,0.6756701346054264,Q1_Train,0
32,24223.832833780005,12548.280552233766,2,0.2642171474659026,Q1_Train,0
65,78874.49934707754,44154.64309322722,9,0.14915449061589908,Q2_Train,0
39,20469.101515092043,15404.547629430403,10,0.432312965065172,Q2_Train,0
68,30764.49336503919,32455.888418586404,1,0.2680066759633986,Q2_Train,0
22,59206.99077745258,13569.70562976569,9,0.08704802051528815,Q1_Train,0
51,32298.191123627723,6085.977674527724,11,0.04908525272412923,Q1_Train,0
20,38708.08426697341,38069.155575119235,12,0.3628941006603549,Q1_Train,0
34,37380.4710351828,17230.539540609047,8,0.2603082385384765,Q1_Train,0
20,32273.964984274622,13023.99869774437,3,0.3149008606589217,Q2_Train,0
62,41021.90483179459,20058.152287714453,14,0.2476102824021203,Q2_Train,0
42,65150.054880651405,25603.481950250472,7,0.1148477924990668,Q1_Train,0
32,109115.4725066386,10116.020072870786,2,0.24016888396376992,Q2_Train,0
67,31841.184930534895,30618.519979321514,10,0.24248565271618902,Q2_Train,0
46,22921.26820091809,13022.850732870531,10,0.25499799040104826,Q2_Train,0
27,87335.74139092524,10808.52658414495,4,0.2859671357265773,Q2_Train,0
49,55484.988601269244,31190.608203922897,11,0.22102343128801288,Q1_Train,0
26,353008.52552271425,16314.683806556253,5,0.4889830252609493,Q2_Train,0
57,59104.91248942484,8758.970153355398,11,0.43764876498439714,Q2_Train,0
31,46894.183913232904,10244.024844234464,4,0.2840929449939112,Q2_Train,0
37,95406.60738185911,33292.59833086245,14,0.4070489972500836,Q2_Train,0
45,83112.9656330099,20384.02014137901,3,0.19119358214647253,Q1_Train,0
51,58257.84722425335,5801.071714193034,6,0.21784338293386538,Q2_Train,0
48,35015.15519928695,9651.449476340571,6,0.06484396862069426,Q1_Train,0
50,50973.72850894899,22052.734702642596,6,0.11629903202847033,Q2_Train,0
69,25460.01829561135,24281.54887325326,6,0.5163896605545123,Q2_Train,0
56,62324.38193594444,10446.457333480594,2,0.10864157705075377,Q1_Train,0
45,26423.96091503121,50758.56455083751,12,0.20386505410927896,Q1_Train,0
42,31188.949250737947,27357.558861413272,4,0.34510001443841704,Q2_Train,0
34,99833.77175247409,10251.3467999337,1,0.31453771388309104,Q2_Train,0
40,79559.32759904771,19708.820784821422,2,0.09543432760757115,Q1_Train,0
27,46523.492766139665,80180.61314948916,14,0.1614089568104892,Q2_Train,0
33,58298.42415462017,10079.101450990658,2,0.23632769152017483,Q1_Train,0
65,29685.680208378348,8809.165196714286,0,0.22312160037415385,Q1_Train,0
58,28823.688253852284,44336.74536742006,6,0.42331190196878604,Q1_Train,0
32,114706.76317851679,9386.182574509869,9,0.15975450201931823,Q2_Train,0
59,110014.22420396016,22820.098279754347,11,0.36372326016190615,Q1_Train,0
34,67874.47191581721,28305.27444761568,12,0.5599627820801304,Q2_Train,0
55,59583.79089980096,24019.295029107983,12,0.301585870734256,Q1_Train,0
32,26919.780042036713,9921.506551646082,10,0.4585776546930929,Q2_Train,0
53,22107.93952714578,26583.33107469662,10,0.14696566727022742,Q2_Train,0
32,22522.507057315022,9656.363395159693,7,0.5532469462180467,Q2_Train,0
63,23112.44734152606,12282.980118083582,7,0.0390052732748608,Q1_Train,0
28,28673.84314427757,7278.831953587656,11,0.14262187066174867,Q1_Train,0
48,41670.63322464311,6245.305178003686,2,0.2894474008563184,Q1_Train,0
21,48546.13330900492,29704.193707916336,5,0.6235810125344098,Q2_Train,0
69,44325.57728786386,9437.55490913486,13,0.1147200690222154,Q1_Train,0
44,33903.29591237878,6166.2711115065795,13,0.2271021157973132,Q1_Train,0
27,62813.009452000144,67858.93872261191,5,0.0542809424200567,Q1_Train,0
47,32113.19380028457,11860.352688437195,6,0.42661105372272623,Q1_Train,0
62,161125.45895265025,7691.375760389839,2,0.144582423606885,Q2_Train,0
37,35004.89501171247,34941.99365211246,14,0.04392485837284903,Q2_Train,0
46,249930.2673550904,24262.55769117735,9,0.20511837508823177,Q2_Train,0
40,103748.44826208256,10290.557866667597,12,0.423434418558317,Q2_Train,0
65,69098.4221365917,20320.487560312416,4,0.1410950893035463,Q2_Train,0
60,63520.23658808887,11361.741874782616,14,0.1817964293066384,Q2_Train,0
27,72900.26788148316,6735.87426099251,1,0.06581501513544975,Q2_Train,0
29,134553.39960277878,51696.62166683823,4,0.13296119612107965,Q1_Train,0
47,35517.854261569504,24030.066041888345,9,0.38558233737959957,Q2_Train,0
68,31212.651570491686,22635.2420431503,3,0.16759812166480115,Q2_Train,0
50,21747.675705191014,16573.444423356876,9,0.187334021210841,Q2_Train,0
18,79337.53732109137,54686.46947577706,14,0.4634202807798631,Q2_Train,0
60,63785.076859543544,17241.1103644686,12,0.15475031669447376,Q1_Train,0
32,186962.22313511855,18138.23962079991,8,0.2948071199598449,Q1_Train,0
53,24971.766901210172,26629.887766354714,11,0.2163840666424352,Q2_Train,0
39,24526.836852959423,30958.209453931602,4,0.16257915454844868,Q1_Train,0
49,27740.32602358467,14376.64381453695,13,0.16231182159277674,Q2_Train,0
63,134244.91831567563,14330.938583610769,2,0.36324982602119654,Q2_Train,0
56,70905.70285200421,8525.613752685511,14,0.16723963659609728,Q2_Train,0
40,50555.067566258665,18996.230144137306,2,0.3407398550511983,Q1_Train,0
60,23442.738384917026,5676.4790579826895,7,0.1785930616958716,Q1_Train,0
19,83850.05040173983,30017.878609493742,7,0.33867329356601095,Q1_Train,0
19,92038.73617480359,30346.9959668118,1,0.2654732526503785,Q1_Train,0
20,46525.91244662061,11542.374876578593,10,0.22635681002659647,Q1_Train,0
24,28966.578665300913,5384.735450747824,10,0.156624643759319,Q2_Train,0
53,34284.19135509529,27228.460439935658,0,0.2735085557175237,Q2_Train,0
54,26180.825202640895,16206.69279409075,3,0.6729121939884447,Q1_Train,0
40,90388.62739514955,44821.58668619323,2,0.14304186146494352,Q1_Train,0
62,43398.52863726199,18662.19628645954,14,0.11437512944299374,Q2_Train,0
33,22626.04836303055,15990.688573876361,5,0.31077887011193794,Q1_Train,0
65,112552.51516958942,9699.553637185103,8,0.1824252655404935,Q2_Train,0
67,35566.83916537612,7411.278964558256,6,0.43649404373433487,Q2_Train,0
35,39473.05409051469,11618.164116915601,4,0.28710741515833205,Q1_Train,0
65,40156.1680153928,22954.986479577077,14,0.4041209506788422,Q2_Train,0
66,55100.247580994896,16414.261719519658,2,0.1762418380339028,Q2_Train,0
61,71810.2994594636,14659.959894857584,14,0.18195278391224903,Q2_Train,0
27,66567.99986638335,9220.833025945027,12,0.43326882710172876,Q2_Train,0
62,64257.01801078815,23088.07021727478,6,0.4286620294558139,Q2_Train,0
51,62070.79147654035,34279.486490023264,13,0.1842989302138655,Q1_Train,0
49,58105.36942657703,18547.264061221344,10,0.5751747739150297,Q1_Train,0
68,232089.8250946337,6875.620818427432,2,0.13152208839504168,Q2_Train,0
59,57915.66677321491,10945.961111003024,10,0.11625857293305361,Q1_Train,0
67,37760.28613048411,8572.796535176743,5,0.4673695475044286,Q2_Train,0
56,36109.99172682054,17132.710054006347,2,0.30207956339454184,Q2_Train,0
42,21713.52083890611,9038.30153751196,10,0.33603356600829265,Q2_Train,0
64,84836.68312831703,8534.800235460682,9,0.055056674109590066,Q1_Train,0
29,80759.27089357273,10280.35423975025,14,0.22080520787370939,Q2_Train,0
69,35897.844947185324,24663.738158585213,8,0.2653479122529978,Q1_Train,0
67,49011.15276949854,22959.308698067034,3,0.13528005256276,Q2_Train,0
33,203845.5930314905,36057.78847286251,5,0.24363461412473073,Q1_Train,0
22,41149.67213400689,6106.4457540557705,1,0.3370497917244595,Q1_Train,0
36,148193.12552260395,15190.359593779727,9,0.0664072424200855,Q2_Train,0
21,139442.54446896928,7419.429608884187,0,0.5010437576376015,Q2_Train,0
23,42694.62467502102,11555.732915445547,13,0.46423722059566636,Q1_Train,0
43,34657.15666505511,21323.858660244863,9,0.2210806169559665,Q2_Train,0
66,93665.78898645427,18806.692401927023,2,0.292538471638316,Q2_Train,0
26,25865.434719818248,28198.1266718219,10,0.6006037661858517,Q2_Train,0
62,44382.492973144595,7248.115415921784,4,0.22176237589261477,Q2_Train,0
31,36664.63631928596,48568.99975522153,8,0.07062485909973083,Q1_Train,0
65,74725.09811086318,6479.760248954783,12,0.30703750746490927,Q1_Train,0
32,34705.64171115826,26756.066536733273,0,0.4144823488091801,Q1_Train,0
37,30176.46094797794,19686.98210144904,14,0.1910558284309131,Q2_Train,0
64,27962.653613132592,9099.287694022303,3,0.39570142317722923,Q2_Train,0
38,90760.33057270374,20748.223423316886,9,0.5878868415717411,Q1_Train,0
36,30991.38280055388,11645.467872780453,10,0.4122570037843563,Q1_Train,0
46,72340.99252297948,42474.756885909504,10,0.33990292020186835,Q2_Train,0
48,45016.682819792855,26519.914628305294,11,0.20332049307667324,Q2_Train,0
23,77149.80477311688,9517.942201307986,10,0.384043115591644,Q1_Train,0
21,54268.55982559347,48067.17920318648,6,0.24642268628848424,Q1_Train,0
60,22466.743574564305,26130.497992235083,0,0.11998131058028151,Q1_Train,0
20,84511.88170415322,5503.301513559857,3,0.20846599318065914,Q2_Train,0
18,26737.851449372334,15186.246151489273,3,0.24082326017589145,Q1_Train,0
32,46693.30037104745,35580.708842011016,13,0.2309552004262684,Q2_Train,0
38,65710.37957130463,5357.970927606111,6,0.4157808789140957,Q2_Train,0
63,41917.6614965267,16301.351483711554,14,0.19989233052349434,Q2_Train,0
24,104620.37396567516,5761.64855160883,14,0.3278574946024022,Q1_Train,0
34,61070.92598642483,5336.850962423771,10,0.0407410005081618,Q1_Train,0
36,238973.7850746733,7304.850999401611,7,0.2797182543625573,Q2_Train,0
56,43379.42103819644,12070.626563847673,2,0.249256557555181,Q1_Train,0
20,77873.42469300429,37308.38139686369,13,0.23002138128863067,Q1_Train,0
47,68751.75316007543,26442.701563148847,7,0.6761702909686428,Q1_Train,0
46,86776.25346165853,13440.85929035128,10,0.06176847607588956,Q2_Train,0
67,27489.32715932365,14126.551331381834,12,0.4115871237298801,Q2_Train,0
69,59885.8497783382,37396.03810231731,8,0.4693905926529532,Q2_Train,0
31,55578.76402781836,24344.656066906988,13,0.32022448296657036,Q1_Train,0
47,56574.86960721068,27236.466788934187,13,0.22715442026752664,Q2_Train,0
24,37347.46473225055,15465.071836843994,12,0.39261262267838415,Q1_Train,0
56,87022.58390475428,20867.027989134796,0,0.10535355843604542,Q1_Train,0
48,23463.117321017795,5943.921329473901,13,0.21399253474955054,Q2_Train,0
67,31708.51669257999,30399.441888466856,12,0.4113429796360376,Q2_Train,0
64,62463.46423503877,61674.11856016402,14,0.1913077623454909,Q2_Train,0
53,41538.325205905414,38494.44210025806,6,0.340175354600761,Q2_Train,0
41,57762.170548815375,20011.3832055573,1,0.33782406080243205,Q1_Train,0
57,27289.483129535824,8620.032418942035,3,0.21726540878822437,Q1_Train,0
46,99846.81111306154,30335.118601337424,8,0.19195589435705185,Q1_Train,0
66,54016.29929716128,16572.225290961775,14,0.3650745364462676,Q2_Train,0
22,24974.391623410676,27473.75495718055,13,0.24003553393547025,Q2_Train,0
21,82075.56559060268,13228.061476332266,13,0.38888572467436294,Q2_Train,0
28,133371.66058942018,12891.831146806671,10,0.3629699518525069,Q2_Train,0
35,25001.27154042804,54995.07799919475,0,0.21894358975273945,Q2_Train,0
59,119834.0494015591,11901.666742918256,5,0.554912688764363,Q2_Train,0
66,100239.89200658714,15113.532696193632,13,0.23333733312607652,Q2_Train,0
23,30348.21617512693,11606.1387154693,7,0.07661047924795611,Q1_Train,0
33,103937.60425894552,43809.60053067397,2,0.3731457363439943,Q2_Train,0
57,48886.514163860156,17054.127205204568,0,0.48796736092141046,Q1_Train,0
26,119945.57184203948,16836.72804792282,3,0.14617987792594822,Q2_Train,0
60,27496.65854427075,18125.477767733355,9,0.4953256620113897,Q2_Train,0
30,89958.93126146893,8512.060196646442,4,0.3953327385610957,Q2_Train,0
26,46580.72154602631,43748.286782740535,11,0.20017389299736724,Q2_Train,0
22,119917.46188836628,42182.06310933823,10,0.2782408281418529,Q1_Train,0
39,36076.09752205425,20827.98003018617,0,0.0916014761992449,Q1_Train,0
47,54188.73512372642,5672.220768590043,13,0.038113939998012956,Q2_Train,0
49,59899.577348765306,38662.435895831084,6,0.26247398972894476,Q2_Train,0
59,26734.78673517656,16932.40158644038,13,0.2592181087165766,Q1_Train,0
54,121448.24808964785,18233.926964391525,9,0.07555121934423524,Q2_Train,0
42,110702.00304903746,29676.562989925587,14,0.23782622923466445,Q2_Train,0
49,114639.42172089178,7168.022445875526,9,0.2668873563632359,Q2_Train,0
52,81015.01889566731,5271.567853261207,14,0.3551869671786,Q2_Train,0
39,51450.184313240505,5874.206963128908,2,0.25009381151853194,Q2_Train,0
41,45936.27280045314,5467.152462154331,7,0.46188206046105884,Q2_Train,0
56,45144.903493907346,23054.336981911005,12,0.5166210969344444,Q2_Train,0
47,23425.33458861398,9214.98852726661,6,0.2992210943775164,Q1_Train,0
67,168669.47362879023,34218.00232625549,2,0.25843479795463076,Q2_Train,0
49,49916.91602190031,37167.70528169937,8,0.4450990144513367,Q2_Train,0
40,125704.77122603159,8250.441145916873,9,0.45386390305046415,Q1_Train,0
57,108190.7940104696,15361.609226522689,12,0.5634748884908992,Q1_Train,0
42,25354.538692948,22322.596378000027,1,0.4331239533431389,Q2_Train,0
53,39571.56098650898,5391.190797691738,8,0.44622959046999,Q2_Train,0
41,66264.83436187972,5107.64360793195,7,0.325657690714855,Q2_Train,0
48,20677.35790934649,6812.249021228344,14,0.06667615775519754,Q2_Train,0
56,22178.314586646884,11159.587695447182,7,0.2710037105002966,Q1_Train,0
63,76607.94412959606,16546.60777300367,0,0.2279325231694694,Q1_Train,0
30,129553.46119848228,30522.059862829483,13,0.31746199088217997,Q2_Train,0
40,29204.873227898293,7481.595214739909,6,0.22567901467759005,Q2_Train,0
49,79586.1076545961,43660.24916901095,11,0.17645222540857589,Q2_Train,0
50,82996.47132311336,17020.65720921869,8,0.45734183994526756,Q2_Train,0
53,38123.240843085005,28049.267826807216,14,0.5387510683112403,Q1_Train,0
45,82938.48438296934,11293.562062940628,7,0.3171988444722812,Q1_Train,0
33,81854.47072190754,48855.885912331934,8,0.3600196327538196,Q2_Train,0
35,42102.95914910797,33417.346260943305,7,0.37654086808004084,Q2_Train,0
25,103304.23283539334,5195.998795919793,13,0.34402712183774176,Q2_Train,0
59,158643.7885559336,16112.958473068344,11,0.4489062152627434,Q2_Train,0
33,121968.1463802851,5405.355120562545,5,0.1342925022085329,Q2_Train,0
28,33918.22706976885,21972.24997557594,8,0.3556948974433647,Q1_Train,0
23,49500.1004627873,8039.889961021288,9,0.4463580804470625,Q1_Train,0
18,40959.01303715624,20303.116055229108,0,0.40325270135403307,Q1_Train,0
29,81461.03504703977,6546.422833320079,5,0.12090718538477231,Q2_Train,0
55,109038.10938175017,26196.731760768846,9,0.3071197308773635,Q2_Train,0
45,32154.312864063548,24443.952646948732,9,0.2665928967933124,Q1_Train,0
62,167133.7853172341,5069.308126583534,1,0.6615594306302933,Q1_Train,0
18,32323.671415426026,7683.084521708974,11,0.019186350944135084,Q1_Train,0
49,43188.722451417154,6736.048034441413,2,0.5170440010156748,Q2_Train,0
57,65449.49552108628,18377.30942909325,4,0.45803426640762845,Q2_Train,0
60,29267.79916821175,6632.260744876279,4,0.16198841477089235,Q1_Train,0
41,86826.99371716981,12858.5338283262,9,0.1397923484668921,Q2_Train,0
27,52632.40446741708,48133.55257191865,11,0.2574134306583021,Q2_Train,0
27,169435.32184643665,24482.63332207315,8,0.2969798810886105,Q1_Train,0
42,23750.5149721919,7158.5899662047705,12,0.26253031908810814,Q1_Train,0
67,70536.81321929768,11640.287581972894,3,0.7511371552485252,Q1_Train,0
27,95559.71617478682,19995.533805217732,6,0.2317621585456273,Q2_Train,0
32,21035.326169192493,17698.456117706442,1,0.3251519351089383,Q2_Train,0
33,21469.88525993341,13336.438232555864,11,0.32981893637315624,Q1_Train,0
67,45507.9436207564,21682.682485515863,14,0.41352875417280827,Q1_Train,0
46,44696.51329725927,18359.658808179534,10,0.30677549518559705,Q2_Train,0
48,60189.187588727706,5243.34388237549,1,0.2114174918761716,Q1_Train,0
34,90802.01178011361,31762.163394213814,14,0.3569150531565537,Q1_Train,0
44,39824.522840200974,16461.280433543056,4,0.32682354562602295,Q1_Train,0
32,91985.79816207578,20950.192233816495,14,0.061695383147610874,Q1_Train,0
48,25155.71731928164,6141.558337628813,6,0.20563526869473667,Q1_Train,0
62,40449.78459513403,28853.848593588493,4,0.21351300321459868,Q2_Train,0
53,47637.08494119755,26091.12282185924,1,0.3081689305111336,Q1_Train,0
34,80436.68172080882,20747.570383197854,5,0.1309107287785012,Q2_Train,0
68,58593.227839950254,11615.349847125446,0,0.2635501089577914,Q2_Train,0
20,106382.11917657108,22053.244240403397,7,0.4419556672201469,Q2_Train,0
31,84462.90499603451,21684.798553192275,0,0.2191003852302225,Q2_Train,0
30,26584.595166239622,7534.0479189891175,5,0.052880617801418256,Q2_Train,0
58,132999.57990894967,19659.268187334477,8,0.07724422131344276,Q1_Train,0
44,105604.33857781415,36738.63973243056,2,0.1229826810558579,Q1_Train,0
18,51547.819706305396,6483.409072996792,13,0.26061210364441484,Q1_Train,0
67,33113.749652050625,46361.683534488286,1,0.16881003307271414,Q2_Train,0
51,21809.0750926555,35376.56328360527,4,0.23007859879778772,Q1_Train,0
31,149008.92800791588,27057.41432366727,11,0.23069847479027603,Q2_Train,0
34,102757.24217257403,8525.095628502993,0,0.22081078090817094,Q1_Train,0
20,79123.88969827048,8658.576350648855,4,0.13372984061557774,Q1_Train,0
57,57584.51122241199,29947.045584168798,9,0.4380082543517756,Q2_Train,0
42,73013.27407697981,8118.085376790109,2,0.037371756366629136,Q2_Train,0
19,91220.010880506,18042.566348457804,14,0.2339908307578354,Q2_Train,0
48,34037.379315238846,32558.82938889652,3,0.3667097135474956,Q2_Train,0
26,23614.28491774029,17386.573283229234,7,0.21286468750123402,Q1_Train,0
47,40230.741860195914,18562.6679736448,12,0.5353597246477669,Q2_Train,0
55,128180.0659823333,54449.12172032539,10,0.2998017793375719,Q2_Train,0
61,36483.13293032135,6558.286803963138,14,0.4151592488243452,Q2_Train,0
42,31780.490895295312,8987.801203667177,7,0.2970069991326458,Q2_Train,0
26,67655.18929020978,17692.065756622673,1,0.29425073255113715,Q2_Train,0
56,31903.283877873306,34266.22561981276,8,0.14401560834391428,Q2_Train,0
61,55467.740153037696,6533.8688833290735,6,0.25255538009385037,Q2_Train,0
54,47879.02576949726,9742.468192034634,3,0.2989689228518397,Q2_Train,0
41,44029.031197808894,17285.755571550362,1,0.21371414648304415,Q2_Train,0
37,29218.978413919205,12141.102902030554,1,0.2959383582642532,Q2_Train,0
26,69391.83235515727,43186.71365112435,1,0.183350548925818,Q1_Train,0
40,76684.69200021462,9846.046116582598,12,0.37243111923687566,Q2_Train,0
56,100996.39860536144,25721.842944535176,14,0.22379856079125565,Q2_Train,0
48,28638.30044833975,16575.92670894316,3,0.4207894964643747,Q2_Train,0
36,27440.1280590198,17933.77139136964,6,0.29530436562928514,Q1_Train,0
37,67695.86752263905,8130.356866394157,9,0.10162689231885401,Q2_Train,0
40,90717.52406777946,10868.479934220746,13,0.16611667843131336,Q1_Train,0
60,35895.13622650569,7952.951229128395,3,0.252626352814168,Q1_Train,0
61,73039.8443915949,17178.29354858562,9,0.06206084727697023,Q2_Train,0
52,24103.23772804686,11324.867468630455,0,0.09549990196587572,Q1_Train,0
24,44587.54460606407,19488.983529275596,9,0.18930942052419253,Q1_Train,0
39,21352.50005949583,8563.936008964632,13,0.25975899444368644,Q1_Train,0
32,21503.008795728125,9054.597895577128,11,0.3102537115077841,Q1_Train,0
51,69310.87137073539,26502.20571134118,0,0.3716532018551027,Q2_Train,0
30,58995.65381173142,17181.7788770832,11,0.3416382479902381,Q2_Train,0
21,73865.11880007244,20112.719647136022,11,0.3529832046838499,Q2_Train,0
35,132006.40923988388,7676.729040648528,3,0.43751272811464587,Q1_Train,0
40,50343.48830048212,12536.12909970706,8,0.07613395757868295,Q1_Train,0
51,92089.6400716483,8531.776786218077,1,0.2996063923025563,Q2_Train,0
51,103556.21531082982,14911.84094057411,14,0.16979314757656422,Q1_Train,0
53,22558.789269156296,18346.548707892063,1,0.3538242836327572,Q1_Train,0
31,51994.67330672493,56363.773626949354,6,0.03130988479604825,Q2_Train,0
51,106629.94675062873,5185.545661738822,5,0.6273882147612652,Q1_Train,0
65,24970.001203871663,11882.454793574823,1,0.18207972809475823,Q1_Train,0
51,26471.974677882397,6524.9065667722625,5,0.47802671866284857,Q1_Train,0
46,88719.72407926236,21957.040840417958,9,0.3890883280639027,Q1_Train,0
54,31326.55106934753,33095.07879938022,5,0.014852949276109027,Q1_Train,0
21,22486.41126935285,19961.069166006746,14,0.10226031049529187,Q1_Train,0
29,25229.01128552146,10565.214858727268,5,0.11619390562126697,Q2_Train,0
43,112027.61002499975,5037.472633882172,0,0.03901048513119705,Q2_Train,0
45,43178.674654885195,20679.280787815558,11,0.36346076306559244,Q2_Train,0
37,53784.89736057612,23503.56129675371,0,0.01783423187194933,Q2_Train,0
27,70110.48558508324,5600.780632414093,12,0.31442238666003486,Q1_Train,0
35,134231.61733784474,13001.98130142338,14,0.08961955882590399,Q2_Train,0
44,179080.64560308127,26873.189934445654,12,0.17988171956222382,Q1_Train,0
48,47004.72512193135,24239.247215783846,2,0.4726873623574437,Q1_Train,0
59,125416.71584929069,39169.854118402574,10,0.1545401989982837,Q1_Train,0
18,48045.613737595006,17246.91155660948,13,0.4543991333758132,Q2_Train,0
23,116963.09208938405,64040.06519933668,10,0.590493678302606,Q2_Train,0
28,21437.30926640955,7441.539868545621,10,0.7321579932249378,Q2_Train,0
37,34571.43135024325,11580.175384999915,1,0.49164591392142654,Q1_Train,0
38,35472.85998313845,26113.3439273977,5,0.26156077930929544,Q2_Train,0
38,69729.23652638262,12244.918866183618,0,0.5489718862154246,Q2_Train,0
38,31078.6293768142,25367.594230323037,8,0.46641392399091575,Q2_Train,0
36,147329.1201723725,28723.67924195983,2,0.27790720316324935,Q1_Train,0
21,74384.17294123351,8110.387593449153,7,0.04980673014028902,Q1_Train,0
46,104343.80980080545,32304.83052392353,5,0.15916079770011077,Q1_Train,0
30,165925.2421297222,6915.3960796624315,5,0.1800024691321183,Q1_Train,0
44,29051.84963655183,8686.359605416694,4,0.274033070293732,Q2_Train,0
36,21300.28016647237,9064.80118898965,6,0.45820237187635127,Q1_Train,0
66,79842.71690788312,36614.72114201098,4,0.24078244806604268,Q1_Train,0
18,30203.543962695767,8100.324132067544,4,0.25177592642844904,Q2_Train,0
18,24535.656304929216,7284.198253469475,9,0.713838873261624,Q1_Train,0
39,26226.1732479289,12524.104258015763,3,0.23880491267258097,Q2_Train,0
32,187311.69347746274,33892.59047954877,1,0.20184818595371296,Q1_Train,0
56,43724.92303754311,7416.904157989851,10,0.15610586887895148,Q1_Train,0
49,70480.79627234736,17224.118802916524,8,0.46264572662030284,Q1_Train,0
21,107879.34838133868,6758.527052584233,5,0.34442013387788306,Q2_Train,0
61,71263.55780523643,8996.4071432539,5,0.10484374033841087,Q2_Train,0
62,35295.32135234321,25556.209966694863,7,0.07932276348810625,Q2_Train,0
49,60758.739139758676,14392.452269318417,5,0.22471311495933585,Q2_Train,0
21,23317.200884002745,18874.800375039613,10,0.20195820249639282,Q1_Train,0
18,63469.23144603775,18438.295763443537,10,0.1772478395796766,Q2_Train,0
24,25179.132186890674,23347.451938986927,13,0.38841237544290286,Q1_Train,0
18,134181.78491171746,40749.941174988126,0,0.0625523010061853,Q2_Train,0
33,64099.04849086466,5712.8471867449225,14,0.055482400815218304,Q1_Train,0
35,136788.9218149336,17098.303921735707,9,0.15287661006796144,Q2_Train,0
64,46449.8180587918,5618.136438997224,14,0.1138142287464366,Q1_Train,0
23,212944.493780272,39678.9458561619,11,0.393057335865077,Q1_Train,0
26,90694.50529099067,39617.795665079146,1,0.4754263711126534,Q2_Train,0
62,25601.946583044133,7657.704263574158,0,0.03755006331553367,Q2_Train,0
60,91896.549273534,46800.456617395634,2,0.1904283312387671,Q1_Train,0
62,105914.95904533891,26837.21561544454,3,0.2115106343604123,Q2_Train,0
25,32418.12255236083,25675.67103610676,12,0.10827429417941228,Q1_Train,0
52,225686.5764910276,10250.962796831986,8,0.4302987722162918,Q1_Train,0
34,44309.55266769655,24731.45131954278,7,0.2711463191651712,Q2_Train,0
35,177180.30949807804,9676.929253489852,14,0.22400093566453225,Q1_Train,0
32,55893.00953119569,16013.980254456941,8,0.2977761844250217,Q1_Train,0
34,38034.83696775194,21592.917949140163,3,0.4088573957856039,Q2_Train,0
60,107227.48230635544,11332.689146961337,10,0.4490830983161493,Q1_Train,0
22,108244.60643303866,34314.56207172978,5,0.14702721003297117,Q2_Train,0
36,70263.26407402752,35566.50680418497,7,0.3161024970596587,Q1_Train,0
25,43891.94949191455,23928.51512624128,12,0.2380525463824812,Q1_Train,0
64,59744.774034153015,8002.251578989882,7,0.48859635235695587,Q2_Train,0
27,123632.1473480101,5109.785349770919,10,0.21718052640157956,Q1_Train,0
43,60486.84263825513,48412.84407876235,11,0.3688880024251306,Q2_Train,0
39,49837.42032375066,11911.678356921358,2,0.18536573880548782,Q2_Train,0
61,30126.19566859275,24231.85961862455,0,0.48005168821627764,Q2_Train,0
26,83452.99839213121,21957.707845082547,0,0.1567078057675288,Q2_Train,0
45,24280.375615972673,43450.27895465999,11,0.09270892788560373,Q2_Train,0
61,35357.14543747053,28061.790703413917,14,0.1038169678276301,Q2_Train,0
37,38441.41129184781,25119.873076055443,1,0.5640670688568689,Q2_Train,0
65,42597.816404497964,24916.015229575314,14,0.08171425918557766,Q1_Train,0
61,39219.98368855838,6790.586525796738,4,0.2946098946651001,Q2_Train,0
26,105034.70206716776,10582.360859925906,6,0.31073563503758495,Q1_Train,0
62,124457.14641529447,17848.38327772384,5,0.4743279699510368,Q2_Train,0
66,20554.87142592975,12650.473338136273,4,0.17180905832791668,Q2_Train,0
53,77932.17393889905,5338.113734712889,8,0.42033310335183866,Q1_Train,0
31,182757.3840862614,6936.827557975872,7,0.32731266791282243,Q2_Train,0
24,30863.042441136837,52073.001696958425,10,0.45904042398003203,Q1_Train,0
50,49670.131861837915,6964.48078494436,6,0.3213623409009431,Q2_Train,0
61,98446.35005973543,14444.436924270505,2,0.3314148644777609,Q2_Train,0
49,137157.56498838277,20940.8347585921,10,0.24553512912957087,Q1_Train,0
28,113728.63111308333,9699.386871899256,2,0.2543022524667264,Q1_Train,0
59,139828.7902058286,9598.829878054077,7,0.42423941263596,Q2_Train,0
21,87755.78743883724,9919.670957359507,2,0.27375424136193977,Q1_Train,0
34,146406.33993530288,9641.354081039093,7,0.2849689229630706,Q2_Train,0
45,41655.06575278044,13942.138817540297,9,0.06768755500892251,Q1_Train,0
47,22099.56601124721,11693.212198312602,13,0.4300060326234268,Q2_Train,0
63,49165.80179987039,12133.08066209467,5,0.22343737205487535,Q2_Train,0
41,90943.16890702811,31009.829439834084,14,0.2160717869680804,Q2_Train,0
46,55607.26812040334,6066.1787495763265,13,0.07539905366289833,Q1_Train,0
21,37792.84593969561,17101.57001728576,9,0.238617910657735,Q2_Train,0
46,47331.56101768423,13135.344080637155,9,0.1240522036470859,Q1_Train,0
46,23554.40128047768,15156.380346220816,11,0.25314807686216517,Q2_Train,0
69,71928.98687116837,6309.134546538968,2,0.19870143214671235,Q2_Train,0
40,32797.61323971039,35877.03948508894,3,0.3455952674040656,Q1_Train,0
56,81533.85201084492,17909.65617396328,13,0.03960504759701099,Q1_Train,0
63,75670.89002081388,6007.129503394012,11,0.48709140669706447,Q1_Train,0
61,26544.0856694378,30984.282787690663,14,0.10530671436243584,Q1_Train,0
65,33632.539391976265,40590.237152678004,3,0.1656058921731218,Q2_Train,0
69,166474.55994499882,12394.514235584793,0,0.03155171622530517,Q2_Train,0
19,21308.55014742122,16757.591501712443,8,0.0981501931925293,Q1_Train,0
57,94692.81979494148,32252.860136541996,4,0.11981604542102015,Q2_Train,0
69,28314.582831890635,38830.56761831532,6,0.09374872904075356,Q2_Train,0
65,43417.71733478509,20820.825652055573,3,0.13875741906755798,Q2_Train,0
69,35121.876983773334,31951.620748008758,3,0.09658086845597427,Q2_Train,0
55,23246.01837942022,7714.3003095238255,2,0.5842331179366467,Q1_Train,0
53,68145.64564982126,9460.979622782645,2,0.34524473562937474,Q2_Train,0
65,109980.04377352602,7775.116968339604,1,0.13831731659670693,Q2_Train,0
30,184203.94087537721,15118.350121182546,4,0.19339366639276667,Q1_Train,0
64,44467.63493116565,9210.577496483136,7,0.20330426858425354,Q2_Train,0
43,89859.55840711092,9027.035226757087,4,0.12647597972783237,Q2_Train,0
57,94940.3444617119,10646.651460418772,14,0.22054096081432242,Q2_Train,0
24,140787.2059292288,19835.55883357595,10,0.8392159609706321,Q1_Train,0
63,72868.79104141396,13643.46165964611,0,0.21512311265089903,Q2_Train,0
56,52229.373757986396,56811.91151627128,9,0.47716863364907264,Q1_Train,0
39,43712.75667716581,5239.563549717306,13,0.10164316786180574,Q1_Train,0
47,215623.2641794222,36721.61602486747,9,0.4904426241719422,Q1_Train,0
59,63404.163424526196,37262.26792815529,13,0.38220681506096965,Q1_Train,0
27,115384.26105654327,49536.87119282309,6,0.17345692298408596,Q1_Train,0
56,62870.79575604662,8638.802959517889,8,0.424570089135036,Q1_Train,0
47,38779.49708460129,18297.699088130852,11,0.29848081270817767,Q1_Train,0
24,42065.25459456039,32908.029020795475,13,0.32143330012860455,Q2_Train,0
24,48113.455920433466,16039.705082726028,10,0.32967144013962246,Q1_Train,0
18,25934.436946291502,23487.875232907034,5,0.2817488060281083,Q2_Train,0
35,77611.47364878004,5894.693604961302,0,0.1302330486946088,Q2_Train,0
42,92000.66604697696,13220.141932241328,8,0.15018014330879992,Q1_Train,0
27,47108.03903562038,43994.66822445017,9,0.040520551215057224,Q1_Train,0
34,38687.58276988857,13584.208019102867,9,0.19543192521559094,Q1_Train,0
32,80486.82303432433,6749.332069682401,12,0.41787511747820405,Q2_Train,0
57,66049.88455733293,41889.38256850757,14,0.3049079835152012,Q1_Train,0
68,57566.493275262575,21385.935979121452,6,0.05053734869617571,Q1_Train,0
37,198116.7656053176,16744.974137483732,4,0.0937735625777612,Q2_Train,0
32,104665.83340290669,23990.088422355173,7,0.5793316819399904,Q2_Train,0
52,95997.50873733895,21245.439004734395,12,0.08652038059764346,Q1_Train,0
47,40159.09514801088,41565.14104836108,9,0.13182599348491747,Q1_Train,0
48,22220.06673819312,5488.145982009695,7,0.06687580925077835,Q1_Train,0
65,21535.226062214606,11067.207653035388,1,0.15239228006970088,Q1_Train,0
64,216807.50376631803,8401.437104494944,9,0.4309215996250857,Q1_Train,0
62,27664.485618561914,37831.315990222654,8,0.3226563273820963,Q2_Train,0
69,53096.96145613385,23564.566420203413,11,0.3305504421518618,Q2_Train,0
32,52831.232798166326,5496.817723246068,5,0.281406248187872,Q2_Train,0
35,146270.0394561002,42839.846194696,10,0.19914440941181533,Q1_Train,0
41,177606.63345423038,49753.88162141783,5,0.3036879856362818,Q1_Train,0
31,195584.90310946407,6232.429917823789,13,0.28488756042284374,Q2_Train,0
28,72779.4713058506,6301.155965874852,1,0.15835936060998745,Q1_Train,0
23,38970.04543797104,23744.824467153063,14,0.2906884641003376,Q1_Train,0
42,67314.81539928705,8291.176798630673,1,0.18726496925236136,Q2_Train,0
18,82036.9883686197,46189.16362926651,4,0.306800560704335,Q1_Train,0
42,20521.21560648884,45810.436604399234,12,0.1927857568544545,Q1_Train,0
19,21741.396886164264,18543.313466830175,5,0.25008244246490324,Q2_Train,0
49,235168.21111528575,25955.835697514904,0,0.2127163328622676,Q2_Train,0
30,50583.62307916207,34295.148965539,11,0.173570666303468,Q1_Train,0
50,157301.2543715177,12393.464240177655,13,0.2685072701600082,Q2_Train,0
44,28175.500708795174,68500.22600135789,0,0.37983229900659987,Q2_Train,0
21,211181.6838192686,44761.68982486907,13,0.3306518297483884,Q2_Train,0
41,63913.18282702069,14907.899575953785,14,0.3788522994816693,Q2_Train,0
40,30681.734172328088,17089.17485666619,6,0.12544285398314953,Q1_Train,0
51,24828.21633656427,5024.965246684833,0,0.10187451185876828,Q2_Train,0
33,25478.870650330464,26509.694523577073,9,0.17826816968983808,Q2_Train,0
20,57099.45343756625,15541.811779582098,12,0.5319981552392561,Q1_Train,0
54,97672.20767264259,20146.575013536996,5,0.3843408612240401,Q1_Train,0
57,79381.23980956845,21016.584558953975,14,0.1557260087281118,Q1_Train,0
61,42587.74274425386,36341.797497797976,1,0.28463392102034596,Q2_Train,0
42,60741.76760998975,33178.5354297262,4,0.3331815452049003,Q2_Train,0
40,151321.71886770992,5980.830198619826,4,0.2010640780989887,Q2_Train,0
61,44516.57156663382,17953.65775631366,8,0.27306546953094873,Q2_Train,0
50,56627.60851289103,18730.77105847031,13,0.43344527476572836,Q1_Train,0
32,37643.76656960687,34777.196594412715,13,0.46564085814732215,Q2_Train,0
34,35178.17940162187,5181.801927902764,12,0.3014174432028421,Q2_Train,0
51,95435.14668683751,5165.429196478146,3,0.27898805428162654,Q1_Train,0
34,130745.13170205202,5968.954799317626,7,0.14079764597626396,Q2_Train,0
69,54889.56566839481,36177.860087875015,6,0.4781776871145544,Q2_Train,0
61,30356.708540340776,11959.859809794518,0,0.15959736132335545,Q2_Train,0
21,59664.18083523606,11356.037840821087,5,0.39685662552743917,Q1_Train,0
24,26214.721612686124,40549.09628058936,7,0.2293275961627457,Q2_Train,0
40,70423.89971320733,51755.44375918747,12,0.3815595068548918,Q1_Train,0
18,111385.60767180455,44648.035769240865,11,0.07762652796774734,Q1_Train,0
51,61469.9605096664,10535.597745768717,5,0.13574463187241884,Q1_Train,0
44,130196.980205072,7036.178129222156,10,0.22879777028925882,Q1_Train,0
32,27928.232424590213,24307.082724246975,3,0.3449564873645271,Q2_Train,0
52,23143.019260778146,45097.031449509865,2,0.14248359479818684,Q2_Train,0
26,170735.65445428935,9688.783626873364,12,0.3163041328378879,Q2_Train,0
34,49029.634802205925,28163.530736016975,14,0.3790534318777221,Q2_Train,0
30,63809.60773843961,17223.49273199114,8,0.18585090736066703,Q1_Train,0
20,31139.30989191376,7445.294819974616,5,0.31691129572077725,Q2_Train,0
21,20342.994278238686,47287.77899756293,2,0.31142207353697393,Q1_Train,0
21,91020.65084094577,10683.41863244445,13,0.34491867067419213,Q2_Train,0
60,28412.831398513932,17972.539111844482,12,0.09401673837711001,Q1_Train,0
45,162786.75477712014,5293.557944386509,14,0.4645986261484741,Q2_Train,0
24,64922.52457562542,13409.298090363567,12,0.10761170897453684,Q1_Train,0
43,24550.741143356085,19391.65965564701,8,0.4710097447132367,Q2_Train,1
30,98655.6627666251,57455.010588770565,10,0.402913732834585,Q1_Train,0
59,128601.66568244749,22377.661837465985,14,0.282774021210584,Q2_Train,0
56,31117.236746268187,61063.49702457195,9,0.20343297495746254,Q1_Train,0
36,29754.627304518395,27360.95759607359,14,0.39868835449144535,Q1_Train,0
68,100309.53856873434,5152.7345157558575,9,0.13281998689552485,Q1_Train,0
36,39348.55994548912,46125.80518703645,4,0.11887101423527081,Q1_Train,0
39,45203.454969711805,8005.169973981905,0,0.13033788458411952,Q1_Train,0
54,76886.97378857192,22504.52996253095,10,0.3175085248516846,Q1_Train,0
63,20643.99370973375,23770.254789565482,3,0.2247367931419648,Q1_Train,0
38,35027.965231404756,17205.093350424868,5,0.09881034484119743,Q1_Train,0
28,28778.931105262654,16238.383134446358,12,0.2696722928254114,Q2_Train,0
54,30415.044487104293,15693.3401072,13,0.10248507015867254,Q2_Train,0
65,84544.33370797006,15927.467183206654,10,0.21612140295462923,Q1_Train,0
35,58414.568146709724,5006.08156053439,1,0.12134174497347466,Q2_Train,0
65,56191.61545529667,25744.366629009815,4,0.32789075521896677,Q1_Train,0
40,28018.94591247116,30537.46489627824,3,0.5785432963480263,Q1_Train,0
51,66897.17226373017,14232.704999524836,10,0.4175783448835412,Q2_Train,0
40,88859.10525648345,6200.040547142265,1,0.13512309565174782,Q1_Train,0
42,73301.54508348551,8335.838737884496,12,0.6357811995297379,Q1_Train,0
21,29443.632168278877,5721.149336665656,6,0.5971416048242785,Q1_Train,0
47,20012.402723572213,17810.747933065926,2,0.23726848893329971,Q2_Train,0
59,92700.10454135264,23441.690405381025,5,0.5641022135444579,Q2_Train,0
31,33744.90410639239,13544.247226172882,6,0.43169110791078813,Q2_Train,0
64,99211.47663155122,41706.04635262891,3,0.05179724011357535,Q2_Train,0
25,31085.277137713783,23475.61234751169,1,0.25041712157293305,Q1_Train,0
41,34335.57273989023,22599.650972172436,11,0.5541576123824267,Q2_Train,0
34,43383.784618316975,7552.762308348501,7,0.13774852388622538,Q1_Train,0
30,43740.61723034199,6335.0032168968555,6,0.08391745688830438,Q1_Train,0
44,195939.36221765092,25400.677826174448,0,0.10163518000760959,Q1_Train,0
22,153666.0254301093,7645.390335830156,7,0.3985535961663483,Q1_Train,0
59,29116.660349162554,17446.88922124286,10,0.13565965783275918,Q1_Train,0
62,89874.9969351859,18598.831869741916,14,0.12488435517169003,Q2_Train,0
39,36898.91668486659,16879.691804773163,7,0.27826106217672886,Q1_Train,0
49,34373.058310388966,7978.038627166892,12,0.38399548603055605,Q2_Train,0
44,120698.90254242817,40116.45681117075,1,0.30219969576801514,Q2_Train,0
69,89140.39276503075,40158.8391553515,0,0.1071004289371275,Q2_Train,0
37,73917.1517584885,20155.902636760162,3,0.2170339695516296,Q1_Train,0
56,61252.11616135639,42909.147116295506,5,0.1909838882030498,Q1_Train,0
58,46963.393459268875,30254.816552336608,4,0.22906778327362304,Q1_Train,0
57,75600.83835727882,35068.73620096359,12,0.474901404500508,Q1_Train,0
31,59714.744055151605,31170.13039444395,1,0.15830749206964193,Q2_Train,0
61,64555.73337363432,14257.459264031495,14,0.03686947457897871,Q1_Train,0
57,35554.71528975058,5677.674024700564,4,0.24909182061744076,Q1_Train,0
39,40755.81234207122,20805.657247941726,0,0.18385232139795035,Q1_Train,0
63,47328.6406903641,15039.225185405625,12,0.6404799809027523,Q2_Train,0
51,100034.51587396499,6021.044117350389,8,0.08166176338820452,Q2_Train,0
21,92869.91514052998,10593.321318538045,12,0.2535823234249139,Q2_Train,0
22,137238.1351589501,30384.77558048718,2,0.1595355099893117,Q1_Train,0
69,67665.15703002148,6672.809678713791,14,0.24818286513523247,Q1_Train,0
46,83994.86068402688,7577.465021114059,8,0.44162438953319183,Q2_Train,0
49,77164.67894914089,21788.641567687406,14,0.45462844484112175,Q2_Train,0
48,121939.17709550055,49955.58690727463,13,0.3338238426790771,Q2_Train,0
29,26417.733122397723,7080.215068139979,6,0.30839344831370447,Q1_Train,0
22,77458.33863919164,5401.918441028757,13,0.31673345809544445,Q2_Train,0
54,26799.344577733154,17140.106188924605,1,0.33795154508955966,Q1_Train,0
50,101989.1635458955,5882.287337006573,12,0.17102232860266917,Q1_Train,0
41,117389.46180141454,7032.566573035487,5,0.3191970122707682,Q2_Train,0
48,75612.98464450346,39563.22521887224,1,0.34133176340852417,Q2_Train,0
61,44300.19118423848,15622.06707532108,12,0.5303548241937991,Q2_Train,0
65,25818.943966024468,52542.67296833861,6,0.3270573001509226,Q2_Train,0
66,25583.833798847118,17913.694929968726,13,0.28804603042777116,Q1_Train,0
27,54672.083883830746,8729.534076494254,13,0.499767027491321,Q1_Train,0
66,105821.45194509617,36321.290255831685,6,0.24107930207180123,Q1_Train,0
67,31032.87666927379,11174.27963097741,8,0.0788406040795694,Q1_Train,0
19,31650.733188417697,19215.677041089533,0,0.07232406245400286,Q2_Train,0
48,103269.55814674926,11265.54809584865,9,0.35000614468562735,Q1_Train,0
42,51655.18412377991,14353.429076334029,5,0.14078927209191602,Q2_Train,0
68,93266.06405328868,13052.976785512394,8,0.3464027035377338,Q2_Train,0
28,86671.39054616247,32541.84175787749,10,0.5404420525304153,Q2_Train,0
19,39045.66085579853,36498.576437925454,7,0.5546549227701502,Q1_Train,0
23,32250.18519735412,10435.725419935115,7,0.3850451280050184,Q2_Train,0
26,82293.39474965402,5043.027327269756,0,0.4368941568169484,Q2_Train,0
22,49958.59676613443,6324.133065388805,7,0.20782037216249355,Q2_Train,0
46,104030.98466105903,6583.438303410727,7,0.21520174493923092,Q1_Train,0
38,52552.74910402856,46992.57666266892,7,0.6438036146139936,Q2_Train,0
26,59364.797042248974,35213.751605527345,11,0.130203811142476,Q1_Train,0
25,48223.259680362215,18066.53604683957,13,0.2195136749329285,Q1_Train,0
48,24339.2996420872,22779.625357149318,10,0.3045315995299556,Q2_Train,0
38,34923.63864184643,41159.23006080025,2,0.0913838206274756,Q2_Train,0
45,32660.17209770967,5715.316570625657,9,0.33932702819149546,Q2_Train,0
40,43082.44115653858,11602.811227210947,0,0.3799628106430458,Q2_Train,0
56,97414.8498122038,10723.355409898726,1,0.04210624342877663,Q2_Train,0
28,124044.06855386021,7981.552073907527,10,0.11145565682710097,Q1_Train,0
51,59629.35533274896,25755.42202433574,7,0.1326341091498398,Q2_Train,0
65,202781.84610681128,7853.32060810556,8,0.3794541505572745,Q2_Train,0
24,248450.65441934796,24201.93264699011,2,0.5442426227695859,Q1_Train,0
57,375031.3635165693,10843.508278396468,1,0.08480274015105128,Q2_Train,0
56,71034.08853925079,12702.327801754527,10,0.4136661098051152,Q1_Train,0
67,20349.768068819376,10036.320232926006,8,0.2930826268100702,Q2_Train,0
47,80122.65852402014,9279.144941884522,11,0.17031053235334417,Q1_Train,0
39,33629.789977133216,26940.197266551128,7,0.1855902564973181,Q2_Train,0
45,79731.56675890154,6737.1992799953105,12,0.43214455046818906,Q1_Train,0
37,90531.59191003678,17320.894543021328,7,0.0827546333142713,Q2_Train,0
56,73857.18780693281,11029.627795660563,3,0.37413201894516623,Q2_Train,0
20,42719.884596469856,58124.82097949008,5,0.234885475615046,Q2_Train,0
32,85394.67451420723,11045.633476497063,12,0.14094101481662852,Q1_Train,0
43,55127.99038351718,10624.93489612277,9,0.4473535664285026,Q2_Train,0
20,65002.31351829088,5084.76035779881,9,0.2400026589259419,Q1_Train,0
57,151335.2160015748,15035.083032598024,6,0.24390489306838664,Q1_Train,0
51,46824.2868871374,11313.281663200916,3,0.26551976808683453,Q2_Train,0
69,35938.95525525404,8958.774850782003,1,0.22143295346915043,Q1_Train,0
22,57641.929955119675,11292.31628072669,4,0.11628272753601346,Q2_Train,0
48,38181.94790655733,6969.739338235322,7,0.43980354380862224,Q1_Train,0
68,25444.98218183472,6571.8849493077305,0,0.10701879291349875,Q2_Train,0
30,30416.9659371238,17818.509416058423,5,0.23589676081753436,Q2_Train,0
60,145147.06509864226,30229.636279343948,1,0.12773183332066507,Q1_Train,0
18,69657.99878980496,6570.25768067842,1,0.10798025469269688,Q2_Train,0
39,38866.388557502156,11123.744502506128,7,0.08456420564754738,Q1_Train,0
32,42857.759257580285,6964.518931030747,5,0.6751450876767132,Q1_Train,0
43,54000.01616355587,10576.409453304555,5,0.07306997843076501,Q1_Train,0
65,63635.214878304316,5532.02614579908,8,0.12994204869843734,Q1_Train,0
18,69141.40601379919,5925.523758998631,14,0.11446893746280053,Q2_Train,0
60,140839.21643477265,13341.160960053321,12,0.03573933921315829,Q2_Train,0
40,130618.6999922463,12700.182902802739,1,0.3548382190622423,Q1_Train,0
60,83909.42669791331,20216.223788277734,13,0.12590854724204792,Q2_Train,0
62,29448.789606349816,59551.926661774596,4,0.4007973211857175,Q2_Train,0
55,26673.035776141412,11577.07556888511,8,0.14413576385559387,Q1_Train,0
35,98312.66345178736,50238.04733566324,8,0.4796966245899741,Q2_Train,0
46,23618.69716724149,59513.58867763981,12,0.22950512435878498,Q2_Train,0
28,34432.71919929544,78085.33691971573,0,0.1852686676363169,Q1_Train,0
49,52728.36053676321,7736.067383222942,12,0.19620741492306995,Q2_Train,0
28,47522.18266606302,21848.45961381266,7,0.47881520789894894,Q2_Train,0
20,83358.14178824358,19464.088912203224,4,0.46894431647656315,Q1_Train,0
67,25248.266995937985,13032.14475011305,1,0.16547445386207954,Q1_Train,0
61,37986.76952291445,26198.1751559966,2,0.2425819853168563,Q1_Train,0
54,116340.67814622208,43590.2171181284,14,0.16637776757352216,Q2_Train,0
44,28240.937665160876,53814.30969786881,11,0.2445607348609015,Q1_Train,0
65,54129.226078014915,6795.363541450506,3,0.07409628625077672,Q2_Train,0
44,26958.332663104804,18569.880867856402,12,0.3754299235614627,Q2_Train,0
20,22627.722580797046,13021.771865940646,3,0.48717772267279597,Q2_Train,0
49,33705.509166114294,138273.5254675632,12,0.2066832726004664,Q1_Train,0
40,141292.32917934837,14154.288810121458,5,0.09030326643121377,Q1_Train,0
24,23616.850596286422,11273.817480562228,8,0.062554035980038,Q1_Train,0
49,36603.80508390035,5564.79041600402,0,0.2271054027908998,Q1_Train,0
60,40297.87836792081,16421.2527922507,14,0.11844958618494401,Q1_Train,0
63,57649.65835768682,10471.901488885615,0,0.1830199798054684,Q2_Train,0
49,33076.20130626014,14106.440049486293,1,0.07361183918113852,Q2_Train,0
34,44760.32720941567,17240.848449806777,3,0.29449667888053316,Q1_Train,0
65,24002.52935553268,7640.917928602849,4,0.2932566787127163,Q2_Train,0
64,93406.96828995326,13214.68110322332,9,0.33396959310780233,Q2_Train,0
57,21125.344246348315,10655.759346324245,0,0.47643096937962653,Q1_Train,0
20,46186.4664277422,19629.695821059257,12,0.1964966939251339,Q2_Train,0
56,192730.5434218002,30165.62387343725,6,0.12641063248181375,Q2_Train,0
26,31294.671757367214,11900.70527723524,7,0.057871957815527904,Q1_Train,0
63,59750.36417660401,13737.148360137502,4,0.14044999776818923,Q1_Train,0
28,23916.822741558135,20268.067980769425,8,0.39458562035432854,Q2_Train,0
50,50481.79806717878,6368.828702432013,3,0.2732970859009595,Q1_Train,0
43,39219.68446093926,30049.3297114278,6,0.2576352726594312,Q2_Train,0
44,36228.26902896842,44562.30549803726,12,0.33524110900942916,Q1_Train,0
55,32699.3409902028,17327.541642660515,14,0.195281160158231,Q2_Train,0
39,20297.939512723984,7234.885008903293,7,0.3657390229626492,Q2_Train,0
43,20090.896796680543,24500.24798199898,6,0.28842847418554585,Q2_Train,0
22,37227.71420779842,8277.770445309674,12,0.32264188801574284,Q1_Train,0
52,29189.45099656669,21975.013197308293,3,0.05109019364758046,Q2_Train,0
68,84864.6000742727,6243.497182968868,12,0.511509016978829,Q2_Train,0
66,26767.049000459705,16201.846998770834,9,0.21296452936204868,Q2_Train,0
60,79196.4911680124,62593.16119620585,3,0.16686268994287415,Q2_Train,0
20,35267.37447598489,13573.70253206385,12,0.5042725541284702,Q1_Train,0
35,71123.89941269538,5844.808021885341,11,0.12361165873954444,Q2_Train,0
55,68153.19422856151,27382.9057355712,7,0.1940150792892295,Q1_Train,0
24,44331.86421674533,23916.496185445674,7,0.21909939731417205,Q1_Train,0
23,24534.300262317327,23530.703834620523,4,0.32134907845713095,Q2_Train,0
35,71571.75618603149,19633.662940158756,4,0.16875135749716952,Q1_Train,0
39,31825.651748615575,10656.285257268159,2,0.16214000699050618,Q1_Train,0
56,123738.22491103462,19737.312498520718,1,0.4791693325792091,Q1_Train,0
68,31816.755634610545,6422.744403765071,13,0.2542569715841353,Q1_Train,0
29,47895.35748490355,12159.988583985498,8,0.12512414493621832,Q2_Train,0
67,52472.18413814892,7199.880753016285,10,0.173128022916663,Q1_Train,0
57,20308.70496805533,11414.631803540451,7,0.20872013002234363,Q2_Train,0
30,73060.89366628391,55860.936177167845,12,0.4150478127634738,Q2_Train,0
57,108018.36190190833,17723.75211273741,13,0.209414475465705,Q2_Train,0
59,31120.12761459779,20127.089086054846,7,0.33839351200675616,Q2_Train,0
41,127713.82871292325,19821.15338763306,14,0.09687075706347859,Q2_Train,0
52,124797.02315908947,12440.317827966646,14,0.6706596098009747,Q2_Train,0
45,40793.73996118794,14286.763754309648,3,0.286986552737082,Q1_Train,0
36,72996.82869621862,11357.291672528409,0,0.5244197290562832,Q1_Train,0
50,177009.1814086084,13352.162028667826,6,0.4578235222071968,Q2_Train,0
38,163568.93530187017,39495.31790079438,14,0.4143665849552505,Q1_Train,0
27,164212.00901895878,58833.82430064514,10,0.23559840493972176,Q2_Train,0
63,22194.817051136764,11730.299476531487,1,0.03745333494058547,Q2_Train,0
26,23135.34371191733,6221.251697312218,8,0.1043601273110099,Q1_Train,0
36,20644.804746563754,8375.119561398265,13,0.2720646722019857,Q2_Train,0
22,105872.42032570677,6827.142676857742,8,0.1377375785802659,Q2_Train,0
28,50896.039690838516,20548.68279017778,12,0.09504193163944492,Q2_Train,0
27,49222.31792839378,11408.41628278082,3,0.2668165458009769,Q1_Train,0
34,123239.67910500296,35340.62609681494,12,0.31683061144199637,Q1_Train,0
43,34726.67224887624,13077.318503732982,4,0.27660687829296754,Q1_Train,0
48,23489.650964913875,9455.130047457467,11,0.2743219585979278,Q1_Train,0
49,72565.70219354899,37798.30059273311,11,0.12174085867123842,Q2_Train,0
38,54942.22766577662,29614.988784301837,9,0.42939387825373554,Q2_Train,0
35,61701.57895239657,67319.5571199664,12,0.36404924981214887,Q1_Train,0
35,22368.744477584365,6905.110888786576,1,0.53598354882216,Q2_Train,0
18,94651.64053306807,27865.67535240657,8,0.43522972756743467,Q1_Train,0
25,40393.658827298284,7526.698269494677,4,0.14804934221504595,Q2_Train,0
19,32961.45054149429,5599.69797191063,10,0.11252806269720085,Q2_Train,0
32,29239.539133662496,7018.093731565522,11,0.05148878218882909,Q2_Train,0
38,25300.077400544993,12926.09089294248,7,0.3935071635436558,Q1_Train,0
59,126582.75500547605,36611.90427522363,3,0.1125399165029313,Q1_Train,0
64,105962.24384320785,5830.71827691175,8,0.6067645612532044,Q2_Train,0
53,126968.88925873204,7364.881065834725,6,0.2760428987227283,Q1_Train,0
56,217992.84318102302,38813.717727340176,11,0.17075307556990824,Q1_Train,0
39,78341.82796317377,6515.051351796365,2,0.2042381817268666,Q1_Train,0
67,53191.89736196879,37867.66369439901,14,0.19163077782859142,Q1_Train,0
62,41771.86729074828,14069.124307744569,13,0.21355800395419103,Q1_Train,0
27,69232.02441431172,17773.894889358824,13,0.15497183301678955,Q1_Train,0
44,70516.44422066683,9789.442747786321,12,0.27095953796110894,Q2_Train,0
31,29701.995945448252,11596.360786766438,12,0.1761741214802382,Q2_Train,0
63,43395.854507414595,6213.211290365437,12,0.10203343338133958,Q1_Train,0
69,38740.91378772035,11546.983273879252,9,0.4467556686910189,Q2_Train,0
23,49275.153188934826,33420.79317953047,1,0.3049390978416522,Q1_Train,0
50,58610.41677397777,7288.169745494271,13,0.23910551190604556,Q2_Train,0
56,41852.480799242745,13990.449749577856,14,0.5977472823342201,Q1_Train,0
41,67476.31213019138,35431.961609622565,2,0.24306918693393298,Q1_Train,0
52,58647.057608282266,6383.648837835111,12,0.22289767882506176,Q1_Train,0
60,41227.14213399279,35415.07292477904,8,0.6332200217286273,Q2_Train,1
36,63927.87733816071,10991.491490555152,3,0.037279800723673415,Q1_Train,0
41,24907.48786178654,5470.274919172394,14,0.09195095000521762,Q2_Train,0
51,200935.0654783094,7255.638971987502,4,0.4054463779793234,Q2_Train,0
27,80430.18363675935,36830.01676392851,2,0.2605545186527159,Q1_Train,0
19,81553.17999909505,64302.94312882247,1,0.1672906786060247,Q2_Train,0
25,20955.855310538387,12555.60880041115,3,0.47715258623587253,Q1_Train,0
50,71466.51887276195,27471.537311959943,5,0.37038783506819273,Q2_Train,0
55,21691.285388446355,7778.9484227521525,3,0.4503463659526898,Q1_Train,0
27,30325.26817363903,8481.068585804844,8,0.6416705827691273,Q1_Train,0
62,28604.98619907376,10780.436411666346,13,0.2032342079275003,Q1_Train,0
26,136818.03049970514,12093.414060842215,1,0.25448563204098096,Q1_Train,0
27,59085.810537637095,19210.380597572803,9,0.20700868201966857,Q1_Train,0
38,25445.839437860133,15042.347725736114,3,0.2534287280357288,Q1_Train,0
38,35420.538811032755,13894.40157926196,3,0.052120921506251756,Q2_Train,0
20,55066.91565758642,13866.29265011894,2,0.3028027508555753,Q2_Train,0
22,139321.94745495863,8413.491786122702,1,0.06207768852879317,Q2_Train,0
42,24644.361240158854,23579.764862700667,4,0.3385416250958848,Q1_Train,0
25,41967.89363971162,5038.885065456557,5,0.6587236261681418,Q1_Train,0
34,47471.42102945148,17187.626225676504,13,0.3250722330512277,Q1_Train,0
49,38601.22990473757,40658.950669085,10,0.08019250441412615,Q1_Train,0
23,56561.402287745404,11657.336930563279,14,0.23655524660302296,Q2_Train,0
38,56476.97026795207,16173.386537791655,13,0.6429297060217861,Q2_Train,0
24,89984.79829236024,20868.524326989427,14,0.2831765281636459,Q2_Train,0
56,185483.97854260038,11435.14948040817,3,0.11014275096479492,Q2_Train,0
26,85174.4823171829,8145.028695899603,3,0.28445001656233815,Q1_Train,0
45,91842.5762014613,22752.86322691162,13,0.3884983334084072,Q2_Train,0
32,114938.21660942858,77268.32083012442,6,0.14452773384238743,Q2_Train,0
19,30432.259684825287,9193.137885014381,3,0.4192850261222539,Q1_Train,0
24,80819.60572512393,17129.712440839692,13,0.3523610708006439,Q2_Train,0
64,21695.44985377079,14096.715753292534,14,0.2652902032769773,Q2_Train,0
67,103833.13628976957,24792.015231050897,4,0.38666319868519805,Q2_Train,0
20,47332.58673053172,10162.558457305306,8,0.26114141079782865,Q2_Train,0
31,26098.276426574266,15691.125659295498,14,0.4770280714701038,Q1_Train,0
63,40900.48411240532,25286.177203272615,4,0.2988889429648436,Q1_Train,0
53,27181.15129831779,6763.596045717011,2,0.21117516044243412,Q2_Train,0
30,67675.80387346972,28053.914144787097,9,0.031823154499039115,Q2_Train,0
33,63147.44298167897,31190.946342999472,10,0.2831450702162376,Q1_Train,0
33,52146.112451167006,5288.696060670156,4,0.4682898995689139,Q2_Train,0
55,39538.829644351026,97633.47669539553,4,0.48341863532223583,Q1_Train,0
55,20487.66851286649,19335.877342755193,0,0.550833778112301,Q1_Train,0
55,43760.72253002497,37470.34436778026,0,0.20478211506346572,Q2_Train,0
56,104085.0403894532,5637.712493270785,14,0.38336174391629296,Q1_Train,0
58,48514.49587865663,7327.4744116164175,10,0.2916604866486045,Q1_Train,0
43,32198.2710842053,17061.192844003668,9,0.424664237929966,Q1_Train,0
61,71265.91656244494,22051.52439746806,9,0.12500520582312585,Q1_Train,0
21,55858.73007511456,12648.835596518376,9,0.22199021777973774,Q2_Train,1
39,67841.65133515425,12410.601443211792,12,0.40408225357526156,Q2_Train,0
68,60439.33318847267,11733.920911077017,13,0.5288603063596649,Q2_Train,0
54,77305.66023766142,33956.431447030845,8,0.2859865052595794,Q2_Train,0
66,103430.50920596153,33945.437459758265,0,0.3003210977422246,Q1_Train,0
36,99786.78272857265,30975.88167148254,3,0.36997028901261264,Q1_Train,0
18,30564.77366932103,7044.723866346683,12,0.15928229424087298,Q2_Train,0
46,36253.03762549621,6032.098836950114,13,0.037052876230915105,Q2_Train,0
58,99448.24545571522,6835.394351147925,10,0.2409830697105697,Q2_Train,0
24,47619.396481070136,6488.85945647227,14,0.16632745460515558,Q1_Train,0
30,119121.52932544482,22592.204613643637,6,0.2978947598219181,Q2_Train,0
21,51809.04959653859,34837.216992340946,12,0.1617958270325084,Q1_Train,0
25,113744.61787431262,12512.487429251101,10,0.29398543534885707,Q1_Train,0
48,44706.05798715091,29851.72084401847,1,0.014157038206739983,Q1_Train,0
62,54241.657420996395,23951.657746819914,7,0.5090034799101588,Q2_Train,0
60,25416.029130690593,33379.037880577496,1,0.19967644352159747,Q2_Train,0
57,21679.339113455422,15393.330013807448,9,0.38090247530319093,Q1_Train,0
50,34717.503313606736,11637.948030546642,0,0.471447068832688,Q2_Train,0
62,31230.778821310676,62848.764393958205,10,0.14155449627242422,Q1_Train,0
22,20561.11461217889,13364.653302558634,1,0.28575705104501836,Q1_Train,0
34,81335.04342783464,10771.068229489447,14,0.46376998828762434,Q2_Train,0
62,71545.30876671881,38330.011691644315,5,0.3867413038374754,Q1_Train,0
26,55399.54369362675,5899.029211403255,13,0.2512953009298052,Q1_Train,0
19,32360.38914651388,15699.837151452164,4,0.2698812926136997,Q1_Train,0
49,36399.26200172167,13180.58020881638,13,0.04155677579155285,Q1_Train,0
68,39114.87828643176,12491.063630393282,4,0.15771066982118165,Q2_Train,0
66,142143.4021153302,16388.86107933684,3,0.06930060923661252,Q1_Train,0
47,60674.701122412574,17246.101307952827,11,0.2209285152221786,Q2_Train,0
20,51521.88789178148,11395.213691665052,10,0.4802842494795622,Q1_Train,0
68,77508.01715026292,9176.43846962773,8,0.2532065394562766,Q1_Train,0
26,26637.830424040458,28178.058484375466,12,0.09070277502247216,Q2_Train,0
27,73951.90274932297,13720.319345668058,11,0.1234349223504686,Q2_Train,0
63,66936.05919837038,67527.2899121735,11,0.2905281779459924,Q2_Train,0
67,57881.47321448272,16504.106439734627,0,0.3919477233026353,Q1_Train,0
47,63984.076928028706,18060.30839196912,6,0.2793128799892554,Q1_Train,0
55,20319.91252435788,6675.258387981139,8,0.2761941191531536,Q1_Train,0
23,26238.16778091858,15411.121598331429,12,0.5841746943598681,Q2_Train,0
35,46090.08341897365,10488.07016736464,4,0.14809182743426272,Q2_Train,0
20,40635.286952341776,10169.450771785108,14,0.09435756238894769,Q1_Train,0
34,21351.563963049924,16708.629490306528,8,0.4650774139541798,Q1_Train,0
65,26775.66102972486,8325.168243412674,12,0.1019400383341742,Q2_Train,0
25,50326.17186395996,29483.974896799307,14,0.6511769142355353,Q1_Train,0
66,134232.30861297826,25963.8967685487,11,0.022440299297470764,Q1_Train,0
57,53724.281928276534,10174.890428907955,9,0.33788555031759926,Q1_Train,0
34,50172.40556421832,6872.5006559225785,2,0.4395881397734373,Q2_Train,0
42,97456.99495541806,7923.25996727427,9,0.5419296826106849,Q1_Train,0
58,35587.13283133346,19370.549438910235,9,0.34126502042279494,Q2_Train,0
29,24994.81520810447,7438.488581469104,1,0.7344697489420965,Q2_Train,0
46,31759.074644307017,10787.705674806293,12,0.2319299188486542,Q1_Train,0
42,98343.07376027269,32413.788997831874,9,0.39811689386482385,Q2_Train,0
68,76512.5670835484,6279.662056434078,3,0.05951343400083249,Q1_Train,0
53,24799.845801655963,18054.748421226766,11,0.2675102790060998,Q2_Train,0
28,22299.838656149208,15682.958980626729,2,0.2675755918073443,Q1_Train,0
63,54760.611466661176,5853.670405039904,0,0.31172314361249953,Q1_Train,0
55,57557.76062949332,8476.4686251566,4,0.266723097121792,Q2_Train,0
19,60710.68853374115,9869.83469050523,9,0.04456539208453416,Q2_Train,0
27,26730.615846882978,12602.515435516107,4,0.382838692041151,Q2_Train,0
24,77400.4743662236,21401.693482254508,0,0.25263180213855596,Q1_Train,0
33,44594.750589355375,14393.003516731475,0,0.17010086220885376,Q2_Train,0
58,80906.47356261773,5279.366999229259,11,0.05748304932148979,Q2_Train,0
21,35069.178914792,19769.47783860356,12,0.11065585106687151,Q2_Train,0
46,61134.366934118574,19460.408202471066,10,0.6577199086058193,Q1_Train,0
18,100736.9733776627,26559.61267561377,2,0.10659621283203972,Q2_Train,0
56,47938.899637131704,36495.1108093575,14,0.31322769963984354,Q2_Train,0
68,20007.28891161916,12995.38195519059,11,0.06275181912617579,Q2_Train,0
57,66422.76546285351,5958.874317447172,2,0.4066669544625136,Q2_Train,0
20,20492.769941443043,12948.799565362215,3,0.25862011054774053,Q2_Train,0
18,82576.69279330128,8722.416645390005,14,0.21653627158131267,Q1_Train,0
18,33388.90073905768,29545.751384343097,8,0.5126254143021612,Q2_Train,0
56,43900.27811622968,21018.337631725008,12,0.28103493066325386,Q1_Train,0
38,43937.0859113529,27827.62279442879,12,0.32705301452174856,Q1_Train,1
62,113677.47108922993,18465.101433275522,2,0.031102744728614153,Q1_Train,0
47,25384.425661182555,18667.200991950784,7,0.5013397364991236,Q2_Train,0
50,218846.29083010746,21621.832356976072,5,0.29466209516002206,Q1_Train,0
65,21131.938152504452,7331.74919512325,0,0.5305342229916379,Q1_Train,0
47,20928.81015920915,7975.805230620619,10,0.2956239498996296,Q1_Train,1
63,111989.57545692066,49791.590865627084,6,0.21580084689431306,Q2_Train,0
32,38406.658121653,12286.092541696617,10,0.12421119197468618,Q1_Train,0
27,45140.975470595964,14437.551045052875,7,0.24547413737633547,Q2_Train,0
52,80529.87701973035,6404.855143028382,5,0.029394095079534062,Q1_Train,0
69,335007.2189758601,6903.457620869663,2,0.12686112303017183,Q1_Train,0
46,70402.09698453303,29115.586822341225,4,0.30049769945423604,Q1_Train,0
18,92621.18340594285,7721.057308125301,13,0.33350297690906255,Q1_Train,0
35,56331.79362371878,7242.359065931759,13,0.45835514047741843,Q2_Train,0
64,39885.88803883475,6901.110628241468,2,0.23936641388125118,Q1_Train,0
19,25992.082923329497,26163.629329460153,3,0.2072936899782345,Q1_Train,0
43,45917.211189143636,19501.853436816928,6,0.45502033285467697,Q2_Train,0
43,22694.462670157616,32918.0132206406,11,0.339731711723717,Q2_Train,0
26,69454.16512508097,9796.292762955542,8,0.28677684509081314,Q1_Train,0
38,68227.70766574005,10660.190386672431,12,0.11560214556196333,Q2_Train,0
48,189683.05045018933,19390.78046124021,4,0.1602322573024191,Q1_Train,0
60,47146.01188153325,5403.12054919786,1,0.4885388010407026,Q2_Train,0
23,45845.3390245741,40662.04462343183,2,0.39315856024849155,Q2_Train,0
50,46267.30312887537,7121.089139992408,14,0.15343610445299563,Q2_Train,0
24,49238.33445967217,5155.6438178490325,0,0.177287603584043,Q2_Train,1
41,34540.65071639814,26990.76628707098,8,0.13487318777485244,Q1_Train,0
26,20058.441461944265,39976.97687379543,13,0.07448775289306026,Q2_Train,0
65,77363.17908069355,15842.305270156254,3,0.16327418194255272,Q1_Train,0
19,52028.32739336451,20647.784762865074,3,0.15888834551061518,Q1_Train,0
32,37646.839362340965,25953.194521776084,7,0.5685394296006012,Q2_Train,0
53,112416.28472082113,16003.762114891477,8,0.3329400912490426,Q2_Train,0
45,29550.236619497984,49892.160320423485,10,0.08284465385502583,Q2_Train,0
56,79374.9197571068,42561.65373413492,3,0.30261284350117523,Q1_Train,0
61,184848.1891631523,25813.758643056426,14,0.3958655533882092,Q1_Train,0
21,72578.56898215899,36423.16775123899,12,0.23267146251799295,Q1_Train,0
27,41614.13613517814,25533.987305315426,7,0.1649031379612213,Q2_Train,0
23,70522.70377492384,24120.34051228575,12,0.43657354614204363,Q2_Train,0
47,78305.92883497821,8644.632693297877,1,0.24711056545944243,Q2_Train,0
52,25490.23831116165,42165.188813755376,1,0.39723093079538047,Q2_Train,0
66,66654.02821872014,25803.05531020054,4,0.47929815830738703,Q1_Train,0
60,101009.98074848679,18922.51845604976,8,0.08877430161975244,Q1_Train,0
59,80263.51131098148,11394.042172134334,3,0.14509242838740846,Q2_Train,0
59,21422.196006234564,6011.8834986967695,7,0.08541535089167653,Q1_Train,0
20,195037.53914443037,9103.758120589508,4,0.38479624837707993,Q2_Train,0
43,20632.203091528598,12395.597861810053,8,0.24900799667365622,Q2_Train,0
32,42220.300028564845,90560.19065599843,8,0.44890818412174305,Q2_Train,0
34,23973.960193127677,26414.047315402106,1,0.1902413353086197,Q2_Train,0
68,86014.83238053764,11639.12348205215,10,0.6396335874004812,Q1_Train,0
36,53313.39112163267,19044.07767642311,7,0.30086561830858893,Q2_Train,0
41,41425.14886529259,25254.352069345685,9,0.28355616568859415,Q1_Train,0
22,24503.301904982036,7262.92201768308,6,0.0756458879247485,Q1_Train,0
44,70958.06541532296,43447.1517393424,3,0.05159598325922135,Q1_Train,0
65,54333.5764997167,8987.255662507388,10,0.5586862177631767,Q1_Train,0
32,59257.829635207694,46757.16086930806,14,0.18203694029763703,Q2_Train,0
64,22783.176310846357,66726.85113327752,6,0.52508275393881,Q1_Train,0
55,55844.024791956304,14063.310785345268,11,0.504668838389694,Q2_Train,0
51,38361.1297481544,45521.593450921726,11,0.3164755886968082,Q1_Train,0
44,84277.79047060572,5385.810405332683,5,0.12559477538996458,Q1_Train,0
37,88432.94727990704,11011.852948217203,7,0.16773494848975917,Q1_Train,0
49,64983.008323813425,15753.744116887758,2,0.2714786916331851,Q2_Train,0
25,90272.24747289426,14210.71138200861,8,0.16032754453020884,Q2_Train,0
24,68133.25190930156,9620.598680591516,12,0.6036907312624953,Q1_Train,0
39,44610.01953136687,9657.37490006109,8,0.17380534226950817,Q1_Train,0
47,68252.54995409706,22578.840979762972,6,0.19370354767122208,Q2_Train,0
54,67935.67336575677,44777.90348561124,3,0.5100082418605969,Q2_Train,0
20,38847.54335405761,97086.44301556685,14,0.2699504183929401,Q2_Train,0
40,72534.79687489566,15490.602947917467,12,0.13487336894073781,Q1_Train,0
22,72824.5253697602,7627.254653972388,10,0.09334955444052186,Q1_Train,0
35,26258.545113923752,42267.616966509784,6,0.26575653025162843,Q2_Train,0
42,68861.55206461689,6592.289475768542,9,0.12576198074842593,Q1_Train,0
48,75588.15853040884,5021.021691943087,13,0.25179392936766165,Q1_Train,0
19,34813.46368948427,6302.724824913916,10,0.2561468840932907,Q1_Train,0
25,21223.61316410103,17172.030122559812,0,0.314049998086576,Q2_Train,0
25,53849.857179532235,17548.630835807904,10,0.3095907973045737,Q1_Train,0
21,57149.02737304788,6031.5208494932795,4,0.1380127572356453,Q2_Train,0
36,89295.96602844806,14014.831923671985,4,0.33486533941796154,Q2_Train,0
35,31882.608317068007,14332.807472341316,1,0.3147167736935276,Q1_Train,0
46,110485.30965122643,14852.402156622598,6,0.1346603935808782,Q1_Train,0
40,27031.42011809526,25397.49666330598,2,0.22688442278643556,Q2_Train,0
64,38306.077487216695,5840.516934153461,10,0.18102854216118838,Q1_Train,0
61,37468.80666682869,37387.45959422692,6,0.4198496591442223,Q1_Train,0
